player_id,player_name,season,age,team,teams_played,multi_team,pos,g,gs,mp,mpg,fg_p100,fga_p100,fg_pct,fg3_p100,fg3a_p100,fg3_pct,fg2_p100,fg2a_p100,fg2_pct,efg_pct,ft_p100,fta_p100,ft_pct,orb_p100,drb_p100,trb_p100,ast_p100,stl_p100,blk_p100,tov_p100,pf_p100,pts_p100,ortg,drtg,per,ts_pct,fg3a_rate,ft_rate,orb_pct,drb_pct,trb_pct,ast_pct,stl_pct,blk_pct,tov_pct,usg_pct,ows,dws,ws,ws48,obpm,dbpm,bpm,vorp
derozde01,DeMar DeRozan,2023-24,34.0,CHI,CHI,False,SF,79.0,79.0,2989.0,37.84,10.8,22.6,0.48,1.3,3.8,0.333,9.6,18.8,0.509,0.507,8.7,10.2,0.853,0.7,5.0,5.7,7.0,1.5,0.8,2.3,2.7,31.6,122.0,118.0,19.7,0.584,0.166,0.452,1.6,11.3,6.4,21.8,1.5,1.5,7.7,25.8,7.0,2.2,9.2,0.147,2.1,-0.3,1.8,2.8
sabondo01,Domantas Sabonis,2023-24,27.0,SAC,SAC,False,C,82.0,82.0,2928.0,35.71,10.5,17.7,0.594,0.5,1.4,0.379,10.0,16.3,0.613,0.609,4.8,6.9,0.704,4.9,13.7,18.6,11.2,1.2,0.8,4.5,4.1,26.4,127.0,112.0,23.2,0.637,0.081,0.389,11.0,32.3,21.4,33.9,1.2,1.5,17.9,22.2,8.6,4.0,12.6,0.206,4.0,2.4,6.5,6.2
whiteco01,Coby White,2023-24,23.0,CHI,CHI,False,PG,79.0,78.0,2881.0,36.47,9.4,20.9,0.447,3.6,9.6,0.376,5.7,11.3,0.508,0.534,3.8,4.5,0.838,0.8,5.4,6.2,7.0,0.9,0.3,2.9,3.2,26.1,115.0,120.0,14.5,0.57,0.46,0.215,1.7,12.4,6.9,20.8,0.9,0.6,11.1,22.7,3.1,1.6,4.7,0.078,0.7,-1.3,-0.7,0.9
bridgmi01,Mikal Bridges,2023-24,27.0,BRK,BRK,False,SF,82.0,82.0,2854.0,34.8,9.8,22.5,0.436,3.8,10.3,0.372,6.0,12.2,0.49,0.521,4.5,5.5,0.814,1.2,5.3,6.5,5.2,1.4,0.5,2.8,2.0,27.9,112.0,118.0,14.9,0.56,0.457,0.245,2.5,12.0,7.1,16.3,1.4,0.9,10.3,24.3,2.1,2.1,4.2,0.07,0.7,-1.0,-0.4,1.2
banchpa01,Paolo Banchero,2023-24,21.0,ORL,ORL,False,PF,80.0,80.0,2799.0,34.99,11.3,24.9,0.455,2.1,6.2,0.339,9.2,18.7,0.493,0.497,7.2,9.9,0.725,1.5,8.3,9.8,7.6,1.3,0.8,4.4,2.7,31.9,109.0,112.0,17.3,0.546,0.249,0.397,3.4,20.0,11.6,25.2,1.3,1.6,13.0,29.7,1.3,4.0,5.3,0.09,1.3,0.0,1.3,2.3
duranke01,Kevin Durant,2023-24,35.0,PHO,PHO,False,PF,75.0,75.0,2791.0,37.21,13.1,25.1,0.523,2.9,7.1,0.413,10.2,18.0,0.567,0.581,6.3,7.4,0.856,0.7,7.9,8.7,6.6,1.2,1.6,4.3,2.3,35.5,118.0,114.0,21.2,0.626,0.283,0.295,1.7,17.5,10.0,22.2,1.2,2.9,13.1,29.0,5.1,3.2,8.3,0.142,4.0,0.1,4.0,4.3
murrade01,Dejounte Murray,2023-24,27.0,ATL,ATL,False,SG,78.0,78.0,2783.0,35.68,11.6,25.2,0.459,3.5,9.5,0.363,8.1,15.7,0.518,0.528,3.6,4.5,0.794,1.1,6.1,7.2,8.7,1.9,0.4,3.5,2.4,30.2,114.0,119.0,17.7,0.555,0.379,0.179,2.3,14.4,8.1,27.9,1.9,0.8,11.3,26.6,3.3,1.6,4.9,0.084,2.3,-0.6,1.7,2.6
edwaran01,Anthony Edwards,2023-24,22.0,MIN,MIN,False,SG,79.0,78.0,2770.0,35.06,12.8,27.8,0.461,3.4,9.5,0.357,9.4,18.3,0.515,0.522,7.5,9.0,0.836,0.9,6.7,7.7,7.2,1.8,0.7,4.3,2.5,36.6,112.0,110.0,19.7,0.575,0.341,0.325,2.2,14.8,8.8,24.6,1.8,1.3,11.9,32.3,2.9,4.7,7.5,0.13,2.7,0.5,3.3,3.7
jokicni01,Nikola Jokić,2023-24,28.0,DEN,DEN,False,C,79.0,79.0,2737.0,34.65,14.9,25.6,0.583,1.5,4.2,0.359,13.4,21.4,0.626,0.612,6.5,7.9,0.817,4.0,13.6,17.7,12.8,2.0,1.2,4.3,3.5,37.8,131.0,108.0,31.0,0.65,0.164,0.31,9.3,29.6,19.8,42.0,2.0,2.1,12.9,29.3,12.0,5.1,17.0,0.299,9.0,4.2,13.2,10.6
brunsja01,Jalen Brunson,2023-24,27.0,NYK,NYK,False,PG,77.0,77.0,2726.0,35.4,14.6,30.5,0.479,3.9,9.7,0.401,10.7,20.8,0.516,0.543,7.8,9.2,0.847,0.8,4.3,5.1,9.6,1.3,0.2,3.4,2.7,40.9,124.0,117.0,23.4,0.592,0.319,0.302,1.8,9.7,5.7,33.5,1.3,0.4,9.1,32.5,8.8,2.4,11.2,0.198,6.3,-0.4,5.8,5.4
hartjo01,Josh Hart,2023-24,28.0,NYK,NYK,False,SF,81.0,42.0,2707.0,33.42,5.5,12.6,0.434,1.5,4.8,0.31,4.0,7.8,0.511,0.493,1.7,2.1,0.791,2.4,10.2,12.6,6.2,1.4,0.4,2.2,3.2,14.2,115.0,113.0,11.8,0.522,0.38,0.169,5.3,22.8,14.0,16.3,1.4,0.8,13.9,13.5,2.0,3.6,5.7,0.1,-1.3,1.4,0.0,1.4
davisan02,Anthony Davis,2023-24,30.0,LAL,LAL,False,C,76.0,76.0,2700.0,35.53,12.6,22.6,0.556,0.5,1.9,0.271,12.0,20.7,0.582,0.567,7.4,9.1,0.816,4.2,12.7,16.9,4.7,1.6,3.1,2.8,3.1,33.0,124.0,109.0,25.8,0.621,0.083,0.402,10.4,28.3,19.8,15.5,1.6,5.7,9.5,26.7,7.2,4.7,11.8,0.21,3.5,1.7,5.1,4.9
vanvlfr01,Fred VanVleet,2023-24,29.0,HOU,HOU,False,PG,73.0,73.0,2684.0,36.77,7.6,18.4,0.416,4.1,10.6,0.387,3.5,7.8,0.454,0.527,3.6,4.1,0.86,0.6,4.4,5.0,10.6,1.8,1.1,2.3,3.3,22.9,123.0,114.0,16.7,0.568,0.576,0.225,1.3,9.9,5.6,31.1,1.8,2.0,10.1,19.7,5.3,3.1,8.4,0.15,2.6,0.8,3.4,3.6
foxde01,De'Aaron Fox,2023-24,26.0,SAC,SAC,False,PG,74.0,74.0,2659.0,35.93,13.2,28.3,0.465,3.9,10.6,0.369,9.2,17.7,0.522,0.534,5.7,7.7,0.738,1.2,5.0,6.2,7.6,2.7,0.6,3.5,3.5,35.9,113.0,114.0,20.1,0.567,0.374,0.273,2.8,11.8,7.2,25.2,2.7,1.1,10.1,31.0,3.3,3.2,6.5,0.117,2.6,0.1,2.7,3.2
siakapa01,Pascal Siakam,2023-24,29.0,,2TM,True,PF,80.0,80.0,2657.0,33.21,12.2,22.8,0.536,1.5,4.4,0.346,10.7,18.4,0.581,0.569,5.2,7.1,0.732,2.5,7.7,10.2,6.1,1.1,0.4,2.5,3.5,31.2,121.0,119.0,19.7,0.601,0.194,0.312,5.8,18.1,11.9,19.4,1.1,0.8,8.9,25.3,5.4,1.5,6.9,0.124,2.6,-0.7,1.9,2.7
tatumja01,Jayson Tatum,2023-24,25.0,BOS,BOS,False,PF,74.0,74.0,2645.0,35.74,12.6,26.6,0.471,4.3,11.4,0.376,8.3,15.3,0.542,0.552,7.7,9.3,0.833,1.3,10.0,11.2,6.8,1.4,0.8,3.5,2.7,37.1,121.0,111.0,22.3,0.604,0.427,0.349,2.9,20.9,12.3,21.0,1.4,1.4,10.3,30.2,6.4,4.1,10.4,0.189,4.5,0.6,5.1,4.7
reaveau01,Austin Reaves,2023-24,25.0,LAL,LAL,False,SG,82.0,57.0,2629.0,32.06,8.3,17.0,0.486,2.8,7.6,0.367,5.5,9.4,0.583,0.568,4.2,4.9,0.853,1.0,5.3,6.4,8.1,1.2,0.5,3.1,2.8,23.5,119.0,118.0,15.5,0.613,0.447,0.289,2.5,11.9,7.4,23.5,1.2,0.8,14.1,20.3,3.9,2.0,5.9,0.108,0.9,-0.4,0.4,1.6
maxeyty01,Tyrese Maxey,2023-24,23.0,PHI,PHI,False,PG,70.0,70.0,2626.0,37.51,12.0,26.6,0.45,4.0,10.7,0.373,8.0,15.9,0.501,0.524,6.1,7.1,0.868,0.7,4.2,4.8,8.1,1.3,0.6,2.2,2.8,34.0,121.0,117.0,19.8,0.573,0.401,0.266,1.5,9.5,5.4,26.7,1.3,1.1,6.8,28.0,5.9,2.1,8.1,0.147,4.1,-1.0,3.1,3.4
doncilu01,Luka Dončić,2023-24,24.0,DAL,DAL,False,PG,70.0,70.0,2624.0,37.49,14.7,30.2,0.487,5.2,13.6,0.382,9.5,16.6,0.573,0.573,8.7,11.1,0.786,1.1,10.8,11.8,12.5,1.8,0.7,5.2,2.7,43.3,122.0,113.0,28.1,0.617,0.45,0.368,2.5,24.4,13.5,44.3,1.8,1.3,12.8,36.0,8.5,3.5,12.0,0.22,8.3,1.7,9.9,8.0
vucevni01,Nikola Vučević,2023-24,33.0,CHI,CHI,False,C,76.0,74.0,2610.0,34.34,11.2,23.1,0.484,1.8,6.0,0.294,9.4,17.2,0.55,0.522,2.0,2.5,0.822,4.0,11.3,15.3,4.9,1.0,1.1,2.3,3.6,26.2,114.0,115.0,17.7,0.54,0.258,0.107,8.8,25.8,17.1,15.2,1.0,2.4,8.6,23.3,2.7,2.8,5.4,0.1,0.8,-0.7,0.1,1.4
greenja05,Jalen Green,2023-24,21.0,HOU,HOU,False,SG,82.0,82.0,2601.0,31.72,10.5,24.8,0.423,3.7,11.3,0.332,6.8,13.6,0.498,0.498,5.3,6.6,0.804,0.8,7.1,7.9,5.4,1.2,0.5,3.6,2.1,30.0,107.0,115.0,14.7,0.541,0.454,0.264,1.7,15.9,8.7,17.3,1.2,1.0,11.4,27.4,0.2,2.9,3.1,0.056,0.4,-0.9,-0.5,1.0
goberru01,Rudy Gobert,2023-24,31.0,MIN,MIN,False,C,76.0,76.0,2593.0,34.12,7.7,11.7,0.661,0.0,0.1,0.0,7.7,11.6,0.664,0.661,4.7,7.4,0.638,5.4,13.3,18.7,1.9,1.0,3.1,2.2,4.5,20.2,131.0,104.0,19.3,0.675,0.005,0.635,13.1,29.2,21.5,5.6,1.0,5.5,13.1,15.4,5.8,5.8,11.6,0.216,0.1,1.7,1.8,2.5
murrake02,Keegan Murray,2023-24,23.0,SAC,SAC,False,SF,77.0,77.0,2588.0,33.61,8.3,18.3,0.454,3.4,9.6,0.358,4.9,8.7,0.56,0.548,1.9,2.3,0.831,2.0,5.9,7.9,2.4,1.5,1.1,1.2,3.8,22.0,117.0,116.0,13.3,0.569,0.524,0.127,4.5,13.9,9.1,6.9,1.5,2.1,5.9,18.1,2.6,2.6,5.2,0.096,-0.4,-0.5,-0.9,0.8
bridgmi02,Miles Bridges,2023-24,25.0,CHO,CHO,False,SF,69.0,67.0,2581.0,37.41,10.7,23.1,0.462,3.0,8.6,0.349,7.7,14.5,0.529,0.527,3.3,4.0,0.825,1.4,8.3,9.7,4.4,1.2,0.6,2.6,2.3,27.7,108.0,120.0,15.4,0.556,0.372,0.174,3.0,19.5,11.0,14.6,1.2,1.2,9.6,24.7,0.7,1.4,2.2,0.04,0.2,-1.3,-1.1,0.6
lillada01,Damian Lillard,2023-24,33.0,MIL,MIL,False,PG,73.0,73.0,2579.0,35.33,10.1,23.8,0.424,4.1,11.6,0.354,6.0,12.2,0.49,0.51,8.8,9.6,0.92,0.7,5.3,6.0,9.5,1.3,0.3,3.6,2.5,33.1,120.0,118.0,19.6,0.59,0.487,0.403,1.6,11.8,6.8,28.8,1.3,0.6,11.4,28.4,5.8,1.9,7.7,0.143,3.4,-1.3,2.1,2.7
antetgi01,Giannis Antetokounmpo,2023-24,29.0,MIL,MIL,False,PF,73.0,73.0,2567.0,35.16,15.7,25.6,0.611,0.6,2.3,0.274,15.0,23.3,0.645,0.624,9.6,14.6,0.657,3.7,12.1,15.7,8.9,1.6,1.5,4.7,3.9,41.6,126.0,112.0,29.9,0.649,0.091,0.571,8.6,27.0,17.9,32.7,1.6,2.6,12.7,33.0,9.5,3.7,13.2,0.246,6.7,2.4,9.0,7.2
portemi01,Michael Porter Jr.,2023-24,25.0,DEN,DEN,False,SF,81.0,81.0,2565.0,31.67,10.1,20.9,0.484,4.3,10.7,0.397,5.8,10.1,0.575,0.586,1.8,2.1,0.836,2.0,8.9,10.9,2.4,0.8,1.0,1.8,2.9,26.2,117.0,114.0,15.5,0.601,0.513,0.102,4.7,19.3,12.2,6.7,0.8,1.8,7.5,20.7,3.1,3.1,6.2,0.115,1.2,-1.2,0.1,1.3
gilgesh01,Shai Gilgeous-Alexander,2023-24,25.0,OKC,OKC,False,PG,75.0,75.0,2553.0,34.04,15.0,28.0,0.535,1.8,5.1,0.353,13.2,22.9,0.576,0.567,10.7,12.2,0.874,1.2,6.6,7.8,8.8,2.8,1.3,3.1,3.5,42.4,129.0,110.0,29.3,0.636,0.181,0.436,3.0,14.7,9.1,29.8,2.8,2.4,8.4,32.8,10.5,4.2,14.6,0.275,6.7,2.3,9.0,7.1
allengr01,Grayson Allen,2023-24,28.0,PHO,PHO,False,SG,75.0,74.0,2513.0,33.51,6.6,13.3,0.499,4.0,8.6,0.461,2.6,4.6,0.57,0.649,2.5,2.9,0.878,0.9,4.8,5.7,4.4,1.3,0.9,1.8,3.1,19.7,130.0,117.0,13.8,0.679,0.652,0.216,2.3,10.6,6.6,12.1,1.3,1.6,11.3,14.5,4.7,2.2,6.9,0.132,1.1,0.1,1.3,2.0
jamesle01,LeBron James,2023-24,39.0,LAL,LAL,False,PF,71.0,71.0,2504.0,35.27,13.0,24.1,0.54,2.8,6.9,0.41,10.2,17.2,0.592,0.599,5.8,7.7,0.75,1.2,8.7,9.8,11.2,1.7,0.7,4.7,1.5,34.6,120.0,114.0,23.7,0.63,0.286,0.318,2.8,19.3,11.5,37.5,1.7,1.3,14.5,29.2,5.7,2.8,8.5,0.164,5.5,0.9,6.5,5.4
georgpa01,Paul George,2023-24,33.0,LAC,LAC,False,PF,74.0,74.0,2502.0,33.81,11.5,24.4,0.471,4.8,11.6,0.413,6.7,12.8,0.523,0.569,5.2,5.7,0.907,0.7,6.9,7.7,5.2,2.2,0.7,3.0,4.0,33.0,119.0,114.0,19.3,0.613,0.476,0.235,1.7,15.3,8.8,16.1,2.2,1.3,10.1,26.6,4.4,2.8,7.3,0.14,2.9,0.2,3.2,3.3
schrode01,Dennis Schröder,2023-24,30.0,,2TM,True,PG,80.0,58.0,2486.0,31.07,7.9,18.2,0.435,2.7,7.2,0.375,5.2,11.0,0.474,0.509,3.5,4.2,0.836,0.8,4.0,4.7,9.6,1.2,0.3,3.0,3.2,22.0,114.0,121.0,13.3,0.55,0.397,0.23,1.7,9.2,5.3,28.0,1.2,0.6,13.0,20.3,2.3,1.0,3.3,0.063,-0.5,-1.3,-1.8,0.1
russeda01,D'Angelo Russell,2023-24,27.0,LAL,LAL,False,PG,76.0,69.0,2484.0,32.68,9.4,20.7,0.456,4.3,10.4,0.415,5.1,10.2,0.497,0.56,3.0,3.7,0.828,0.5,4.0,4.5,9.2,1.3,0.7,3.0,3.0,26.2,116.0,118.0,16.0,0.588,0.505,0.178,1.3,8.9,5.3,27.6,1.3,1.3,11.8,23.0,3.3,1.8,5.1,0.099,1.7,-0.8,0.9,1.8
hardeja01,James Harden,2023-24,34.0,LAC,LAC,False,PG,72.0,72.0,2470.0,34.31,7.0,16.4,0.428,3.7,9.8,0.381,3.3,6.7,0.497,0.541,6.0,6.9,0.878,0.7,6.7,7.4,12.3,1.5,1.1,3.7,2.5,23.8,125.0,116.0,18.6,0.612,0.594,0.418,1.6,14.8,8.4,33.6,1.5,2.1,16.0,20.6,5.9,2.5,8.4,0.163,3.8,0.3,4.1,3.8
bookede01,Devin Booker,2023-24,27.0,PHO,PHO,False,PG,68.0,68.0,2447.0,35.99,12.8,26.0,0.492,3.0,8.3,0.364,9.8,17.7,0.552,0.55,8.1,9.1,0.886,1.1,5.0,6.1,9.4,1.2,0.6,3.6,4.1,36.7,124.0,117.0,21.9,0.611,0.32,0.35,2.7,11.1,7.1,31.2,1.2,1.0,10.6,29.8,7.2,2.0,9.2,0.181,4.0,-1.0,3.0,3.1
allenja01,Jarrett Allen,2023-24,25.0,CLE,CLE,False,C,77.0,77.0,2442.0,31.71,10.5,16.6,0.634,0.0,0.1,0.0,10.5,16.4,0.638,0.634,4.7,6.4,0.742,4.9,11.5,16.4,4.2,1.1,1.6,2.4,3.0,25.7,131.0,110.0,21.8,0.664,0.007,0.383,11.3,25.8,18.7,13.2,1.1,3.0,11.2,19.4,6.8,3.9,10.7,0.21,2.1,0.9,3.0,3.1
smithja05,Jabari Smith Jr.,2023-24,20.0,HOU,HOU,False,PF,76.0,76.0,2424.0,31.89,7.6,16.7,0.454,2.8,7.6,0.363,4.8,9.1,0.53,0.537,3.0,3.7,0.811,2.8,9.5,12.3,2.4,1.0,1.2,1.8,4.0,20.9,116.0,113.0,13.8,0.571,0.456,0.222,6.1,21.3,13.6,7.1,1.0,2.3,8.9,17.6,2.4,3.2,5.6,0.111,-0.5,0.1,-0.4,1.0
curryst01,Stephen Curry,2023-24,35.0,GSW,GSW,False,PG,74.0,74.0,2421.0,32.72,13.0,28.9,0.45,7.1,17.5,0.408,5.9,11.4,0.515,0.573,6.0,6.5,0.923,0.7,5.9,6.6,7.6,1.1,0.6,4.2,2.3,39.1,119.0,117.0,20.6,0.616,0.606,0.224,1.7,12.9,7.4,24.7,1.1,1.0,11.7,31.3,5.2,2.0,7.2,0.142,6.3,-1.1,5.2,4.4
adebaba01,Bam Adebayo,2023-24,26.0,MIA,MIA,False,C,71.0,71.0,2416.0,34.03,10.9,21.0,0.521,0.3,0.9,0.357,10.6,20.1,0.528,0.529,6.0,8.0,0.755,3.3,11.9,15.2,5.7,1.7,1.4,3.3,3.3,28.2,115.0,109.0,19.8,0.576,0.041,0.381,7.4,27.3,17.3,18.9,1.7,2.7,12.0,24.9,2.9,4.3,7.2,0.144,0.8,1.7,2.4,2.7
holmgch01,Chet Holmgren,2023-24,21.0,OKC,OKC,False,C,82.0,82.0,2413.0,29.43,10.1,19.0,0.53,2.6,7.0,0.37,7.5,12.0,0.623,0.598,4.3,5.5,0.793,2.6,10.3,12.9,4.0,1.1,3.8,2.6,3.9,27.0,122.0,108.0,20.4,0.632,0.366,0.289,6.2,23.1,15.0,11.6,1.1,7.3,10.9,21.6,4.6,4.4,8.9,0.178,1.8,1.5,3.4,3.3
lopezbr01,Brook Lopez,2023-24,35.0,MIL,MIL,False,C,79.0,79.0,2411.0,30.52,7.3,15.0,0.485,2.9,8.1,0.366,4.3,7.0,0.621,0.583,2.2,2.7,0.821,2.3,5.8,8.2,2.5,0.9,3.8,1.6,3.8,19.7,121.0,114.0,14.8,0.608,0.535,0.177,5.4,13.0,9.3,7.1,0.9,6.7,8.8,16.0,3.1,2.8,5.9,0.117,0.2,0.8,1.0,1.8
caldwke01,Kentavious Caldwell-Pope,2023-24,30.0,DEN,DEN,False,SG,76.0,76.0,2402.0,31.61,5.6,12.1,0.46,2.6,6.4,0.406,3.0,5.8,0.52,0.566,2.1,2.3,0.894,0.6,3.1,3.8,3.8,2.0,0.9,1.5,3.1,15.8,119.0,115.0,10.7,0.602,0.525,0.193,1.5,6.8,4.2,9.5,2.0,1.5,10.5,12.9,2.2,2.6,4.8,0.096,-2.1,0.7,-1.4,0.4
bogdabo01,Bogdan Bogdanović,2023-24,31.0,ATL,ATL,False,SG,79.0,33.0,2401.0,30.39,9.4,22.0,0.428,4.8,12.8,0.374,4.6,9.2,0.503,0.537,3.0,3.3,0.921,1.1,4.4,5.4,4.9,1.9,0.5,2.2,3.6,26.6,116.0,120.0,14.7,0.569,0.583,0.149,2.3,10.3,6.2,14.9,1.9,1.0,8.7,22.3,2.8,1.2,3.9,0.079,0.9,-0.7,0.2,1.4
millebr02,Brandon Miller,2023-24,21.0,CHO,CHO,False,SF,74.0,68.0,2383.0,32.2,9.9,22.4,0.44,3.8,10.2,0.373,6.0,12.2,0.495,0.524,3.0,3.6,0.827,1.2,5.3,6.5,3.6,1.4,0.9,2.7,3.8,26.5,105.0,121.0,13.0,0.552,0.455,0.16,2.7,12.4,7.4,11.6,1.4,1.6,10.2,23.9,-0.3,1.0,0.8,0.015,-0.9,-1.6,-2.6,-0.3
barneha02,Harrison Barnes,2023-24,31.0,SAC,SAC,False,PF,82.0,82.0,2381.0,29.04,7.1,14.9,0.474,3.0,7.9,0.387,4.0,7.1,0.571,0.576,3.2,4.0,0.801,1.4,3.7,5.1,2.0,1.1,0.2,1.2,2.0,20.4,122.0,119.0,11.9,0.611,0.526,0.268,3.1,8.8,5.9,5.6,1.1,0.5,6.6,15.7,3.1,1.5,4.7,0.094,-0.6,-1.2,-1.8,0.1
whitede01,Derrick White,2023-24,29.0,BOS,BOS,False,SG,73.0,73.0,2381.0,32.62,8.0,17.4,0.461,4.1,10.3,0.396,4.0,7.1,0.555,0.578,2.8,3.2,0.901,1.1,5.4,6.4,7.8,1.5,1.8,2.3,3.2,23.0,126.0,112.0,16.9,0.611,0.59,0.181,2.4,11.3,7.0,21.2,1.5,3.2,11.0,18.6,5.2,3.3,8.5,0.171,2.4,1.4,3.8,3.5
harrito02,Tobias Harris,2023-24,31.0,PHI,PHI,False,PF,70.0,70.0,2368.0,33.83,9.6,19.8,0.487,1.9,5.4,0.353,7.7,14.4,0.537,0.535,3.9,4.4,0.878,1.7,7.8,9.4,4.5,1.5,1.0,1.9,2.4,25.0,118.0,114.0,16.5,0.576,0.271,0.224,3.7,17.7,10.6,13.8,1.5,1.8,8.2,20.7,3.2,2.7,5.9,0.121,1.0,-0.1,0.9,1.7
divindo01,Donte DiVincenzo,2023-24,27.0,NYK,NYK,False,SG,81.0,63.0,2360.0,29.14,9.5,21.5,0.443,6.0,15.1,0.401,3.5,6.4,0.542,0.584,1.8,2.4,0.754,1.3,5.0,6.3,4.6,2.3,0.8,2.4,3.5,26.9,120.0,113.0,16.0,0.597,0.702,0.114,3.0,11.2,7.1,13.7,2.3,1.4,9.7,21.3,3.6,3.0,6.6,0.135,2.5,0.9,3.4,3.2
poolejo01,Jordan Poole,2023-24,24.0,WAS,WAS,False,SG,78.0,66.0,2346.0,30.08,9.8,23.6,0.413,3.7,11.2,0.326,6.1,12.4,0.492,0.491,3.8,4.4,0.877,0.6,3.6,4.2,6.8,1.7,0.5,3.7,4.9,27.0,102.0,121.0,12.1,0.529,0.476,0.185,1.4,8.4,4.8,21.4,1.7,0.9,12.8,26.4,-1.5,0.8,-0.6,-0.013,-2.0,-1.9,-3.9,-1.2
brownja02,Jaylen Brown,2023-24,27.0,BOS,BOS,False,SF,70.0,70.0,2343.0,33.47,13.2,26.5,0.499,3.1,8.6,0.354,10.2,17.8,0.57,0.557,4.4,6.3,0.703,1.8,6.4,8.2,5.3,1.8,0.8,3.5,3.9,34.0,113.0,112.0,18.6,0.58,0.326,0.239,4.0,13.4,8.9,16.6,1.8,1.4,10.7,28.9,2.7,3.2,5.9,0.121,0.9,-0.1,0.7,1.6
beaslma01,Malik Beasley,2023-24,27.0,MIL,MIL,False,SG,79.0,77.0,2337.0,29.58,6.6,14.8,0.443,4.6,11.1,0.413,2.0,3.7,0.533,0.598,0.5,0.7,0.714,0.8,5.1,6.0,2.2,1.2,0.2,1.1,3.2,18.3,117.0,118.0,10.3,0.603,0.751,0.048,2.0,11.4,6.8,6.1,1.2,0.3,6.8,14.6,1.9,1.6,3.5,0.073,-1.0,-0.8,-1.8,0.1
wagnefr01,Franz Wagner,2023-24,22.0,ORL,ORL,False,SF,72.0,72.0,2337.0,32.46,11.2,23.2,0.482,2.0,7.1,0.281,9.2,16.1,0.57,0.525,5.7,6.8,0.85,1.5,6.5,8.1,5.7,1.6,0.6,2.9,3.6,30.1,116.0,112.0,17.6,0.575,0.305,0.291,3.6,15.7,9.6,18.8,1.6,1.1,10.0,25.7,3.1,3.2,6.4,0.131,0.9,0.3,1.2,1.9
leonaka01,Kawhi Leonard,2023-24,32.0,LAC,LAC,False,SF,68.0,68.0,2330.0,34.26,12.9,24.6,0.525,3.0,7.1,0.417,10.0,17.5,0.569,0.585,5.4,6.1,0.885,1.8,7.0,8.8,5.2,2.4,1.3,2.5,2.1,34.2,124.0,114.0,23.2,0.626,0.289,0.246,4.2,15.6,10.1,16.9,2.4,2.3,8.5,26.5,6.0,2.9,8.9,0.184,4.8,0.6,5.5,4.4
joneshe01,Herbert Jones,2023-24,25.0,NOP,NOP,False,SF,76.0,76.0,2321.0,30.54,6.2,12.4,0.498,2.4,5.8,0.418,3.8,6.7,0.568,0.595,2.9,3.3,0.867,1.6,4.2,5.7,4.2,2.2,1.3,2.0,4.7,17.7,124.0,113.0,13.2,0.636,0.464,0.269,3.6,9.4,6.5,11.3,2.2,2.6,12.4,14.1,3.3,3.0,6.3,0.131,-0.9,1.5,0.6,1.6
gordoaa01,Aaron Gordon,2023-24,28.0,DEN,DEN,False,PF,73.0,73.0,2297.0,31.47,8.6,15.5,0.556,0.9,3.0,0.29,7.7,12.5,0.619,0.584,3.8,5.8,0.658,3.8,6.4,10.2,5.6,1.2,1.0,2.3,3.1,21.9,125.0,114.0,16.8,0.607,0.193,0.376,8.6,13.9,11.4,15.2,1.2,1.7,11.2,17.8,4.5,2.6,7.1,0.148,1.2,0.1,1.3,1.9
thompkl01,Klay Thompson,2023-24,33.0,GSW,GSW,False,SF,77.0,63.0,2284.0,29.66,10.4,24.0,0.432,5.7,14.7,0.387,4.7,9.3,0.503,0.551,2.7,2.9,0.927,0.7,4.6,5.4,3.7,1.1,0.7,2.5,2.7,29.1,113.0,118.0,13.9,0.576,0.611,0.121,1.7,10.2,6.0,11.2,1.1,1.4,8.9,24.2,1.8,1.7,3.6,0.075,1.1,-1.5,-0.4,0.9
kuzmaky01,Kyle Kuzma,2023-24,28.0,WAS,WAS,False,PF,70.0,70.0,2281.0,32.59,12.5,26.9,0.463,3.1,9.2,0.336,9.4,17.7,0.53,0.521,3.8,4.9,0.775,1.3,8.2,9.5,6.1,0.8,1.0,3.9,3.1,31.8,103.0,120.0,15.7,0.547,0.343,0.183,2.8,19.3,10.9,20.7,0.8,1.8,11.9,29.7,-1.0,1.1,0.2,0.004,0.5,-1.6,-1.1,0.5
holidjr01,Jrue Holiday,2023-24,33.0,BOS,BOS,False,PG,69.0,69.0,2263.0,32.8,7.2,15.0,0.48,3.0,7.0,0.429,4.2,8.0,0.526,0.581,1.3,1.6,0.833,1.8,6.3,8.1,7.3,1.3,1.2,2.7,2.4,18.8,121.0,113.0,14.4,0.597,0.467,0.104,4.2,13.2,8.9,19.3,1.3,2.1,14.7,16.3,3.3,3.0,6.3,0.133,1.0,1.1,2.1,2.4
avdijde01,Deni Avdija,2023-24,23.0,WAS,WAS,False,SF,75.0,75.0,2257.0,30.09,8.4,16.6,0.506,1.8,4.9,0.374,6.6,11.8,0.56,0.56,4.2,5.7,0.74,1.7,9.4,11.2,5.9,1.2,0.7,3.3,3.8,22.8,112.0,119.0,14.9,0.597,0.293,0.34,3.9,22.1,12.8,17.8,1.2,1.3,14.8,20.2,1.7,1.5,3.2,0.068,-0.7,-0.2,-0.9,0.6
vassede01,Devin Vassell,2023-24,23.0,SAS,SAS,False,SG,68.0,62.0,2248.0,33.06,10.5,22.3,0.472,3.5,9.4,0.372,7.0,12.9,0.544,0.55,3.4,4.2,0.801,0.6,4.9,5.5,5.8,1.5,0.5,2.3,1.6,27.9,113.0,118.0,15.7,0.578,0.422,0.19,1.3,11.3,6.3,19.1,1.5,0.8,8.6,23.5,2.0,1.6,3.6,0.077,0.9,-0.9,0.0,1.1
dortlu01,Luguentz Dort,2023-24,24.0,OKC,OKC,False,SF,79.0,79.0,2246.0,28.43,6.2,14.1,0.438,3.3,8.5,0.394,2.8,5.6,0.506,0.557,2.7,3.3,0.826,1.6,4.5,6.1,2.4,1.5,1.0,1.6,4.9,18.4,117.0,114.0,11.1,0.593,0.603,0.236,3.8,10.0,7.0,6.3,1.5,1.9,9.3,15.4,2.0,2.5,4.6,0.097,-1.4,-0.2,-1.6,0.2
strusma01,Max Strus,2023-24,27.0,CLE,CLE,False,SF,70.0,70.0,2239.0,31.99,6.7,16.1,0.418,3.7,10.6,0.351,3.0,5.5,0.546,0.533,1.7,2.1,0.794,1.5,6.0,7.5,6.2,1.4,0.6,2.5,3.8,18.8,112.0,114.0,11.7,0.553,0.658,0.133,3.4,13.5,8.5,17.3,1.4,1.2,12.7,17.4,1.2,2.6,3.9,0.083,-1.1,0.5,-0.6,0.8
brookdi01,Dillon Brooks,2023-24,28.0,HOU,HOU,False,SF,72.0,72.0,2227.0,30.93,7.2,16.7,0.428,2.9,8.1,0.359,4.3,8.7,0.492,0.515,2.7,3.2,0.844,1.2,4.2,5.4,2.6,1.4,0.2,1.9,5.2,19.9,109.0,116.0,9.4,0.549,0.482,0.191,2.5,9.4,5.9,7.5,1.4,0.4,9.6,17.6,0.6,2.1,2.7,0.058,-3.3,-0.3,-3.6,-0.9
halibty01,Tyrese Haliburton,2023-24,23.0,IND,IND,False,PG,69.0,68.0,2224.0,32.23,10.6,22.2,0.477,4.1,11.3,0.364,6.5,10.9,0.595,0.57,4.1,4.8,0.855,0.7,5.0,5.7,16.0,1.8,1.0,3.4,1.6,29.5,129.0,119.0,23.3,0.605,0.51,0.217,1.8,12.0,6.9,44.9,1.8,1.7,12.2,24.6,7.6,1.5,9.0,0.195,7.3,-0.4,6.9,5.0
willija06,Jalen Williams,2023-24,22.0,OKC,OKC,False,PF,71.0,71.0,2223.0,31.31,11.6,21.5,0.54,2.2,5.2,0.427,9.4,16.3,0.576,0.592,3.9,4.8,0.814,0.8,5.3,6.1,7.0,1.7,1.0,2.7,3.8,29.3,122.0,114.0,19.1,0.621,0.243,0.223,1.9,11.8,7.1,21.3,1.7,1.9,10.1,23.7,4.5,2.7,7.3,0.157,2.0,0.3,2.3,2.4
washipj01,P.J. Washington,2023-24,25.0,,2TM,True,PF,73.0,45.0,2221.0,30.42,7.8,17.8,0.436,2.9,9.1,0.32,4.9,8.7,0.558,0.518,2.2,3.2,0.683,1.9,7.2,9.0,3.1,1.6,1.3,2.1,3.7,20.6,106.0,117.0,12.2,0.537,0.509,0.179,4.2,16.5,10.3,9.3,1.6,2.4,9.9,19.1,0.0,1.9,1.9,0.04,-1.7,-0.4,-2.1,-0.1
iveyja01,Jaden Ivey,2023-24,21.0,DET,DET,False,SG,77.0,61.0,2217.0,28.79,9.0,21.1,0.429,2.7,8.0,0.336,6.4,13.1,0.485,0.492,4.9,6.6,0.749,1.9,3.9,5.7,6.4,1.2,0.9,4.1,4.4,25.7,104.0,121.0,12.4,0.536,0.379,0.311,4.3,9.1,6.6,20.2,1.2,1.6,14.7,24.9,-0.5,1.0,0.5,0.01,-1.4,-1.7,-3.1,-0.6
dosunay01,Ayo Dosunmu,2023-24,24.0,CHI,CHI,False,SG,76.0,37.0,2212.0,29.11,8.1,16.2,0.501,2.7,6.6,0.403,5.4,9.6,0.568,0.583,1.9,2.4,0.81,1.2,3.7,4.9,5.5,1.5,0.8,2.3,3.7,20.8,118.0,119.0,13.4,0.604,0.41,0.146,2.7,8.3,5.5,15.6,1.5,1.7,11.9,17.2,2.6,1.5,4.1,0.089,-0.6,-0.2,-0.8,0.7
willizi01,Zion Williamson,2023-24,23.0,NOP,NOP,False,PF,70.0,70.0,2207.0,31.53,13.9,24.3,0.57,0.1,0.4,0.333,13.7,23.9,0.574,0.573,7.7,11.0,0.702,2.7,6.3,9.0,7.8,1.7,1.0,4.3,3.5,35.6,119.0,113.0,22.8,0.61,0.016,0.452,6.2,14.2,10.2,26.5,1.7,2.1,12.8,29.7,4.7,2.8,7.5,0.164,3.3,0.6,3.8,3.3
conlemi01,Mike Conley,2023-24,36.0,MIN,MIN,False,PG,76.0,76.0,2193.0,28.86,6.6,14.5,0.457,4.0,9.1,0.442,2.6,5.4,0.481,0.595,2.3,2.5,0.911,0.8,4.1,4.9,10.1,2.0,0.4,2.3,2.9,19.6,129.0,111.0,15.8,0.627,0.629,0.174,2.0,9.0,5.6,28.4,2.0,0.7,12.8,16.0,5.0,3.3,8.2,0.18,2.0,1.4,3.4,3.0
sochaje01,Jeremy Sochan,2023-24,20.0,SAS,SAS,False,PF,74.0,73.0,2193.0,29.64,7.4,16.8,0.438,1.5,4.9,0.308,5.8,11.9,0.492,0.483,2.4,3.1,0.771,3.0,7.3,10.3,5.4,1.3,0.9,3.0,3.6,18.6,104.0,117.0,11.4,0.513,0.293,0.186,6.7,16.9,11.7,16.0,1.3,1.5,14.3,18.8,-0.5,1.9,1.4,0.03,-2.8,-0.6,-3.4,-0.8
hieldbu01,Buddy Hield,2023-24,31.0,,2TM,True,SF,84.0,42.0,2160.0,25.71,8.2,18.9,0.436,4.9,12.6,0.386,3.4,6.3,0.539,0.565,1.2,1.3,0.881,1.4,4.6,6.0,5.2,1.6,0.9,2.3,3.8,22.5,114.0,118.0,13.3,0.578,0.668,0.069,3.1,10.9,7.0,14.5,1.6,1.6,10.5,19.2,1.9,1.6,3.5,0.077,1.0,-0.6,0.4,1.3
mccolcj01,CJ McCollum,2023-24,32.0,NOP,NOP,False,PG,66.0,66.0,2159.0,32.71,11.0,24.0,0.459,5.4,12.6,0.429,5.6,11.3,0.492,0.572,2.6,3.2,0.827,0.9,5.6,6.5,6.9,1.4,0.9,2.5,2.9,30.0,118.0,114.0,17.9,0.592,0.528,0.132,2.0,12.6,7.4,21.4,1.4,1.9,9.0,24.7,3.5,2.4,5.9,0.132,3.3,-0.3,3.1,2.8
dinwisp01,Spencer Dinwiddie,2023-24,30.0,,2TM,True,PG,76.0,52.0,2152.0,28.32,5.7,14.5,0.392,2.8,8.4,0.337,2.9,6.2,0.467,0.489,3.8,4.8,0.805,0.7,4.0,4.7,8.1,1.2,0.5,2.1,3.1,18.1,117.0,119.0,11.7,0.543,0.575,0.328,1.5,9.0,5.2,22.7,1.2,0.9,11.1,16.6,2.3,1.3,3.6,0.081,-1.3,-0.6,-1.9,0.1
jonestr01,Tre Jones,2023-24,24.0,SAS,SAS,False,PG,77.0,48.0,2138.0,27.77,6.7,13.3,0.505,1.4,4.2,0.335,5.3,9.1,0.584,0.558,2.2,2.6,0.856,1.3,5.1,6.4,10.6,1.7,0.2,2.6,2.0,17.1,123.0,118.0,14.7,0.591,0.318,0.197,2.9,11.8,7.3,30.8,1.7,0.3,15.1,15.2,3.4,1.6,4.9,0.111,-0.4,0.1,-0.4,0.9
willigr01,Grant Williams,2023-24,25.0,,2TM,True,PF,76.0,43.0,2130.0,28.03,6.3,13.8,0.456,2.9,7.7,0.375,3.4,6.1,0.558,0.56,2.4,3.2,0.757,2.0,5.3,7.2,4.0,1.0,0.9,2.5,5.2,17.9,113.0,119.0,10.6,0.588,0.555,0.231,4.4,12.2,8.3,11.3,1.0,1.6,14.1,15.9,1.3,1.3,2.6,0.059,-1.9,-0.7,-2.6,-0.3
jacksja02,Jaren Jackson Jr.,2023-24,24.0,MEM,MEM,False,C,66.0,66.0,2124.0,32.18,11.9,26.7,0.444,2.7,8.4,0.32,9.2,18.3,0.501,0.494,7.8,9.6,0.808,2.0,6.4,8.4,3.5,1.8,2.4,3.7,5.4,34.2,107.0,113.0,17.4,0.552,0.315,0.359,4.2,15.0,9.4,13.1,1.8,4.7,10.6,30.4,0.2,2.8,3.0,0.067,0.0,0.4,0.4,1.3
hardati02,Tim Hardaway Jr.,2023-24,31.0,DAL,DAL,False,SF,79.0,12.0,2120.0,26.84,8.9,22.1,0.402,4.8,13.5,0.353,4.1,8.6,0.478,0.51,3.3,3.8,0.852,0.5,5.3,5.7,3.1,1.0,0.1,1.6,2.4,25.8,109.0,119.0,12.1,0.542,0.612,0.173,1.1,11.9,6.5,9.2,1.0,0.2,6.2,22.6,0.8,1.4,2.2,0.05,-0.8,-2.1,-2.9,-0.5
claxtni01,Nic Claxton,2023-24,24.0,BRK,BRK,False,C,71.0,71.0,2116.0,29.8,8.6,13.6,0.629,0.0,0.1,0.2,8.5,13.5,0.633,0.63,2.5,4.6,0.551,4.5,12.0,16.5,3.4,1.1,3.4,2.2,4.1,19.7,124.0,111.0,18.7,0.629,0.009,0.337,9.7,27.3,18.2,10.4,1.1,6.2,12.2,15.6,3.5,3.2,6.7,0.152,-0.3,1.5,1.2,1.7
jaqueja01,Jaime Jaquez Jr.,2023-24,22.0,MIA,MIA,False,SF,75.0,20.0,2113.0,28.17,8.1,16.5,0.489,1.5,4.8,0.322,6.5,11.7,0.558,0.536,3.4,4.1,0.811,1.9,4.8,6.7,4.6,1.8,0.5,2.6,3.9,21.0,112.0,113.0,12.9,0.574,0.29,0.251,4.4,11.0,7.6,13.9,1.8,0.9,12.4,18.7,1.4,2.7,4.0,0.092,-2.2,0.3,-1.9,0.1
princta02,Taurean Prince,2023-24,29.0,LAL,LAL,False,PF,78.0,49.0,2108.0,27.03,5.7,12.9,0.442,3.2,8.0,0.396,2.5,4.9,0.519,0.566,1.1,1.5,0.735,0.5,4.7,5.2,2.7,1.3,0.8,1.6,3.3,15.7,108.0,118.0,8.8,0.579,0.622,0.119,1.2,10.5,6.1,7.2,1.3,1.4,10.8,13.8,0.3,1.7,1.9,0.043,-2.6,-0.2,-2.8,-0.4
wembavi01,Victor Wembanyama,2023-24,20.0,SAS,SAS,False,C,71.0,71.0,2106.0,29.66,12.4,26.7,0.465,2.9,8.9,0.325,9.5,17.9,0.534,0.519,6.6,8.3,0.796,3.6,13.4,17.0,6.2,2.0,5.7,5.9,3.4,34.3,104.0,106.0,23.1,0.565,0.332,0.309,8.2,30.7,19.4,21.5,2.0,10.0,16.2,32.2,-0.7,4.4,3.7,0.085,1.9,3.3,5.2,3.8
mcdanja02,Jaden McDaniels,2023-24,23.0,MIN,MIN,False,SF,72.0,71.0,2105.0,29.24,7.2,14.7,0.489,2.0,6.0,0.337,5.2,8.8,0.592,0.557,1.3,1.9,0.722,1.3,3.9,5.3,2.4,1.5,1.0,2.0,5.1,17.8,108.0,112.0,9.4,0.571,0.406,0.126,3.2,8.7,6.0,6.8,1.5,1.8,11.6,15.7,0.3,3.1,3.4,0.077,-3.3,0.7,-2.6,-0.3
ingrabr01,Brandon Ingram,2023-24,26.0,NOP,NOP,False,SF,64.0,64.0,2103.0,32.86,11.7,23.7,0.492,2.0,5.6,0.355,9.7,18.1,0.534,0.534,5.7,7.2,0.801,1.0,6.6,7.6,8.5,1.2,0.9,3.8,3.4,31.1,115.0,114.0,18.2,0.578,0.238,0.302,2.3,14.7,8.6,26.7,1.2,1.9,12.4,27.2,2.7,2.4,5.1,0.117,1.4,-0.3,1.2,1.7
barnesc01,Scottie Barnes,2023-24,22.0,TOR,TOR,False,SG,60.0,60.0,2094.0,34.9,10.3,21.7,0.475,2.3,6.8,0.341,8.0,14.9,0.536,0.528,4.5,5.8,0.781,3.3,8.1,11.4,8.4,1.7,2.0,3.8,2.7,27.5,114.0,116.0,19.5,0.566,0.314,0.266,7.3,18.9,13.0,26.2,1.7,3.7,13.6,24.8,2.3,2.0,4.3,0.098,2.9,0.8,3.7,3.0
nurkiju01,Jusuf Nurkić,2023-24,29.0,PHO,PHO,False,C,76.0,76.0,2078.0,27.34,7.5,14.7,0.51,0.5,2.1,0.244,7.0,12.6,0.555,0.528,3.9,6.1,0.64,5.3,14.4,19.7,7.1,1.9,1.9,4.1,6.0,19.5,114.0,108.0,17.4,0.559,0.144,0.416,12.8,31.7,22.8,19.9,1.9,3.4,19.1,19.1,2.0,3.8,5.8,0.133,-1.0,2.1,1.1,1.6
turnemy01,Myles Turner,2023-24,27.0,IND,IND,False,C,77.0,77.0,2076.0,26.96,10.8,20.7,0.524,2.6,7.4,0.358,8.2,13.3,0.615,0.587,5.6,7.2,0.773,2.6,9.5,12.1,2.3,0.9,3.3,2.5,5.3,29.8,120.0,115.0,19.3,0.626,0.356,0.349,6.2,22.9,14.5,6.4,0.9,5.5,9.4,23.4,3.6,2.2,5.8,0.134,1.0,-0.1,0.9,1.5
sextoco01,Collin Sexton,2023-24,25.0,UTA,UTA,False,SG,78.0,51.0,2075.0,26.6,11.8,24.1,0.487,3.0,7.6,0.394,8.8,16.6,0.53,0.549,7.4,8.6,0.859,1.7,3.1,4.8,8.9,1.4,0.4,3.8,3.6,33.9,122.0,123.0,19.9,0.607,0.313,0.356,3.8,7.1,5.4,29.5,1.4,0.8,12.1,27.5,5.2,0.3,5.5,0.127,3.8,-1.9,1.9,2.0
thomaca02,Cam Thomas,2023-24,22.0,BRK,BRK,False,SG,66.0,51.0,2075.0,31.44,12.6,28.4,0.442,3.4,9.5,0.364,9.1,19.0,0.481,0.503,6.8,8.0,0.856,0.7,4.4,5.1,4.6,1.1,0.4,3.0,3.3,35.4,110.0,119.0,16.1,0.554,0.333,0.281,1.4,10.1,5.6,15.7,1.1,0.7,8.5,30.5,1.3,1.2,2.5,0.058,0.7,-1.9,-1.2,0.4
cunnica01,Cade Cunningham,2023-24,22.0,DET,DET,False,PG,62.0,62.0,2074.0,33.45,12.2,27.1,0.449,2.8,7.8,0.355,9.4,19.3,0.487,0.5,5.5,6.4,0.869,0.8,5.5,6.2,10.8,1.3,0.5,4.9,3.5,32.6,108.0,120.0,17.1,0.546,0.287,0.235,1.7,12.9,7.2,37.5,1.3,0.9,14.1,30.8,0.7,1.0,1.8,0.041,2.0,-1.6,0.3,1.2
kispeco01,Corey Kispert,2023-24,24.0,WAS,WAS,False,SF,80.0,22.0,2067.0,25.84,8.7,18.0,0.486,4.2,10.9,0.383,4.6,7.1,0.643,0.602,2.6,3.6,0.726,0.7,4.4,5.1,3.5,0.9,0.4,2.2,3.2,24.2,114.0,123.0,12.8,0.62,0.605,0.198,1.5,10.3,5.8,10.7,0.9,0.6,10.2,19.6,1.7,0.4,2.1,0.048,-0.2,-2.0,-2.1,-0.1
beysa01,Saddiq Bey,2023-24,24.0,ATL,ATL,False,SF,63.0,51.0,2062.0,32.73,6.7,16.2,0.416,2.6,8.3,0.316,4.1,7.9,0.522,0.497,4.0,4.7,0.837,3.9,5.7,9.6,2.1,1.2,0.3,1.3,2.0,20.1,120.0,121.0,13.1,0.549,0.514,0.291,8.5,13.4,10.9,6.0,1.2,0.5,6.4,17.0,2.8,0.7,3.5,0.081,0.1,-2.0,-1.8,0.1
oubreke01,Kelly Oubre Jr.,2023-24,28.0,PHI,PHI,False,SF,68.0,52.0,2055.0,30.22,9.3,21.0,0.441,2.4,7.8,0.311,6.8,13.2,0.517,0.498,4.2,5.6,0.75,2.3,5.9,8.2,2.4,1.8,1.1,2.1,4.6,25.1,109.0,114.0,13.5,0.535,0.37,0.264,5.0,13.5,9.2,7.3,1.8,2.1,8.2,22.4,0.6,2.4,3.0,0.07,-1.5,-0.7,-2.3,-0.1
sengual01,Alperen Şengün,2023-24,21.0,HOU,HOU,False,C,63.0,63.0,2046.0,32.48,12.5,23.3,0.537,0.8,2.6,0.297,11.7,20.6,0.567,0.553,5.8,8.3,0.693,4.3,9.6,14.0,7.4,1.8,1.1,3.8,5.0,31.6,118.0,111.0,22.0,0.585,0.113,0.358,9.5,21.5,15.4,25.2,1.8,2.1,12.5,27.0,3.8,3.1,6.9,0.163,3.1,1.7,4.9,3.5
butleji01,Jimmy Butler,2023-24,34.0,MIA,MIA,False,PF,60.0,60.0,2042.0,34.03,9.7,19.4,0.499,1.5,3.5,0.414,8.2,15.8,0.519,0.537,9.6,11.2,0.858,2.6,5.2,7.8,7.3,1.9,0.4,2.5,1.7,30.4,129.0,113.0,22.0,0.626,0.183,0.579,5.8,11.9,8.8,23.1,1.9,0.8,9.3,24.0,6.4,2.7,9.1,0.214,3.9,0.7,4.6,3.4
carusal01,Alex Caruso,2023-24,29.0,CHI,CHI,False,SG,71.0,57.0,2040.0,28.73,6.2,13.2,0.468,3.3,8.1,0.408,2.9,5.1,0.563,0.593,1.8,2.3,0.76,1.5,5.2,6.7,6.0,2.9,1.7,2.5,4.4,17.5,119.0,113.0,14.5,0.613,0.616,0.177,3.3,11.8,7.5,16.4,2.9,3.5,14.9,14.7,2.3,2.6,4.9,0.115,0.2,2.3,2.5,2.3
roziete01,Terry Rozier,2023-24,29.0,,2TM,True,SG,61.0,60.0,2040.0,33.44,10.7,24.3,0.443,3.6,10.0,0.363,7.1,14.3,0.498,0.518,4.2,4.8,0.869,0.9,5.2,6.0,8.3,1.5,0.5,2.6,2.5,29.3,114.0,118.0,17.3,0.555,0.411,0.198,1.9,12.0,6.8,27.5,1.5,1.0,8.9,25.9,2.3,1.6,3.9,0.091,2.2,-0.7,1.5,1.8
johnske04,Keldon Johnson,2023-24,24.0,SAS,SAS,False,SF,69.0,27.0,2038.0,29.54,9.1,20.1,0.454,3.0,8.5,0.346,6.1,11.5,0.533,0.527,4.1,5.1,0.792,2.2,6.6,8.8,4.5,1.2,0.5,2.3,3.5,25.2,112.0,118.0,14.2,0.565,0.426,0.256,5.0,15.1,10.0,14.2,1.2,0.8,9.4,21.9,1.5,1.5,3.0,0.071,-0.3,-1.4,-1.7,0.2
irvinky01,Kyrie Irving,2023-24,31.0,DAL,DAL,False,SG,58.0,58.0,2030.0,35.0,13.3,26.7,0.497,4.1,9.9,0.411,9.2,16.8,0.548,0.573,4.5,5.0,0.905,1.0,5.8,6.9,7.1,1.7,0.7,2.5,2.6,35.1,122.0,116.0,21.9,0.608,0.372,0.186,2.4,13.2,7.8,23.8,1.7,1.2,8.0,28.1,4.9,2.0,6.9,0.163,4.8,0.1,4.9,3.6
townska01,Karl-Anthony Towns,2023-24,28.0,MIN,MIN,False,PF,62.0,62.0,2026.0,32.68,11.7,23.2,0.504,3.3,8.0,0.416,8.4,15.2,0.55,0.575,6.2,7.1,0.873,2.3,10.3,12.6,4.6,1.0,1.0,4.3,5.0,32.9,115.0,109.0,18.8,0.625,0.344,0.307,5.5,22.6,14.4,15.1,1.0,1.8,14.1,27.4,2.6,3.6,6.3,0.148,1.6,0.9,2.5,2.3
suggsja01,Jalen Suggs,2023-24,22.0,ORL,ORL,False,SG,75.0,75.0,2025.0,27.0,8.2,17.5,0.471,3.7,9.4,0.397,4.5,8.0,0.556,0.578,2.9,3.8,0.756,1.2,4.4,5.6,5.0,2.6,1.1,3.2,5.0,23.1,113.0,110.0,14.1,0.602,0.539,0.218,2.8,10.6,6.6,15.0,2.6,2.2,14.4,19.7,1.5,3.2,4.7,0.112,-0.6,1.6,1.0,1.5
georgke01,Keyonte George,2023-24,20.0,UTA,UTA,False,PG,75.0,44.0,2023.0,26.97,7.6,19.4,0.391,3.5,10.5,0.334,4.1,8.9,0.459,0.482,4.5,5.3,0.848,0.4,4.7,5.0,7.9,0.9,0.2,4.5,2.2,23.2,104.0,124.0,10.4,0.533,0.54,0.274,0.8,10.6,5.7,23.1,0.9,0.3,17.1,22.8,-0.4,0.1,-0.3,-0.008,-1.5,-2.9,-4.4,-1.2
giddejo01,Josh Giddey,2023-24,21.0,OKC,OKC,False,SG,80.0,80.0,2011.0,25.14,9.6,20.3,0.475,2.0,5.8,0.337,7.7,14.4,0.53,0.523,2.4,3.0,0.806,2.7,9.6,12.3,9.2,1.2,1.1,4.0,2.7,23.6,111.0,112.0,16.6,0.547,0.287,0.146,6.4,21.5,14.2,26.6,1.2,2.0,15.7,23.1,1.4,2.9,4.3,0.102,1.0,0.4,1.5,1.8
portibo01,Bobby Portis,2023-24,28.0,MIL,MIL,False,PF,82.0,4.0,2008.0,24.49,11.2,22.0,0.508,2.4,5.9,0.407,8.8,16.1,0.545,0.562,2.3,3.0,0.79,3.4,11.1,14.5,2.5,1.6,0.8,2.2,4.5,27.0,115.0,113.0,17.5,0.581,0.268,0.135,7.9,24.8,16.6,7.8,1.6,1.4,8.6,22.9,2.1,2.6,4.7,0.112,0.0,-0.8,-0.8,0.6
nesmiaa01,Aaron Nesmith,2023-24,24.0,IND,IND,False,SF,72.0,47.0,1995.0,27.71,7.4,15.0,0.496,3.3,7.9,0.419,4.1,7.1,0.581,0.606,2.5,3.2,0.781,1.5,5.0,6.5,2.6,1.5,1.2,1.5,5.7,20.7,123.0,119.0,12.8,0.631,0.526,0.216,3.6,12.0,7.8,6.6,1.5,2.0,8.4,16.0,2.8,1.3,4.1,0.098,-0.3,-0.2,-0.5,0.8
trentga02,Gary Trent Jr.,2023-24,25.0,TOR,TOR,False,SG,71.0,41.0,1994.0,28.08,8.7,20.5,0.426,4.3,11.0,0.393,4.4,9.5,0.464,0.531,1.8,2.3,0.771,0.6,3.9,4.6,2.9,1.9,0.2,1.1,2.3,23.6,110.0,121.0,12.0,0.548,0.535,0.113,1.4,9.2,5.2,8.6,1.9,0.4,5.0,20.0,0.8,0.9,1.7,0.04,-1.2,-1.4,-2.6,-0.3
powelno01,Norman Powell,2023-24,30.0,LAC,LAC,False,SG,76.0,3.0,1990.0,26.18,9.3,19.1,0.486,4.1,9.5,0.435,5.1,9.5,0.536,0.594,3.5,4.3,0.831,0.4,4.4,4.8,2.0,1.1,0.5,1.6,3.4,26.2,120.0,119.0,13.9,0.626,0.5,0.224,0.9,9.8,5.5,5.9,1.1,1.0,7.3,20.0,2.8,1.3,4.1,0.099,0.4,-1.2,-0.8,0.6
quickim01,Immanuel Quickley,2023-24,24.0,,2TM,True,SG,68.0,38.0,1985.0,29.19,9.6,22.1,0.434,4.2,10.7,0.395,5.4,11.4,0.471,0.53,5.2,6.1,0.853,0.4,6.0,6.4,8.2,1.2,0.2,2.5,2.9,28.6,119.0,119.0,16.7,0.577,0.484,0.274,0.9,13.7,7.2,24.6,1.2,0.5,9.2,23.8,3.5,1.2,4.7,0.115,2.2,-0.9,1.3,1.7
podzibr01,Brandin Podziemski,2023-24,20.0,GSW,GSW,False,SG,74.0,28.0,1968.0,26.59,6.7,14.7,0.454,2.2,5.8,0.385,4.5,8.9,0.499,0.529,1.2,1.9,0.633,2.9,7.6,10.5,6.7,1.5,0.3,2.2,3.0,16.8,118.0,115.0,13.0,0.54,0.392,0.132,6.6,16.7,11.7,18.1,1.5,0.6,12.2,15.4,2.1,2.0,4.1,0.1,-0.5,0.4,-0.1,0.9
reidna01,Naz Reid,2023-24,24.0,MIN,MIN,False,PF,81.0,14.0,1964.0,24.25,10.2,21.4,0.477,4.3,10.3,0.414,6.0,11.1,0.535,0.576,2.7,3.7,0.736,1.8,8.8,10.6,2.7,1.6,1.8,2.8,4.3,27.4,111.0,107.0,16.0,0.595,0.479,0.174,4.4,19.3,12.2,8.3,1.6,3.3,10.8,23.1,1.1,3.8,4.9,0.12,0.4,1.1,1.5,1.7
leverca01,Caris LeVert,2023-24,29.0,CLE,CLE,False,SG,68.0,10.0,1958.0,28.79,8.7,20.7,0.421,2.7,8.4,0.325,6.0,12.3,0.486,0.487,3.9,5.1,0.766,1.0,6.1,7.1,8.7,1.9,0.9,3.0,3.1,24.0,110.0,113.0,14.6,0.524,0.405,0.245,2.3,13.7,8.0,25.7,1.9,1.6,11.4,23.1,1.0,2.6,3.6,0.088,-0.6,0.8,0.2,1.1
onealro01,Royce O'Neale,2023-24,30.0,,2TM,True,SF,79.0,14.0,1954.0,24.73,5.4,13.6,0.397,3.9,10.6,0.37,1.5,2.9,0.496,0.542,0.6,0.9,0.686,1.5,8.0,9.5,5.5,1.5,1.1,1.8,4.4,15.3,115.0,115.0,11.1,0.548,0.783,0.065,3.4,17.9,10.7,15.0,1.5,2.0,11.6,13.9,1.3,2.1,3.4,0.085,-1.0,1.0,0.0,1.0
kuminjo01,Jonathan Kuminga,2023-24,21.0,GSW,GSW,False,PF,74.0,46.0,1949.0,26.34,11.3,21.4,0.529,1.3,4.1,0.321,10.0,17.3,0.578,0.56,5.5,7.4,0.746,2.3,6.5,8.8,4.0,1.4,0.9,3.0,4.2,29.5,117.0,116.0,17.0,0.598,0.191,0.347,5.2,14.4,9.8,12.5,1.4,1.7,10.9,24.1,2.7,1.9,4.6,0.113,0.0,-0.4,-0.4,0.8
mitchdo01,Donovan Mitchell,2023-24,27.0,CLE,CLE,False,SG,55.0,55.0,1942.0,35.31,12.8,27.7,0.462,4.6,12.6,0.368,8.2,15.1,0.539,0.545,7.0,8.1,0.865,1.2,6.0,7.1,8.5,2.6,0.8,3.9,3.0,37.2,117.0,111.0,22.1,0.595,0.454,0.292,2.7,13.4,8.1,28.3,2.6,1.4,11.1,31.4,3.6,2.9,6.4,0.159,4.6,1.2,5.8,3.9
youngtr01,Trae Young,2023-24,25.0,ATL,ATL,False,PG,54.0,54.0,1942.0,35.96,10.7,24.9,0.43,4.3,11.6,0.373,6.4,13.3,0.479,0.516,8.6,10.1,0.855,0.6,3.1,3.7,14.4,1.8,0.3,5.8,2.7,34.3,117.0,122.0,20.3,0.585,0.465,0.404,1.2,7.3,4.2,45.1,1.8,0.5,16.5,30.5,4.0,0.6,4.6,0.114,4.9,-2.3,2.6,2.2
finnedo01,Dorian Finney-Smith,2023-24,30.0,BRK,BRK,False,PF,68.0,56.0,1934.0,28.44,5.5,13.1,0.421,3.0,8.6,0.348,2.5,4.5,0.56,0.535,0.8,1.2,0.717,2.8,5.3,8.1,2.7,1.4,1.0,1.5,3.8,14.9,113.0,117.0,10.1,0.546,0.658,0.09,6.0,12.1,9.0,7.6,1.4,1.8,10.0,13.2,1.0,1.6,2.6,0.065,-2.0,-0.1,-2.0,0.0
jonesty01,Tyus Jones,2023-24,27.0,WAS,WAS,False,PG,66.0,66.0,1933.0,29.29,7.9,16.1,0.489,2.6,6.2,0.414,5.3,9.9,0.537,0.569,0.8,1.0,0.8,0.5,3.8,4.3,11.7,1.7,0.4,1.6,1.2,19.1,126.0,121.0,16.5,0.578,0.384,0.06,1.1,9.0,5.0,34.6,1.7,0.8,8.8,16.3,3.9,0.7,4.5,0.113,1.5,-0.9,0.7,1.3
valanjo01,Jonas Valančiūnas,2023-24,31.0,NOP,NOP,False,C,82.0,82.0,1925.0,23.48,10.2,18.3,0.559,0.9,3.1,0.308,9.3,15.3,0.609,0.585,4.1,5.2,0.785,4.7,13.6,18.4,4.4,0.8,1.7,2.8,5.6,25.5,123.0,110.0,19.8,0.619,0.167,0.285,10.9,30.6,20.9,13.3,0.8,3.5,12.1,20.8,3.9,3.1,7.1,0.177,0.7,0.5,1.2,1.6
alexani01,Nickeil Alexander-Walker,2023-24,25.0,MIN,MIN,False,SG,82.0,20.0,1921.0,23.43,6.1,13.8,0.439,3.4,8.6,0.391,2.7,5.2,0.517,0.56,1.3,1.7,0.8,0.9,3.4,4.3,5.2,1.6,1.1,2.0,3.7,16.9,115.0,111.0,10.9,0.578,0.623,0.121,2.2,7.5,4.9,14.5,1.6,1.9,11.8,14.8,1.5,2.8,4.3,0.107,-1.1,1.3,0.2,1.1
wiggian01,Andrew Wiggins,2023-24,28.0,GSW,GSW,False,SF,71.0,59.0,1920.0,27.04,8.9,19.7,0.453,2.3,6.4,0.358,6.6,13.3,0.498,0.511,3.6,4.8,0.751,2.7,5.4,8.1,3.0,1.1,1.0,2.2,3.7,23.7,112.0,117.0,12.7,0.544,0.326,0.242,6.2,11.8,9.0,8.6,1.1,1.9,9.2,20.9,1.2,1.6,2.8,0.07,-1.4,-1.2,-2.5,-0.3
robindu01,Duncan Robinson,2023-24,29.0,MIA,MIA,False,SF,68.0,36.0,1905.0,28.01,8.0,17.7,0.45,4.9,12.4,0.395,3.1,5.3,0.579,0.589,2.1,2.4,0.889,0.4,4.1,4.5,5.0,1.2,0.4,2.5,4.3,22.9,114.0,115.0,12.2,0.612,0.701,0.133,0.9,9.5,5.1,15.1,1.2,0.8,11.7,19.0,1.6,2.0,3.6,0.091,-0.5,-0.4,-0.9,0.6
collijo01,John Collins,2023-24,26.0,UTA,UTA,False,PF,68.0,66.0,1901.0,27.96,10.1,18.9,0.532,2.2,5.9,0.371,7.9,13.0,0.605,0.59,3.7,4.7,0.795,4.0,10.6,14.6,2.0,1.0,1.5,2.5,4.8,26.1,121.0,118.0,17.5,0.621,0.311,0.248,9.2,24.0,16.7,6.1,1.0,2.9,10.6,20.4,3.1,1.3,4.4,0.11,0.5,-1.4,-0.9,0.5
garlada01,Darius Garland,2023-24,24.0,CLE,CLE,False,PG,57.0,57.0,1901.0,33.35,9.7,21.9,0.446,3.4,9.3,0.371,6.3,12.6,0.501,0.524,3.8,4.5,0.834,0.8,3.2,4.0,9.7,1.9,0.2,4.6,2.5,26.7,108.0,115.0,14.5,0.56,0.423,0.208,1.8,7.1,4.5,29.4,1.9,0.3,16.1,25.3,0.7,2.0,2.7,0.067,0.2,-1.2,-1.0,0.5
harteis01,Isaiah Hartenstein,2023-24,25.0,NYK,NYK,False,C,75.0,49.0,1896.0,25.28,6.2,9.7,0.644,0.0,0.1,0.333,6.2,9.6,0.646,0.645,3.0,4.2,0.707,6.5,10.2,16.6,5.0,2.3,2.3,2.5,5.6,15.5,136.0,108.0,18.9,0.67,0.008,0.43,14.4,22.7,18.5,13.5,2.3,4.2,17.6,12.0,4.6,3.5,8.1,0.204,0.7,2.8,3.5,2.6
gordoer01,Eric Gordon,2023-24,35.0,PHO,PHO,False,SG,68.0,24.0,1893.0,27.84,7.1,15.9,0.443,3.9,10.2,0.378,3.2,5.7,0.561,0.565,1.3,1.7,0.797,0.4,2.7,3.1,3.6,1.7,0.8,1.9,2.0,19.3,112.0,117.0,10.8,0.58,0.642,0.104,1.0,6.0,3.6,10.0,1.7,1.4,10.2,16.5,1.0,1.5,2.5,0.063,-1.3,-0.5,-1.7,0.1
johnsja05,Jalen Johnson,2023-24,22.0,ATL,ATL,False,SF,56.0,52.0,1889.0,33.73,9.1,17.8,0.511,1.8,5.1,0.355,7.3,12.7,0.574,0.562,2.7,3.7,0.728,1.9,10.5,12.4,5.2,1.7,1.2,2.6,3.4,22.7,117.0,116.0,16.3,0.584,0.285,0.209,4.1,24.8,14.1,15.4,1.7,2.2,11.6,19.1,2.1,1.7,3.8,0.098,0.4,0.8,1.2,1.5
okorois01,Isaac Okoro,2023-24,23.0,CLE,CLE,False,SF,69.0,42.0,1887.0,27.35,6.2,12.6,0.49,2.2,5.6,0.391,4.0,6.9,0.57,0.577,2.4,3.6,0.679,1.8,3.6,5.4,3.5,1.5,0.9,1.4,3.7,16.9,121.0,115.0,11.4,0.599,0.448,0.285,4.0,8.2,6.1,9.5,1.5,1.6,9.1,13.9,2.1,2.0,4.2,0.106,-1.8,0.7,-1.1,0.4
capelca01,Clint Capela,2023-24,29.0,ATL,ATL,False,C,73.0,73.0,1883.0,25.79,9.0,15.7,0.571,0.0,0.0,0.0,9.0,15.7,0.572,0.571,3.3,5.2,0.631,8.5,11.2,19.8,2.3,1.1,2.7,1.9,4.2,21.3,128.0,115.0,20.7,0.59,0.002,0.333,18.7,26.5,22.4,6.9,1.1,5.1,9.5,17.3,4.4,1.9,6.3,0.161,1.0,-1.0,0.1,1.0
mannte01,Terance Mann,2023-24,27.0,LAC,LAC,False,SG,75.0,71.0,1873.0,24.97,6.7,13.0,0.515,1.9,5.4,0.348,4.8,7.6,0.633,0.587,2.1,2.5,0.832,2.3,4.4,6.7,3.1,1.1,0.4,1.3,3.8,17.3,127.0,119.0,12.0,0.615,0.414,0.193,5.4,9.7,7.7,8.5,1.1,0.7,8.2,13.6,3.0,1.2,4.2,0.106,-0.8,-0.7,-1.5,0.2
monkma01,Malik Monk,2023-24,25.0,SAC,SAC,False,SG,72.0,0.0,1872.0,26.0,10.3,23.2,0.443,3.8,11.0,0.35,6.4,12.2,0.528,0.526,4.4,5.3,0.829,0.7,4.8,5.5,9.6,1.2,1.0,3.9,4.0,28.8,113.0,117.0,16.0,0.564,0.474,0.23,1.6,11.3,6.3,28.9,1.2,1.9,13.2,25.9,1.9,1.6,3.5,0.09,1.5,-1.0,0.6,1.2
brownbr01,Bruce Brown,2023-24,27.0,,2TM,True,SG,67.0,44.0,1866.0,27.85,7.1,14.9,0.478,1.4,4.2,0.323,5.8,10.7,0.538,0.523,3.0,3.6,0.824,1.4,5.9,7.3,4.9,1.5,0.4,2.2,3.8,18.6,113.0,120.0,11.6,0.563,0.282,0.244,3.1,14.0,8.5,13.2,1.5,0.8,11.8,16.5,1.2,1.0,2.2,0.058,-2.4,-1.0,-3.3,-0.6
murraja01,Jamal Murray,2023-24,26.0,DEN,DEN,False,PG,59.0,59.0,1861.0,31.54,12.6,26.3,0.481,3.9,9.1,0.425,8.8,17.2,0.51,0.554,4.2,4.9,0.853,1.1,5.3,6.4,10.2,1.5,1.0,3.3,2.8,33.3,119.0,114.0,20.7,0.586,0.346,0.187,2.6,11.6,7.2,31.2,1.5,1.8,10.5,27.9,3.8,2.1,5.9,0.153,4.5,-0.4,4.1,2.9
barrerj01,RJ Barrett,2023-24,23.0,,2TM,True,SG,58.0,58.0,1838.0,31.69,11.7,23.5,0.495,2.4,6.7,0.36,9.3,16.8,0.549,0.547,5.6,7.8,0.715,1.4,7.0,8.4,5.2,0.8,0.6,3.4,3.5,31.3,112.0,119.0,16.4,0.58,0.284,0.331,3.1,16.0,9.5,16.7,0.8,1.1,11.1,26.5,1.6,1.2,2.9,0.075,0.7,-1.5,-0.8,0.6
niangge01,Georges Niang,2023-24,30.0,CLE,CLE,False,PF,82.0,10.0,1831.0,22.33,7.7,17.1,0.449,4.0,10.7,0.376,3.6,6.4,0.572,0.567,1.4,1.6,0.85,0.6,6.9,7.5,2.6,0.8,0.5,1.9,5.2,20.7,109.0,115.0,9.9,0.583,0.627,0.095,1.4,15.5,8.5,7.5,0.8,0.9,9.9,17.6,0.5,2.0,2.4,0.064,-2.5,-0.4,-2.9,-0.4
grantje01,Jerami Grant,2023-24,29.0,POR,POR,False,PF,54.0,54.0,1830.0,33.89,10.3,22.9,0.451,3.0,7.4,0.402,7.3,15.5,0.474,0.516,6.9,8.4,0.817,1.0,4.2,5.2,4.1,1.2,0.9,3.1,3.2,30.5,113.0,120.0,15.4,0.573,0.325,0.367,2.1,10.0,5.8,13.8,1.2,1.7,10.5,25.7,1.7,1.0,2.7,0.071,1.0,-1.1,-0.1,0.9
hachiru01,Rui Hachimura,2023-24,25.0,LAL,LAL,False,PF,68.0,39.0,1826.0,26.85,9.5,17.6,0.537,2.6,6.0,0.422,6.9,11.6,0.597,0.609,2.6,3.5,0.739,1.5,6.1,7.7,2.1,1.1,0.7,1.2,2.6,24.0,121.0,117.0,15.0,0.628,0.343,0.198,3.7,13.7,8.9,6.3,1.1,1.2,5.9,18.5,2.7,1.5,4.1,0.108,0.0,-0.9,-0.9,0.5
pritcpa01,Payton Pritchard,2023-24,26.0,BOS,BOS,False,PG,82.0,5.0,1825.0,22.26,8.0,17.2,0.468,4.0,10.3,0.385,4.1,6.8,0.593,0.583,1.2,1.5,0.821,1.9,5.3,7.2,7.6,1.1,0.2,1.7,2.9,21.3,129.0,115.0,15.3,0.597,0.602,0.088,4.3,11.1,7.8,20.7,1.1,0.3,8.5,17.2,4.2,1.9,6.1,0.16,1.3,-0.2,1.0,1.4
markkla01,Lauri Markkanen,2023-24,26.0,UTA,UTA,False,PF,55.0,55.0,1820.0,33.09,11.3,23.6,0.48,4.6,11.6,0.399,6.7,12.0,0.559,0.578,6.6,7.3,0.899,3.2,8.7,11.9,2.9,1.3,0.7,2.0,2.7,33.9,128.0,120.0,21.5,0.631,0.493,0.311,7.4,19.6,13.6,9.5,1.3,1.3,7.1,25.0,5.2,0.9,6.2,0.163,5.1,-1.5,3.6,2.6
jacksre01,Reggie Jackson,2023-24,33.0,DEN,DEN,False,PG,82.0,23.0,1817.0,22.16,8.9,20.6,0.431,2.8,7.7,0.359,6.1,12.9,0.475,0.499,2.2,2.7,0.806,0.9,3.3,4.2,8.4,1.2,0.4,2.9,4.1,22.7,109.0,117.0,11.7,0.521,0.376,0.13,2.1,7.2,4.7,23.0,1.2,0.6,11.7,21.7,0.6,1.5,2.1,0.056,-1.8,-1.5,-3.2,-0.6
anthoco01,Cole Anthony,2023-24,23.0,ORL,ORL,False,PG,81.0,0.0,1817.0,22.43,9.0,20.8,0.435,2.5,7.5,0.338,6.5,13.3,0.49,0.496,4.9,5.9,0.826,1.7,6.7,8.5,6.4,1.7,1.0,3.4,4.8,25.5,110.0,111.0,14.6,0.545,0.36,0.286,4.1,16.1,10.1,19.8,1.7,1.9,12.8,23.7,0.9,2.7,3.6,0.096,-0.6,0.7,0.1,1.0
gaffoda01,Daniel Gafford,2023-24,25.0,,2TM,True,C,74.0,66.0,1815.0,24.53,9.0,12.5,0.725,0.0,0.0,,9.0,12.5,0.725,0.725,3.1,4.5,0.674,5.1,9.5,14.6,3.0,1.7,4.0,1.9,5.9,21.2,140.0,112.0,21.7,0.731,0.0,0.365,11.4,22.1,16.7,9.1,1.7,7.1,11.7,14.7,5.2,2.5,7.8,0.205,0.7,1.9,2.6,2.1
zubaciv01,Ivica Zubac,2023-24,26.0,LAC,LAC,False,C,68.0,68.0,1794.0,26.38,9.3,14.3,0.649,0.0,0.0,,9.3,14.3,0.649,0.649,3.3,4.6,0.723,5.4,11.8,17.2,2.6,0.6,2.3,2.2,5.0,21.9,132.0,113.0,19.3,0.671,0.0,0.32,12.8,26.2,19.7,7.5,0.6,4.2,11.8,16.4,4.5,2.3,6.8,0.182,0.8,0.0,0.8,1.3
aytonde01,Deandre Ayton,2023-24,25.0,POR,POR,False,C,55.0,55.0,1784.0,32.44,11.8,20.7,0.57,0.0,0.3,0.1,11.8,20.5,0.576,0.571,1.8,2.2,0.823,4.9,12.0,16.9,2.5,1.5,1.2,2.7,3.0,25.5,115.0,114.0,18.9,0.587,0.013,0.105,10.4,28.9,19.1,8.8,1.5,2.1,11.2,21.1,1.8,2.1,3.9,0.106,0.5,-0.2,0.3,1.0
jonesde02,Derrick Jones Jr.,2023-24,26.0,DAL,DAL,False,SF,76.0,66.0,1783.0,23.46,6.4,13.3,0.483,2.2,6.4,0.343,4.2,6.9,0.613,0.566,2.6,3.7,0.713,2.2,4.5,6.7,2.0,1.4,1.4,1.7,3.3,17.7,116.0,116.0,11.7,0.592,0.483,0.275,5.0,10.3,7.7,5.5,1.4,2.5,10.5,14.9,1.5,1.6,3.1,0.083,-1.3,-0.3,-1.5,0.2
anderky01,Kyle Anderson,2023-24,30.0,MIN,MIN,False,PF,79.0,10.0,1782.0,22.56,5.5,12.0,0.46,0.3,1.3,0.229,5.2,10.7,0.488,0.472,2.7,3.8,0.708,1.7,5.9,7.6,9.2,2.0,1.3,2.5,3.6,14.0,114.0,109.0,12.7,0.513,0.111,0.316,4.0,13.0,8.7,25.0,2.0,2.3,15.6,14.5,1.4,3.1,4.5,0.121,-1.6,2.7,1.1,1.4
durenja01,Jalen Duren,2023-24,20.0,DET,DET,False,C,61.0,60.0,1777.0,29.13,9.4,15.3,0.619,0.0,0.1,0.0,9.4,15.2,0.623,0.619,3.9,4.9,0.79,5.2,14.0,19.2,4.0,0.9,1.3,3.5,5.2,22.8,122.0,115.0,18.7,0.653,0.007,0.321,11.8,33.0,22.2,12.7,0.9,2.3,16.7,18.5,3.0,1.8,4.8,0.13,-0.2,0.1,-0.1,0.9
bealbr01,Bradley Beal,2023-24,30.0,PHO,PHO,False,SG,53.0,53.0,1767.0,33.34,10.4,20.3,0.513,2.8,6.5,0.43,7.6,13.8,0.552,0.582,3.0,3.7,0.813,1.5,4.9,6.4,7.3,1.4,0.7,3.6,3.5,26.6,117.0,117.0,16.3,0.607,0.32,0.182,3.6,10.8,7.4,22.5,1.4,1.3,14.2,22.7,2.4,1.5,3.9,0.107,0.9,-0.6,0.4,1.1
hendesc01,Scoot Henderson,2023-24,19.0,POR,POR,False,PG,62.0,32.0,1765.0,28.47,8.6,22.3,0.385,2.4,7.5,0.325,6.2,14.8,0.416,0.44,4.7,5.7,0.819,1.5,3.9,5.4,9.4,1.3,0.4,5.9,5.5,24.3,97.0,120.0,9.5,0.489,0.336,0.256,3.2,9.5,6.2,29.9,1.3,0.7,19.3,26.5,-2.5,0.9,-1.7,-0.045,-3.5,-2.3,-5.8,-1.7
richani01,Nick Richards,2023-24,26.0,CHO,CHO,False,C,67.0,51.0,1759.0,26.25,7.3,10.5,0.691,0.0,0.0,0.0,7.3,10.5,0.693,0.691,3.7,5.0,0.737,4.8,10.3,15.1,1.5,0.7,2.1,2.0,4.9,18.3,134.0,118.0,16.7,0.717,0.003,0.476,10.7,24.2,17.2,4.5,0.7,3.9,13.8,13.3,3.8,1.3,5.1,0.14,-1.6,-0.7,-2.3,-0.1
olynyke01,Kelly Olynyk,2023-24,32.0,,2TM,True,C,78.0,27.0,1759.0,22.55,7.6,13.6,0.555,1.6,4.3,0.387,5.9,9.4,0.632,0.616,4.1,4.9,0.833,3.0,8.3,11.3,9.5,2.0,0.8,4.2,6.3,20.9,124.0,118.0,17.4,0.661,0.312,0.362,6.7,19.0,12.9,27.6,2.0,1.5,20.9,17.5,3.5,1.4,4.9,0.133,0.7,1.1,1.8,1.7
martica02,Caleb Martin,2023-24,28.0,MIA,MIA,False,SF,64.0,23.0,1756.0,27.44,6.8,15.9,0.431,2.3,6.6,0.349,4.5,9.3,0.489,0.504,2.2,2.8,0.778,2.1,5.9,8.0,4.1,1.3,0.8,2.2,3.6,18.2,107.0,113.0,10.8,0.531,0.415,0.177,4.7,13.5,9.1,11.8,1.3,1.6,11.3,17.3,0.2,2.2,2.4,0.066,-2.2,0.2,-2.0,0.0
hausesa01,Sam Hauser,2023-24,26.0,BOS,BOS,False,SF,79.0,13.0,1741.0,22.04,7.1,15.8,0.446,5.6,13.2,0.424,1.5,2.6,0.559,0.623,0.5,0.5,0.895,1.3,6.6,7.8,2.3,1.1,0.7,0.9,2.8,20.2,126.0,114.0,13.0,0.629,0.833,0.034,2.9,13.7,8.6,6.2,1.1,1.3,5.3,15.0,2.7,2.1,4.9,0.134,1.2,0.0,1.2,1.4
horfoal01,Al Horford,2023-24,37.0,BOS,BOS,False,C,65.0,33.0,1740.0,26.77,6.1,11.9,0.511,3.1,7.3,0.419,3.0,4.6,0.658,0.64,0.7,0.9,0.867,2.3,9.4,11.7,4.8,1.1,1.8,1.4,2.6,16.0,135.0,111.0,15.0,0.65,0.616,0.072,5.3,19.7,12.8,12.3,1.1,3.1,10.0,12.0,3.5,2.7,6.2,0.172,1.7,2.0,3.6,2.5
camarto01,Toumani Camara,2023-24,23.0,POR,POR,False,PF,70.0,49.0,1739.0,24.84,5.6,12.4,0.45,1.6,4.9,0.337,3.9,7.6,0.523,0.516,2.1,2.8,0.758,3.9,5.8,9.7,2.5,1.9,0.9,2.4,4.9,15.0,110.0,117.0,10.6,0.547,0.393,0.226,8.4,14.0,11.0,7.2,1.9,1.7,14.9,13.8,0.6,1.4,2.0,0.055,-3.1,0.0,-3.1,-0.5
toppiob01,Obi Toppin,2023-24,25.0,IND,IND,False,PF,82.0,28.0,1730.0,21.1,9.1,15.8,0.573,2.8,6.9,0.403,6.3,8.9,0.706,0.661,2.1,2.7,0.77,2.3,6.4,8.7,3.5,1.3,1.2,1.9,3.9,23.0,129.0,119.0,16.5,0.677,0.437,0.173,5.6,15.4,10.5,9.4,1.3,2.0,10.0,16.8,3.6,1.1,4.8,0.132,1.8,-0.3,1.5,1.5
coulibi01,Bilal Coulibaly,2023-24,19.0,WAS,WAS,False,SF,63.0,15.0,1715.0,27.22,5.1,11.8,0.435,1.7,5.0,0.346,3.4,6.7,0.502,0.509,2.5,3.6,0.702,1.5,5.5,7.0,3.0,1.6,1.3,2.4,3.7,14.5,103.0,120.0,8.9,0.543,0.428,0.303,3.4,12.8,8.0,8.2,1.6,2.3,15.1,14.2,-0.5,0.9,0.4,0.013,-3.6,-0.5,-4.2,-0.9
anunoog01,OG Anunoby,2023-24,26.0,,2TM,True,SF,50.0,50.0,1702.0,34.04,8.2,16.7,0.489,3.0,7.7,0.382,5.2,9.0,0.581,0.577,1.9,2.6,0.753,1.4,4.7,6.0,3.1,2.0,1.0,2.3,3.4,21.2,113.0,117.0,12.8,0.595,0.463,0.154,3.0,10.6,6.8,9.0,2.0,1.9,11.6,17.6,1.1,1.5,2.6,0.073,-1.0,0.5,-0.6,0.6
walkeja01,Jabari Walker,2023-24,21.0,POR,POR,False,PF,72.0,23.0,1700.0,23.61,6.8,14.8,0.46,1.2,4.0,0.295,5.6,10.7,0.522,0.5,3.7,5.0,0.754,4.4,10.4,14.8,2.1,1.2,0.6,1.9,5.0,18.5,115.0,116.0,13.0,0.546,0.273,0.336,9.4,25.0,16.7,6.2,1.2,1.2,10.2,16.3,1.4,1.6,2.9,0.083,-2.4,-0.9,-3.3,-0.6
nembhan01,Andrew Nembhard,2023-24,24.0,IND,IND,False,PG,68.0,47.0,1697.0,24.96,7.2,14.5,0.498,1.7,4.8,0.357,5.5,9.8,0.567,0.557,1.3,1.6,0.804,1.0,2.9,3.9,7.8,1.8,0.2,2.8,4.0,17.4,114.0,121.0,11.3,0.573,0.328,0.107,2.4,7.0,4.7,20.0,1.8,0.3,15.6,16.0,1.3,0.7,2.0,0.057,-1.6,-0.5,-2.2,-0.1
wallaca01,Cason Wallace,2023-24,20.0,OKC,OKC,False,SG,82.0,13.0,1692.0,20.63,6.2,12.6,0.491,2.8,6.6,0.419,3.4,5.9,0.572,0.602,0.8,1.1,0.784,1.5,3.8,5.3,3.4,2.2,1.1,1.3,3.7,15.9,122.0,113.0,12.0,0.612,0.529,0.084,3.6,8.6,6.2,8.9,2.2,2.0,8.9,12.9,1.9,2.1,4.0,0.115,-0.9,1.0,0.1,0.9
murphtr02,Trey Murphy III,2023-24,23.0,NOP,NOP,False,SF,57.0,23.0,1690.0,29.65,8.0,18.0,0.443,4.9,12.9,0.38,3.1,5.1,0.602,0.579,3.6,4.4,0.815,1.2,6.9,8.1,3.6,1.5,0.8,1.0,2.0,24.4,127.0,114.0,16.3,0.612,0.717,0.243,2.8,15.5,9.2,10.2,1.5,1.6,4.7,18.6,3.4,2.0,5.4,0.154,2.5,0.0,2.5,1.9
porzikr01,Kristaps Porziņģis,2023-24,28.0,BOS,BOS,False,C,57.0,57.0,1690.0,29.65,11.3,22.0,0.516,3.2,8.6,0.375,8.1,13.4,0.606,0.589,7.6,8.8,0.858,2.8,9.1,12.0,3.4,1.2,3.2,2.6,4.6,33.5,128.0,109.0,23.2,0.647,0.39,0.402,6.5,19.1,13.1,10.0,1.2,5.8,9.1,25.1,4.9,3.0,7.9,0.226,3.5,1.6,5.1,3.0
lowryky01,Kyle Lowry,2023-24,37.0,,2TM,True,PG,60.0,55.0,1690.0,28.17,4.8,11.1,0.432,2.9,7.3,0.392,1.9,3.7,0.512,0.562,1.8,2.2,0.84,1.0,4.7,5.7,7.4,1.7,0.6,2.5,4.3,14.3,118.0,114.0,10.9,0.594,0.663,0.199,2.2,10.8,6.4,20.1,1.7,1.2,17.2,12.9,1.6,1.9,3.5,0.1,-1.9,0.9,-1.0,0.4
clarkjo01,Jordan Clarkson,2023-24,31.0,UTA,UTA,False,SG,55.0,19.0,1682.0,30.58,9.7,23.4,0.413,2.6,8.9,0.294,7.1,14.5,0.485,0.469,5.1,5.8,0.881,1.4,4.0,5.4,7.9,1.0,0.2,4.2,2.3,27.0,107.0,124.0,12.7,0.521,0.379,0.246,3.2,9.0,6.2,24.6,1.0,0.3,13.9,26.1,0.1,0.1,0.2,0.006,-1.3,-3.2,-4.5,-1.1
huntede01,De'Andre Hunter,2023-24,26.0,ATL,ATL,False,SF,57.0,37.0,1681.0,29.49,8.7,18.9,0.459,3.3,8.7,0.385,5.3,10.2,0.521,0.547,4.7,5.6,0.847,0.9,5.4,6.3,2.5,1.1,0.5,2.4,4.2,25.4,115.0,121.0,12.7,0.595,0.459,0.296,1.9,12.9,7.2,7.3,1.1,0.9,10.0,20.6,1.6,0.6,2.2,0.062,-0.9,-1.5,-2.4,-0.2
connapa01,Pat Connaughton,2023-24,31.0,MIL,MIL,False,SF,76.0,3.0,1676.0,22.05,4.3,9.9,0.435,2.4,6.8,0.345,2.0,3.1,0.633,0.553,1.3,1.7,0.759,1.5,5.4,6.9,4.6,1.1,0.5,1.4,2.8,12.3,120.0,118.0,9.6,0.574,0.686,0.167,3.4,12.0,7.8,12.0,1.1,1.0,11.6,10.9,1.6,1.2,2.8,0.08,-1.6,0.0,-1.6,0.2
braunch01,Christian Braun,2023-24,22.0,DEN,DEN,False,SG,82.0,4.0,1655.0,20.18,6.6,14.5,0.46,1.9,4.9,0.384,4.8,9.6,0.498,0.525,2.8,4.0,0.694,2.4,6.8,9.2,4.0,1.3,1.0,1.6,4.1,18.0,116.0,114.0,12.1,0.554,0.34,0.277,5.4,14.8,10.2,10.2,1.3,1.8,9.2,15.7,1.5,2.0,3.4,0.1,-1.7,-0.2,-1.9,0.0
fontesi01,Simone Fontecchio,2023-24,28.0,,2TM,True,SF,66.0,43.0,1644.0,24.91,7.4,16.1,0.46,3.9,9.8,0.401,3.5,6.3,0.551,0.582,1.6,1.9,0.818,1.9,5.3,7.2,3.0,1.3,0.7,2.0,3.2,20.3,117.0,121.0,12.1,0.6,0.609,0.12,4.3,12.2,8.3,8.7,1.3,1.2,10.5,16.5,1.5,0.6,2.1,0.061,0.0,-1.0,-1.0,0.4
agbajoc01,Ochai Agbaji,2023-24,23.0,,2TM,True,SG,78.0,28.0,1641.0,21.04,5.2,12.7,0.411,1.8,6.2,0.294,3.4,6.5,0.523,0.483,1.1,1.6,0.661,2.2,4.2,6.4,2.4,1.4,1.3,1.9,3.4,13.4,102.0,121.0,7.7,0.497,0.487,0.129,4.9,9.6,7.2,6.6,1.4,2.4,12.3,13.4,-0.5,0.6,0.1,0.002,-3.5,-0.9,-4.4,-1.0
randlju01,Julius Randle,2023-24,29.0,NYK,NYK,False,PF,46.0,46.0,1630.0,35.43,12.2,25.9,0.472,2.4,7.5,0.311,9.9,18.3,0.539,0.518,7.3,9.3,0.781,3.1,10.0,13.1,7.1,0.8,0.4,4.9,3.9,34.1,113.0,114.0,18.9,0.569,0.292,0.361,6.8,22.4,14.6,22.8,0.8,0.7,14.1,29.9,1.9,1.9,3.8,0.113,2.2,-0.3,1.9,1.6
achiupr01,Precious Achiuwa,2023-24,24.0,,2TM,True,C,74.0,18.0,1624.0,21.95,7.2,14.4,0.501,0.8,3.0,0.268,6.4,11.4,0.562,0.529,2.1,3.4,0.616,5.9,9.1,14.9,3.0,1.4,2.1,2.5,4.4,17.3,114.0,112.0,14.6,0.545,0.207,0.239,13.0,20.5,16.7,8.4,1.4,3.9,13.8,15.9,1.2,2.2,3.4,0.102,-1.7,0.3,-1.4,0.2
aldamsa01,Santi Aldama,2023-24,23.0,MEM,MEM,False,PF,61.0,35.0,1618.0,26.52,7.5,17.2,0.435,3.2,9.2,0.349,4.3,8.0,0.534,0.528,1.6,2.6,0.621,2.2,8.5,10.6,4.2,1.3,1.6,2.1,2.7,19.8,109.0,114.0,13.1,0.539,0.535,0.153,4.7,19.7,11.9,13.3,1.3,3.1,10.2,17.9,0.4,2.0,2.4,0.07,-0.7,0.4,-0.2,0.7
johnsca02,Cameron Johnson,2023-24,27.0,BRK,BRK,False,PF,58.0,47.0,1599.0,27.57,8.5,19.2,0.446,4.3,10.9,0.391,4.3,8.2,0.519,0.557,2.7,3.4,0.789,1.7,6.1,7.8,4.3,1.5,0.5,1.8,3.3,24.0,118.0,117.0,14.5,0.582,0.57,0.176,3.7,13.8,8.6,12.9,1.5,0.8,7.9,19.6,2.0,1.3,3.3,0.1,0.9,-0.5,0.4,1.0
branhma01,Malaki Branham,2023-24,20.0,SAS,SAS,False,PG,75.0,29.0,1594.0,21.25,8.1,18.7,0.432,2.8,8.0,0.347,5.3,10.7,0.494,0.506,1.6,1.9,0.873,0.8,3.6,4.4,4.6,0.8,0.2,2.7,2.8,20.5,101.0,121.0,8.7,0.526,0.427,0.1,1.9,8.2,5.0,14.0,0.8,0.4,12.2,19.8,-0.9,0.6,-0.3,-0.008,-3.4,-2.2,-5.6,-1.5
reedpa01,Paul Reed,2023-24,24.0,PHI,PHI,False,C,82.0,24.0,1590.0,19.39,8.0,14.9,0.54,0.6,1.8,0.368,7.4,13.1,0.563,0.561,1.9,2.6,0.718,6.0,9.1,15.1,3.4,2.1,2.6,2.1,6.1,18.6,123.0,110.0,17.4,0.58,0.119,0.177,13.2,20.9,16.9,9.8,2.1,4.8,11.5,15.9,2.5,2.6,5.1,0.154,-0.6,1.0,0.4,0.9
thompau01,Ausar Thompson,2023-24,21.0,DET,DET,False,SF,63.0,38.0,1583.0,25.13,7.1,14.6,0.483,0.6,3.4,0.186,6.4,11.2,0.575,0.505,2.2,3.6,0.597,3.9,8.3,12.2,3.6,2.1,1.8,2.6,5.3,16.9,107.0,115.0,12.8,0.522,0.235,0.248,8.9,19.6,14.2,10.8,2.1,3.2,13.6,16.6,0.1,1.7,1.8,0.053,-2.8,0.6,-2.2,-0.1
simonan01,Anfernee Simons,2023-24,24.0,POR,POR,False,SG,46.0,46.0,1582.0,34.39,11.2,26.1,0.43,4.9,12.6,0.385,6.4,13.5,0.472,0.523,5.1,5.6,0.916,0.7,4.5,5.2,8.0,0.7,0.2,3.9,3.1,32.4,113.0,121.0,15.9,0.568,0.484,0.213,1.5,10.9,5.9,27.6,0.7,0.3,12.1,28.0,1.7,0.5,2.2,0.068,2.7,-2.5,0.2,0.8
huertke01,Kevin Huerter,2023-24,25.0,SAC,SAC,False,SG,64.0,59.0,1562.0,24.41,7.7,17.4,0.443,3.8,10.6,0.361,3.9,6.8,0.571,0.553,1.1,1.5,0.766,1.2,5.8,7.0,5.2,1.4,0.7,1.6,4.2,20.4,116.0,116.0,12.4,0.564,0.609,0.084,2.7,13.6,8.0,14.4,1.4,1.3,8.4,17.3,1.5,1.4,2.9,0.089,-0.5,-0.4,-0.8,0.5
mathube01,Bennedict Mathurin,2023-24,21.0,IND,IND,False,SF,59.0,19.0,1538.0,26.07,9.1,20.3,0.446,2.5,6.6,0.374,6.6,13.8,0.481,0.507,5.6,6.9,0.821,1.8,5.3,7.2,3.7,1.1,0.4,3.0,3.6,26.3,110.0,121.0,13.0,0.562,0.323,0.338,4.4,12.8,8.6,9.8,1.1,0.7,11.3,23.4,0.8,0.7,1.4,0.045,-1.2,-2.3,-3.4,-0.6
mobleev01,Evan Mobley,2023-24,22.0,CLE,CLE,False,PF,50.0,50.0,1532.0,30.64,10.3,17.8,0.58,0.7,1.9,0.373,9.6,15.9,0.604,0.6,4.0,5.5,0.719,3.6,11.5,15.1,5.2,1.5,2.3,2.9,4.3,25.3,122.0,109.0,20.1,0.626,0.107,0.31,8.2,25.9,17.2,15.9,1.5,4.2,12.5,20.6,2.8,2.7,5.5,0.174,0.9,2.0,2.9,1.9
paulch01,Chris Paul,2023-24,38.0,GSW,GSW,False,PG,58.0,18.0,1531.0,26.4,6.5,14.8,0.441,2.5,6.6,0.371,4.0,8.1,0.498,0.525,1.4,1.6,0.827,0.6,6.5,7.1,12.4,2.2,0.2,2.4,3.4,16.8,124.0,115.0,14.7,0.544,0.45,0.111,1.3,14.4,7.9,33.4,2.2,0.4,13.4,15.6,2.6,1.7,4.3,0.136,-0.2,1.2,1.0,1.2
westbru01,Russell Westbrook,2023-24,35.0,LAC,LAC,False,PG,68.0,11.0,1529.0,22.49,9.7,21.4,0.454,1.4,5.0,0.273,8.4,16.4,0.509,0.486,3.6,5.2,0.688,3.0,8.1,11.1,9.9,2.4,0.7,4.6,3.9,24.3,107.0,113.0,16.2,0.514,0.232,0.241,7.1,17.8,12.7,29.2,2.4,1.4,16.4,25.2,0.2,1.9,2.1,0.066,-0.2,0.7,0.5,1.0
batumni01,Nicolas Batum,2023-24,35.0,,2TM,True,PF,60.0,38.0,1529.0,25.48,3.7,8.2,0.453,2.3,6.0,0.395,1.4,2.3,0.606,0.596,0.5,0.7,0.714,2.3,5.7,8.0,4.1,1.5,1.2,1.3,3.5,10.3,126.0,115.0,10.2,0.603,0.723,0.082,5.0,13.1,9.0,10.7,1.5,2.3,13.1,8.6,1.7,1.6,3.3,0.103,-1.3,0.8,-0.4,0.6
colliza01,Zach Collins,2023-24,26.0,SAS,SAS,False,C,69.0,29.0,1526.0,22.12,9.3,19.2,0.484,1.8,5.6,0.32,7.5,13.5,0.552,0.531,3.8,5.0,0.753,3.7,7.8,11.5,6.0,1.1,1.6,4.1,6.4,24.1,108.0,116.0,14.3,0.565,0.294,0.263,8.3,18.0,13.1,18.9,1.1,2.8,16.1,22.7,0.4,1.5,1.8,0.057,-2.0,-0.1,-2.0,0.0
greenjo02,Josh Green,2023-24,23.0,DAL,DAL,False,SG,57.0,33.0,1505.0,26.4,5.7,11.9,0.479,2.3,6.0,0.385,3.4,6.0,0.572,0.575,1.2,1.8,0.684,1.3,4.6,5.9,4.1,1.5,0.3,1.9,3.4,15.0,115.0,117.0,9.9,0.588,0.5,0.152,2.9,10.4,6.7,11.1,1.5,0.5,13.1,13.1,1.0,1.2,2.2,0.071,-2.4,-0.3,-2.7,-0.3
kesslwa01,Walker Kessler,2023-24,22.0,UTA,UTA,False,C,64.0,22.0,1493.0,23.33,7.4,11.3,0.654,0.1,0.6,0.211,7.3,10.7,0.68,0.66,1.8,3.0,0.602,5.3,10.2,15.5,1.9,1.0,5.0,2.1,4.3,16.7,128.0,114.0,18.0,0.663,0.054,0.266,12.3,23.1,17.7,5.6,1.0,9.2,14.4,12.8,2.4,1.7,4.1,0.131,-0.4,1.3,0.9,1.1
greendr01,Draymond Green,2023-24,33.0,GSW,GSW,False,PF,55.0,52.0,1490.0,27.09,6.0,12.1,0.497,1.7,4.2,0.395,4.4,7.9,0.551,0.566,1.8,2.4,0.73,2.5,10.5,12.9,10.8,1.8,1.5,4.4,5.4,15.4,116.0,112.0,14.5,0.587,0.347,0.199,5.6,23.0,14.4,28.6,1.8,2.9,25.0,15.3,1.4,2.2,3.6,0.116,-0.6,3.0,2.4,1.6
watsope01,Peyton Watson,2023-24,21.0,DEN,DEN,False,SF,80.0,4.0,1488.0,18.6,6.9,14.9,0.465,1.5,5.1,0.296,5.4,9.8,0.553,0.516,2.4,3.5,0.67,1.9,6.7,8.6,2.9,1.4,2.9,1.9,4.8,17.7,108.0,111.0,11.8,0.539,0.34,0.237,4.3,14.6,9.6,7.4,1.4,5.0,10.5,16.2,0.3,2.2,2.5,0.079,-3.0,0.8,-2.2,-0.1
thybuma01,Matisse Thybulle,2023-24,26.0,POR,POR,False,SF,65.0,19.0,1487.0,22.88,4.2,10.5,0.397,2.7,7.7,0.346,1.5,2.9,0.535,0.524,0.7,1.0,0.759,1.0,3.5,4.5,3.0,3.8,1.6,1.3,3.1,11.8,111.0,114.0,10.4,0.537,0.729,0.091,2.1,8.5,5.1,8.3,3.8,3.0,10.8,10.6,0.4,1.8,2.2,0.072,-2.8,3.4,0.6,0.9
middlkh01,Khris Middleton,2023-24,32.0,MIL,MIL,False,SF,55.0,55.0,1487.0,27.04,10.2,20.8,0.493,3.0,8.0,0.381,7.2,12.8,0.563,0.566,3.2,3.9,0.833,1.3,7.0,8.3,9.4,1.6,0.5,4.1,4.6,26.8,115.0,116.0,17.0,0.595,0.384,0.187,3.0,15.7,9.5,28.9,1.6,0.9,15.4,23.9,1.9,1.4,3.4,0.109,1.1,0.0,1.1,1.2
bogdabo02,Bojan Bogdanović,2023-24,34.0,,2TM,True,PF,57.0,27.0,1478.0,25.93,10.2,22.6,0.454,4.4,11.1,0.398,5.8,11.5,0.507,0.551,3.9,4.9,0.785,0.7,4.3,5.0,3.2,1.0,0.2,3.3,3.1,28.8,108.0,120.0,12.6,0.581,0.49,0.219,1.6,10.0,5.7,10.3,1.0,0.3,11.9,24.6,0.3,0.7,1.1,0.034,-0.7,-2.5,-3.2,-0.4
champju02,Julian Champagnie,2023-24,22.0,SAS,SAS,False,SF,74.0,59.0,1468.0,19.84,5.3,13.0,0.408,3.3,9.0,0.365,2.0,4.0,0.504,0.534,2.4,3.0,0.815,1.4,5.3,6.7,3.3,1.6,1.4,1.8,2.5,16.3,111.0,117.0,10.6,0.57,0.689,0.229,3.1,12.2,7.6,9.3,1.6,2.4,11.4,14.4,0.6,1.3,1.8,0.059,-1.8,-0.1,-1.9,0.0
beverpa01,Patrick Beverley,2023-24,35.0,,2TM,True,PG,73.0,13.0,1462.0,20.03,5.3,12.6,0.417,2.0,6.0,0.337,3.2,6.6,0.49,0.497,2.5,3.0,0.822,1.6,6.3,8.0,7.1,1.4,1.0,2.2,4.3,15.0,116.0,115.0,11.6,0.539,0.478,0.237,3.7,14.3,9.0,19.0,1.4,1.9,13.4,14.3,1.2,1.5,2.7,0.09,-1.5,0.5,-1.1,0.3
coffeam01,Amir Coffey,2023-24,26.0,LAC,LAC,False,SF,70.0,13.0,1460.0,20.86,5.6,11.9,0.472,2.4,6.2,0.38,3.2,5.7,0.571,0.571,2.1,2.4,0.859,1.0,4.0,5.0,2.6,1.4,0.5,1.1,3.4,15.7,122.0,118.0,10.0,0.604,0.523,0.202,2.3,8.9,5.7,6.8,1.4,0.9,7.9,12.5,1.6,1.0,2.6,0.084,-1.9,-0.3,-2.2,-0.1
joeis01,Isaiah Joe,2023-24,24.0,OKC,OKC,False,SG,78.0,1.0,1445.0,18.53,7.4,16.1,0.458,4.9,11.7,0.416,2.5,4.4,0.568,0.609,1.5,1.7,0.865,1.1,4.9,6.0,3.3,1.5,0.7,1.6,2.9,21.2,121.0,115.0,13.4,0.626,0.728,0.107,2.6,11.0,6.9,8.9,1.5,1.4,8.5,16.6,1.9,1.6,3.5,0.116,1.1,-0.3,0.9,1.0
banede01,Desmond Bane,2023-24,25.0,MEM,MEM,False,SG,42.0,42.0,1443.0,34.36,12.2,26.3,0.464,4.6,12.2,0.381,7.6,14.1,0.536,0.552,4.7,5.5,0.87,1.2,5.0,6.3,7.8,1.5,0.7,3.8,4.1,33.8,114.0,116.0,18.5,0.589,0.464,0.207,2.6,11.8,7.0,29.2,1.5,1.4,11.7,28.5,1.8,1.3,3.1,0.102,3.1,-0.3,2.8,1.7
willivi01,Vince Williams Jr.,2023-24,23.0,MEM,MEM,False,SG,52.0,33.0,1436.0,27.62,5.8,12.9,0.446,2.7,7.1,0.378,3.1,5.8,0.529,0.55,3.5,4.4,0.8,2.0,7.9,9.9,6.0,1.6,1.2,3.1,4.6,17.7,114.0,114.0,12.8,0.597,0.551,0.343,4.3,18.3,11.0,18.0,1.6,2.2,17.4,15.8,1.1,1.7,2.8,0.093,-1.7,1.0,-0.7,0.5
stewais01,Isaiah Stewart,2023-24,22.0,DET,DET,False,PF,46.0,45.0,1423.0,30.93,6.3,12.9,0.487,2.3,5.9,0.383,4.0,7.0,0.575,0.575,2.2,2.9,0.753,2.5,7.8,10.3,2.5,0.6,1.3,2.2,3.3,17.0,114.0,119.0,11.3,0.6,0.458,0.223,5.7,18.4,11.9,7.1,0.6,2.3,13.6,14.5,0.9,0.8,1.7,0.056,-1.6,-0.7,-2.3,-0.1
wagnemo01,Moritz Wagner,2023-24,26.0,ORL,ORL,False,C,80.0,1.0,1415.0,17.69,11.6,19.3,0.601,1.3,4.0,0.33,10.3,15.3,0.673,0.636,5.8,7.1,0.814,4.1,8.0,12.1,3.4,1.4,0.7,3.4,5.6,30.4,126.0,112.0,20.6,0.676,0.208,0.37,9.6,19.3,14.4,11.2,1.4,1.4,13.1,22.8,3.5,2.0,5.6,0.188,1.7,0.3,2.0,1.4
herroty01,Tyler Herro,2023-24,24.0,MIA,MIA,False,SG,42.0,40.0,1407.0,33.5,11.5,26.1,0.441,4.7,11.8,0.396,6.8,14.3,0.478,0.531,3.4,3.9,0.856,0.7,7.2,7.9,6.7,1.1,0.1,3.3,2.2,31.0,108.0,114.0,15.7,0.558,0.453,0.151,1.5,16.5,8.9,22.4,1.1,0.2,10.6,27.8,0.4,1.6,2.0,0.068,1.5,-0.7,0.8,1.0
cartewe01,Wendell Carter Jr.,2023-24,24.0,ORL,ORL,False,C,55.0,48.0,1406.0,25.56,7.9,15.0,0.525,2.3,6.0,0.374,5.6,8.9,0.626,0.6,3.3,4.7,0.694,3.9,9.5,13.4,3.3,1.2,1.0,2.4,4.3,21.2,122.0,111.0,15.9,0.623,0.402,0.315,9.3,22.7,15.9,9.9,1.2,1.9,12.3,17.2,2.2,2.1,4.4,0.149,0.5,0.4,0.9,1.0
okongon01,Onyeka Okongwu,2023-24,23.0,ATL,ATL,False,C,55.0,8.0,1405.0,25.55,7.6,12.5,0.611,0.8,2.4,0.333,6.8,10.1,0.676,0.642,3.1,4.0,0.793,4.9,7.9,12.8,2.5,0.9,2.0,1.5,5.5,19.2,138.0,118.0,16.9,0.674,0.189,0.318,10.8,18.6,14.6,7.2,0.9,3.8,9.8,13.7,3.5,1.0,4.5,0.153,0.0,-0.5,-0.4,0.5
thompam01,Amen Thompson,2023-24,21.0,HOU,HOU,False,SF,62.0,23.0,1388.0,22.39,8.4,15.6,0.536,0.3,2.0,0.138,8.1,13.6,0.595,0.545,3.7,5.4,0.684,5.2,9.1,14.3,5.7,2.7,1.3,3.1,4.9,20.7,118.0,109.0,18.2,0.576,0.13,0.348,11.3,20.4,15.8,17.0,2.7,2.5,14.9,18.5,1.9,2.4,4.3,0.149,-0.1,1.9,1.8,1.3
highsha01,Haywood Highsmith,2023-24,27.0,MIA,MIA,False,PF,66.0,26.0,1366.0,20.7,5.6,12.0,0.465,2.8,7.0,0.396,2.8,5.0,0.562,0.581,0.8,1.3,0.639,2.4,5.3,7.7,2.6,1.9,1.1,1.2,4.3,14.8,118.0,112.0,11.1,0.587,0.584,0.109,5.3,12.1,8.7,7.2,1.9,2.1,9.0,12.4,1.1,1.9,3.1,0.108,-1.8,1.1,-0.7,0.5
daniedy01,Dyson Daniels,2023-24,20.0,NOP,NOP,False,PG,61.0,16.0,1358.0,22.26,5.0,11.2,0.447,1.5,4.9,0.311,3.5,6.4,0.551,0.514,1.2,1.9,0.642,2.2,6.3,8.5,5.9,3.1,0.9,2.1,3.6,12.8,113.0,110.0,12.0,0.529,0.434,0.17,5.1,14.1,9.7,15.4,3.1,1.8,15.0,12.6,0.7,2.2,2.9,0.103,-1.9,2.5,0.6,0.9
drumman01,Andre Drummond,2023-24,30.0,CHI,CHI,False,C,79.0,10.0,1351.0,17.1,9.9,17.7,0.556,0.0,0.1,0.0,9.9,17.6,0.56,0.556,4.8,8.0,0.592,9.8,16.3,26.1,1.4,2.7,1.8,3.0,5.2,24.5,119.0,107.0,23.0,0.576,0.006,0.454,21.5,37.4,29.3,4.1,2.7,3.6,12.3,21.3,2.3,2.6,4.9,0.175,0.8,-0.7,0.1,0.7
sassema01,Marcus Sasser,2023-24,23.0,DET,DET,False,PG,71.0,11.0,1351.0,19.03,7.8,18.2,0.428,3.2,8.5,0.375,4.6,9.7,0.474,0.516,2.1,2.4,0.879,0.4,4.1,4.5,8.4,1.6,0.4,3.2,3.7,20.9,108.0,120.0,11.8,0.542,0.469,0.129,0.9,9.6,5.2,25.4,1.6,0.8,14.3,19.9,0.3,0.6,0.9,0.033,-1.5,-1.1,-2.6,-0.2
murrakr01,Kris Murray,2023-24,23.0,POR,POR,False,SF,62.0,29.0,1348.0,21.74,5.3,13.4,0.396,1.8,6.7,0.268,3.5,6.7,0.525,0.463,1.4,2.1,0.661,3.1,5.1,8.2,2.9,1.9,0.8,2.0,3.4,13.8,103.0,118.0,9.0,0.481,0.5,0.153,6.7,12.3,9.3,8.4,1.9,1.4,12.3,14.1,-0.4,1.0,0.7,0.024,-3.5,-0.2,-3.6,-0.6
mcbrimi01,Miles McBride,2023-24,23.0,NYK,NYK,False,PG,68.0,14.0,1328.0,19.53,7.8,17.2,0.452,4.1,10.1,0.41,3.6,7.1,0.511,0.572,1.6,1.9,0.86,1.2,2.6,3.8,4.3,1.9,0.3,1.1,4.1,21.3,126.0,116.0,13.1,0.59,0.586,0.11,2.6,5.9,4.2,12.2,1.9,0.5,5.9,16.4,2.4,1.3,3.6,0.131,-0.4,0.4,-0.1,0.6
poeltja01,Jakob Poeltl,2023-24,28.0,TOR,TOR,False,C,50.0,50.0,1319.0,26.38,9.1,13.8,0.656,0.0,0.0,,9.1,13.8,0.656,0.656,2.2,3.9,0.551,5.3,10.4,15.7,4.6,1.3,2.8,2.8,5.5,20.3,125.0,115.0,18.9,0.653,0.0,0.283,11.9,24.1,17.9,14.0,1.3,5.1,15.3,16.2,2.4,1.4,3.8,0.138,-0.3,1.0,0.7,0.9
embiijo01,Joel Embiid,2023-24,29.0,PHI,PHI,False,C,39.0,39.0,1309.0,33.56,16.9,32.0,0.529,2.0,5.2,0.388,14.9,26.8,0.556,0.561,15.0,17.0,0.883,3.6,12.6,16.2,8.2,1.7,2.5,5.6,4.2,50.9,124.0,109.0,34.1,0.644,0.163,0.531,7.9,28.8,18.1,32.4,1.7,4.6,12.5,39.6,5.2,2.3,7.5,0.275,8.5,3.1,11.6,4.5
greenje02,Jeff Green,2023-24,37.0,HOU,HOU,False,PF,78.0,6.0,1307.0,16.76,6.2,13.6,0.456,2.0,5.9,0.331,4.2,7.6,0.553,0.529,4.5,5.5,0.819,1.7,4.9,6.6,2.6,0.6,1.2,1.7,3.7,18.9,119.0,117.0,11.3,0.59,0.437,0.407,3.7,10.9,7.3,7.3,0.6,2.2,9.6,15.5,1.4,1.2,2.6,0.095,-1.6,-0.4,-2.1,0.0
payneca01,Cameron Payne,2023-24,29.0,,2TM,True,PG,78.0,10.0,1304.0,16.72,7.7,17.9,0.432,3.9,9.9,0.39,3.9,8.0,0.486,0.541,2.2,2.5,0.866,0.8,3.6,4.4,7.6,1.6,0.4,2.5,4.7,21.5,116.0,118.0,12.8,0.566,0.555,0.139,1.8,8.1,4.9,21.9,1.6,0.8,11.4,19.1,1.4,1.0,2.4,0.089,-0.5,-0.6,-1.1,0.3
harriga01,Gary Harris,2023-24,29.0,ORL,ORL,False,SG,54.0,27.0,1297.0,24.02,5.0,11.3,0.441,2.9,7.8,0.371,2.1,3.5,0.598,0.569,1.3,1.7,0.756,0.9,2.6,3.5,3.3,1.9,0.5,1.2,3.5,14.2,120.0,114.0,9.4,0.587,0.69,0.152,2.2,6.1,4.1,9.1,1.9,1.0,8.9,11.7,1.1,1.5,2.7,0.099,-2.3,1.1,-1.2,0.3
livelde01,Dereck Lively II,2023-24,19.0,DAL,DAL,False,C,55.0,42.0,1294.0,23.53,8.2,11.0,0.747,0.0,0.1,0.0,8.2,10.9,0.752,0.747,1.5,3.0,0.506,5.0,9.0,14.0,2.2,1.3,2.9,1.9,5.3,17.9,139.0,112.0,18.1,0.728,0.007,0.274,11.4,20.4,16.0,6.4,1.3,5.2,13.1,12.6,3.1,1.8,4.9,0.183,-0.3,0.8,0.5,0.8
mccontj01,T.J. McConnell,2023-24,31.0,IND,IND,False,PG,71.0,4.0,1291.0,18.18,12.1,21.7,0.556,0.7,1.6,0.409,11.4,20.1,0.568,0.572,1.8,2.3,0.79,1.3,5.7,7.0,14.3,2.6,0.3,3.9,2.9,26.6,121.0,117.0,20.9,0.586,0.074,0.105,3.2,13.6,8.4,41.8,2.6,0.5,14.8,23.7,2.8,1.1,3.9,0.143,2.9,0.1,3.0,1.6
holidaa01,Aaron Holiday,2023-24,27.0,HOU,HOU,False,PG,78.0,1.0,1269.0,16.27,7.1,15.9,0.446,3.2,8.3,0.387,3.9,7.6,0.51,0.547,2.2,2.4,0.921,0.9,3.8,4.7,5.4,1.6,0.2,2.0,4.8,19.6,117.0,116.0,11.5,0.578,0.52,0.151,1.9,8.5,5.2,15.4,1.6,0.4,10.6,16.7,1.3,1.2,2.5,0.094,-1.8,0.3,-1.5,0.2
osmande01,Cedi Osman,2023-24,28.0,SAS,SAS,False,SF,72.0,3.0,1269.0,17.62,6.9,14.4,0.479,3.2,8.3,0.389,3.7,6.1,0.601,0.591,1.3,1.9,0.673,0.9,5.8,6.7,4.5,1.3,0.4,1.8,4.0,18.3,115.0,118.0,11.2,0.601,0.576,0.135,2.1,13.3,7.7,13.0,1.3,0.7,10.4,15.1,1.0,0.9,1.9,0.071,-1.7,-0.3,-2.1,0.0
dickgr01,Gradey Dick,2023-24,20.0,TOR,TOR,False,SG,60.0,17.0,1268.0,21.13,7.2,16.9,0.425,3.4,9.2,0.365,3.8,7.8,0.495,0.524,1.7,1.9,0.863,1.0,4.0,5.0,2.6,1.3,0.1,1.9,3.3,19.4,105.0,122.0,8.9,0.546,0.542,0.115,2.3,9.3,5.7,7.4,1.3,0.1,9.7,17.4,-0.1,0.4,0.3,0.01,-3.2,-2.2,-5.4,-1.1
marshna01,Naji Marshall,2023-24,26.0,NOP,NOP,False,SF,66.0,1.0,1257.0,19.05,6.6,14.3,0.463,2.3,5.9,0.387,4.4,8.5,0.516,0.542,2.7,3.4,0.791,2.1,7.3,9.4,5.0,1.9,0.5,2.5,3.5,18.2,115.0,113.0,12.7,0.576,0.409,0.234,4.8,16.4,10.6,13.6,1.9,0.9,13.8,16.3,1.0,1.6,2.6,0.1,-1.3,0.5,-0.7,0.4
dunnkr01,Kris Dunn,2023-24,29.0,UTA,UTA,False,PG,66.0,32.0,1249.0,18.92,5.7,12.1,0.47,1.6,4.3,0.369,4.1,7.8,0.525,0.535,0.8,1.2,0.688,1.9,5.4,7.3,9.8,2.6,1.1,3.1,5.2,13.8,116.0,118.0,12.8,0.546,0.355,0.102,4.4,12.2,8.3,27.1,2.6,2.0,19.5,13.6,1.1,0.9,2.0,0.076,-1.5,1.4,-0.1,0.6
haywago01,Gordon Hayward,2023-24,33.0,,2TM,True,SF,51.0,28.0,1245.0,24.41,7.3,15.8,0.464,1.5,3.5,0.411,5.9,12.3,0.479,0.51,3.5,4.7,0.742,1.5,5.6,7.1,6.2,1.6,0.5,2.6,2.6,19.6,111.0,118.0,12.8,0.548,0.223,0.298,3.4,13.0,8.1,18.3,1.6,1.0,12.6,18.4,0.6,0.9,1.5,0.058,-1.6,-0.5,-2.1,0.0
jacksgg01,GG Jackson II,2023-24,19.0,MEM,MEM,False,PF,48.0,18.0,1233.0,25.69,9.6,22.3,0.428,4.0,11.3,0.357,5.5,11.0,0.502,0.519,4.6,6.1,0.752,2.1,5.7,7.8,2.3,1.1,1.0,2.6,2.5,27.7,107.0,117.0,13.7,0.554,0.508,0.272,4.5,13.2,8.7,8.0,1.1,1.8,9.3,24.2,0.2,1.1,1.2,0.048,-0.2,-1.8,-2.0,0.0
wiggiaa01,Aaron Wiggins,2023-24,25.0,OKC,OKC,False,SG,78.0,4.0,1228.0,15.74,8.3,14.8,0.562,2.4,4.9,0.492,5.9,9.8,0.598,0.645,2.2,2.8,0.789,2.3,4.9,7.3,3.4,2.2,0.7,2.2,3.6,21.2,125.0,113.0,15.6,0.664,0.334,0.188,5.7,11.0,8.4,9.3,2.2,1.4,12.1,16.4,2.1,1.6,3.7,0.144,0.4,0.4,0.7,0.8
nancela02,Larry Nance Jr.,2023-24,31.0,NOP,NOP,False,C,61.0,0.0,1216.0,19.93,5.6,9.7,0.573,1.1,2.6,0.415,4.5,7.1,0.631,0.629,1.9,2.5,0.77,3.8,8.6,12.4,4.6,2.5,0.8,2.0,4.0,14.1,131.0,111.0,14.9,0.653,0.27,0.253,8.7,19.3,14.1,12.1,2.5,1.5,15.5,11.3,2.1,1.9,4.1,0.16,-0.2,2.2,2.0,1.2
reathdu01,Duop Reath,2023-24,27.0,POR,POR,False,C,68.0,20.0,1214.0,17.85,9.4,20.3,0.461,3.6,10.0,0.359,5.8,10.3,0.559,0.549,2.8,3.8,0.742,3.8,6.4,10.2,2.7,1.3,1.5,2.1,6.5,25.1,116.0,117.0,15.1,0.571,0.491,0.186,8.1,15.4,11.5,8.9,1.3,2.8,8.8,20.7,1.4,1.0,2.4,0.095,-0.2,-0.7,-0.9,0.3
burksal01,Alec Burks,2023-24,32.0,,2TM,True,SG,66.0,1.0,1212.0,18.36,8.4,22.9,0.369,5.0,13.3,0.376,3.5,9.6,0.36,0.478,5.8,6.7,0.868,1.0,5.1,6.0,3.5,1.1,0.5,1.9,3.0,27.7,111.0,120.0,12.9,0.536,0.58,0.293,2.2,11.8,6.9,10.7,1.1,0.9,7.0,24.4,0.7,0.7,1.4,0.054,-0.3,-2.0,-2.3,-0.1
looneke01,Kevon Looney,2023-24,27.0,GSW,GSW,False,C,74.0,36.0,1195.0,16.15,5.6,9.4,0.597,0.0,0.0,0.0,5.6,9.4,0.599,0.597,2.3,3.4,0.675,5.8,11.2,17.0,5.4,1.1,1.2,2.0,6.3,13.5,134.0,113.0,15.1,0.62,0.004,0.356,13.1,24.6,18.9,14.1,1.1,2.2,15.6,11.3,2.5,1.6,4.0,0.162,-0.8,1.4,0.6,0.8
roddyda01,David Roddy,2023-24,22.0,,2TM,True,PF,65.0,13.0,1177.0,18.11,6.9,17.0,0.403,2.0,6.8,0.293,4.9,10.2,0.478,0.462,2.0,2.8,0.691,2.2,6.6,8.8,3.3,1.1,0.5,2.4,3.0,17.6,98.0,117.0,8.7,0.484,0.401,0.166,4.8,15.2,9.8,10.3,1.1,0.9,11.5,18.1,-0.9,1.0,0.1,0.004,-4.0,-1.0,-5.0,-0.9
micicva01,Vasilije Micić,2023-24,30.0,,2TM,True,PG,60.0,21.0,1176.0,19.6,6.6,15.4,0.43,1.8,6.4,0.279,4.8,9.0,0.537,0.488,2.5,3.1,0.813,0.6,3.1,3.7,10.9,1.3,0.3,4.1,2.8,17.6,105.0,121.0,10.7,0.524,0.416,0.203,1.3,7.1,4.2,31.1,1.3,0.6,19.7,18.8,-0.1,0.4,0.4,0.015,-2.5,-2.2,-4.6,-0.8
willipa01,Patrick Williams,2023-24,22.0,CHI,CHI,False,PF,43.0,30.0,1174.0,27.3,6.8,15.2,0.443,2.5,6.3,0.399,4.2,9.0,0.474,0.525,2.2,2.8,0.788,2.0,5.1,7.0,2.8,1.7,1.4,2.4,3.7,18.2,107.0,117.0,11.0,0.553,0.412,0.184,4.3,11.7,7.9,7.7,1.7,2.9,12.8,16.6,0.1,1.0,1.2,0.048,-2.1,-0.1,-2.3,-0.1
konchjo01,John Konchar,2023-24,27.0,MEM,MEM,False,SF,55.0,23.0,1173.0,21.33,3.7,8.7,0.423,1.6,5.0,0.317,2.1,3.7,0.568,0.514,0.9,1.0,0.84,3.0,7.7,10.7,4.6,2.1,2.1,1.9,3.2,9.8,114.0,112.0,11.4,0.537,0.577,0.12,6.5,18.0,12.0,13.0,2.1,4.1,17.4,9.7,0.5,1.7,2.2,0.091,-2.6,2.2,-0.4,0.5
eubandr01,Drew Eubanks,2023-24,26.0,PHO,PHO,False,C,75.0,6.0,1169.0,15.59,6.3,10.6,0.601,0.1,0.1,1.0,6.2,10.4,0.596,0.607,3.0,3.9,0.774,4.3,9.1,13.4,2.6,1.1,2.5,2.5,4.8,15.8,123.0,113.0,14.4,0.645,0.012,0.368,10.5,20.1,15.6,7.2,1.1,4.6,17.2,13.2,1.6,1.6,3.1,0.129,-2.0,0.8,-1.2,0.2
inglejo01,Joe Ingles,2023-24,36.0,ORL,ORL,False,SF,68.0,0.0,1169.0,17.19,4.2,9.6,0.436,3.0,6.8,0.435,1.2,2.8,0.439,0.59,1.2,1.4,0.824,0.8,5.3,6.0,8.6,1.8,0.2,2.8,3.7,12.5,119.0,113.0,10.6,0.612,0.709,0.15,1.8,12.6,7.1,23.0,1.8,0.4,21.7,11.6,1.1,1.5,2.6,0.108,-1.7,1.2,-0.5,0.5
blackan01,Anthony Black,2023-24,20.0,ORL,ORL,False,PG,69.0,33.0,1164.0,16.87,4.9,10.5,0.466,1.6,4.0,0.394,3.3,6.5,0.51,0.54,2.1,3.4,0.613,1.4,4.5,5.9,3.9,1.5,0.9,2.4,4.7,13.4,108.0,113.0,8.4,0.56,0.381,0.324,3.3,10.8,7.0,10.6,1.5,1.7,16.6,12.7,0.1,1.5,1.6,0.067,-3.8,0.8,-3.0,-0.3
hawkijo01,Jordan Hawkins,2023-24,21.0,NOP,NOP,False,SG,67.0,10.0,1160.0,17.31,7.4,19.3,0.382,4.6,12.6,0.366,2.7,6.7,0.411,0.501,2.8,3.4,0.838,1.2,5.0,6.3,3.0,0.8,0.3,1.7,3.0,22.1,109.0,117.0,10.2,0.533,0.654,0.175,2.8,11.3,7.1,8.2,0.8,0.6,7.5,19.9,0.3,1.0,1.3,0.053,-1.3,-1.7,-3.1,-0.3
lylestr01,Trey Lyles,2023-24,28.0,SAC,SAC,False,PF,58.0,0.0,1158.0,19.97,6.0,13.5,0.445,3.5,9.2,0.384,2.5,4.3,0.578,0.576,2.1,2.9,0.7,2.6,8.2,10.8,3.0,0.7,0.8,1.6,3.6,17.6,120.0,116.0,11.9,0.596,0.682,0.218,5.8,19.4,12.4,8.1,0.7,1.5,9.7,14.4,1.3,1.0,2.4,0.098,-0.4,-0.7,-1.1,0.3
moodymo01,Moses Moody,2023-24,21.0,GSW,GSW,False,SG,66.0,9.0,1156.0,17.52,8.1,17.6,0.462,3.0,8.4,0.36,5.1,9.2,0.555,0.548,3.1,3.9,0.785,2.7,5.5,8.2,2.4,1.8,1.0,1.8,3.8,22.3,117.0,115.0,13.7,0.578,0.476,0.221,6.2,12.1,9.2,6.7,1.8,1.9,8.7,18.4,1.2,1.2,2.4,0.101,-0.2,0.1,-0.1,0.6
crowdja01,Jae Crowder,2023-24,33.0,MIL,MIL,False,PF,50.0,25.0,1156.0,23.12,4.7,11.2,0.422,2.4,6.9,0.349,2.3,4.3,0.538,0.53,1.1,1.5,0.722,1.3,5.4,6.7,2.7,1.6,0.4,1.0,3.1,13.0,114.0,117.0,8.9,0.546,0.615,0.133,3.0,12.1,7.6,7.2,1.6,0.7,7.4,11.5,0.6,1.0,1.6,0.065,-2.6,0.0,-2.6,-0.2
jackstr02,Trayce Jackson-Davis,2023-24,23.0,GSW,GSW,False,PF,68.0,16.0,1130.0,16.62,10.0,14.2,0.702,0.0,0.0,0.0,10.0,14.2,0.704,0.702,3.2,5.7,0.561,5.8,8.8,14.6,3.5,1.2,3.3,2.1,4.6,23.1,136.0,112.0,21.6,0.692,0.003,0.398,13.1,19.4,16.3,10.4,1.2,6.1,11.2,16.4,3.2,1.6,4.8,0.205,1.5,1.2,2.8,1.4
brogdma01,Malcolm Brogdon,2023-24,31.0,POR,POR,False,PG,39.0,25.0,1121.0,28.74,9.6,21.8,0.44,3.6,8.8,0.412,6.0,13.1,0.458,0.522,4.2,5.1,0.819,1.2,5.3,6.5,9.4,1.2,0.4,2.6,2.6,27.0,120.0,120.0,17.0,0.56,0.401,0.234,2.6,12.8,7.4,30.9,1.2,0.6,9.9,23.0,2.0,0.6,2.6,0.111,2.7,-0.7,2.0,1.1
wadede01,Dean Wade,2023-24,27.0,CLE,CLE,False,PF,54.0,32.0,1108.0,20.52,4.3,10.3,0.414,3.5,9.0,0.391,0.8,1.3,0.567,0.584,0.9,1.2,0.769,1.6,8.1,9.7,1.9,1.8,1.1,0.9,4.1,13.0,121.0,111.0,10.2,0.598,0.871,0.112,3.8,18.2,11.1,5.0,1.8,2.0,7.6,10.5,0.9,1.6,2.5,0.11,-1.7,1.8,0.1,0.6
richajo01,Josh Richardson,2023-24,30.0,MIA,MIA,False,SG,43.0,6.0,1103.0,25.65,7.0,15.7,0.444,3.0,8.6,0.347,4.0,7.1,0.561,0.539,2.3,2.4,0.944,0.8,4.7,5.5,4.7,1.1,0.6,1.6,3.4,19.2,115.0,115.0,11.4,0.573,0.548,0.156,1.8,10.7,6.2,13.9,1.1,1.2,8.9,16.5,0.9,1.2,2.1,0.093,-1.3,0.0,-1.3,0.2
mitchda01,Davion Mitchell,2023-24,25.0,SAC,SAC,False,PG,72.0,4.0,1101.0,15.29,6.4,14.2,0.452,2.5,7.0,0.361,3.9,7.3,0.539,0.54,1.3,1.9,0.714,0.8,3.4,4.2,5.9,0.7,0.1,1.9,3.7,16.7,114.0,120.0,9.3,0.555,0.489,0.13,1.9,7.9,4.8,16.0,0.7,0.2,11.2,14.9,0.8,0.6,1.3,0.059,-2.4,-1.0,-3.4,-0.4
saricda01,Dario Šarić,2023-24,29.0,GSW,GSW,False,C,64.0,9.0,1098.0,17.16,8.0,17.1,0.466,3.3,8.7,0.376,4.7,8.4,0.56,0.562,3.5,4.1,0.849,3.2,9.3,12.5,6.3,1.4,0.4,3.4,4.9,22.7,119.0,115.0,15.3,0.6,0.508,0.24,7.3,20.4,13.9,17.8,1.4,0.8,15.4,19.5,1.6,1.2,2.8,0.123,0.6,0.4,1.0,0.9
wisemja01,James Wiseman,2023-24,22.0,DET,DET,False,C,63.0,6.0,1091.0,17.32,8.2,13.4,0.613,0.0,0.1,0.0,8.2,13.4,0.617,0.613,3.2,4.5,0.706,4.9,10.0,14.8,2.4,0.5,1.7,2.9,6.2,19.7,119.0,118.0,14.8,0.637,0.007,0.334,11.0,23.5,17.2,7.3,0.5,3.1,15.9,16.3,1.3,0.8,2.1,0.094,-2.6,-0.9,-3.5,-0.4
exumda01,Danté Exum,2023-24,28.0,DAL,DAL,False,PG,55.0,17.0,1088.0,19.78,7.1,13.3,0.533,2.3,4.8,0.491,4.8,8.6,0.557,0.621,2.3,3.0,0.779,1.1,5.5,6.6,6.9,1.0,0.2,2.2,3.7,18.9,128.0,118.0,13.7,0.645,0.358,0.225,2.5,12.4,7.5,19.3,1.0,0.4,12.9,15.0,2.1,0.8,2.9,0.127,-0.3,-0.3,-0.6,0.4
merrisa01,Sam Merrill,2023-24,27.0,CLE,CLE,False,SG,61.0,1.0,1069.0,17.52,7.3,18.2,0.402,6.6,16.4,0.404,0.7,1.8,0.385,0.584,1.2,1.3,0.929,1.0,4.5,5.5,5.0,0.9,0.2,0.9,3.3,22.4,125.0,117.0,13.1,0.598,0.901,0.071,2.3,10.2,6.3,14.1,0.9,0.3,4.5,17.5,1.9,0.9,2.8,0.125,1.3,-0.8,0.5,0.7
smithde03,Dennis Smith Jr.,2023-24,26.0,BRK,BRK,False,PG,56.0,2.0,1059.0,18.91,6.9,15.8,0.435,1.5,5.1,0.294,5.4,10.7,0.502,0.482,2.0,2.7,0.741,2.3,5.3,7.7,9.5,3.2,0.6,3.2,5.7,17.3,110.0,114.0,13.4,0.508,0.322,0.172,5.0,12.1,8.5,27.3,3.2,1.0,15.8,17.7,0.5,1.3,1.8,0.08,-2.6,1.8,-0.8,0.3
sharpsh01,Shaedon Sharpe,2023-24,20.0,POR,POR,False,SG,32.0,25.0,1059.0,33.09,8.2,20.2,0.406,2.8,8.4,0.333,5.4,11.8,0.457,0.475,4.6,5.5,0.824,2.0,5.5,7.5,4.4,1.3,0.6,3.4,4.1,23.8,105.0,119.0,11.4,0.524,0.415,0.274,4.2,13.3,8.5,13.8,1.3,1.0,12.9,22.4,-0.2,0.6,0.5,0.022,-1.9,-0.9,-2.8,-0.2
goodwjo01,Jordan Goodwin,2023-24,25.0,,2TM,True,PG,57.0,12.0,1055.0,18.51,6.5,17.7,0.369,1.9,6.5,0.298,4.6,11.2,0.411,0.424,2.0,2.7,0.746,4.1,7.6,11.7,7.2,2.2,0.8,2.6,3.5,17.0,105.0,113.0,12.6,0.451,0.369,0.154,9.3,17.3,13.3,20.9,2.2,1.6,12.1,19.0,-0.2,1.4,1.2,0.054,-1.5,0.5,-1.0,0.3
baglema01,Marvin Bagley III,2023-24,24.0,,2TM,True,C,50.0,25.0,1053.0,21.06,10.8,18.4,0.586,0.4,1.0,0.391,10.3,17.3,0.597,0.597,4.3,5.7,0.762,5.8,8.2,14.0,2.5,0.9,1.5,2.7,3.6,26.2,122.0,119.0,19.4,0.629,0.056,0.309,13.1,19.2,16.1,8.1,0.9,2.6,11.3,21.0,2.0,0.7,2.7,0.122,1.0,-1.4,-0.4,0.4
craigto01,Torrey Craig,2023-24,33.0,CHI,CHI,False,SF,53.0,14.0,1049.0,19.79,5.1,11.9,0.43,2.9,7.3,0.392,2.3,4.7,0.49,0.55,1.3,1.7,0.75,3.3,7.0,10.3,2.8,1.4,1.0,1.5,5.2,14.4,119.0,117.0,10.8,0.568,0.61,0.143,7.2,16.1,11.6,7.3,1.4,2.1,10.7,12.5,1.0,0.9,1.9,0.087,-1.8,-0.2,-2.0,0.0
smithja04,Jalen Smith,2023-24,23.0,IND,IND,False,C,61.0,14.0,1047.0,17.16,10.5,17.8,0.592,2.7,6.5,0.424,7.8,11.3,0.689,0.67,3.2,4.7,0.692,5.0,10.1,15.2,2.8,0.8,1.7,2.0,5.6,27.1,133.0,117.0,20.7,0.682,0.365,0.263,12.1,24.3,18.2,8.0,0.8,2.9,9.1,19.4,3.1,0.9,4.0,0.182,3.2,-0.8,2.4,1.2
bantoda01,Dalano Banton,2023-24,24.0,,2TM,True,PG,54.0,9.0,1047.0,19.39,9.5,23.6,0.404,2.8,9.4,0.296,6.7,14.2,0.475,0.463,4.4,5.7,0.783,1.9,6.5,8.4,6.0,1.6,0.9,3.6,3.0,26.3,103.0,117.0,13.3,0.504,0.398,0.24,4.2,15.2,9.5,19.4,1.6,1.7,12.2,25.7,-0.4,0.9,0.5,0.024,-0.7,-0.6,-1.3,0.2
willizi02,Ziaire Williams,2023-24,22.0,MEM,MEM,False,SF,51.0,15.0,1038.0,20.35,7.1,17.8,0.397,2.7,8.9,0.307,4.3,8.9,0.487,0.474,2.9,3.5,0.827,1.6,6.8,8.5,3.5,1.7,0.4,3.1,4.0,19.8,98.0,115.0,9.3,0.511,0.5,0.198,3.5,15.9,9.5,11.1,1.7,0.8,13.8,19.7,-0.9,1.1,0.2,0.01,-4.0,-0.4,-4.5,-0.6
tateja01,Jae'Sean Tate,2023-24,28.0,HOU,HOU,False,SF,65.0,9.0,1031.0,15.86,5.1,10.8,0.472,1.1,3.6,0.299,4.0,7.2,0.559,0.522,1.2,1.8,0.667,2.9,6.4,9.3,3.0,2.0,0.7,1.7,6.4,12.5,112.0,113.0,9.3,0.538,0.336,0.17,6.3,14.3,10.2,8.2,2.0,1.3,13.1,11.7,0.4,1.3,1.8,0.082,-3.7,1.5,-2.3,-0.1
willike04,Kenrich Williams,2023-24,29.0,OKC,OKC,False,PF,69.0,1.0,1029.0,14.91,6.1,13.1,0.468,2.6,6.6,0.397,3.5,6.5,0.54,0.568,0.3,0.7,0.5,2.9,6.9,9.8,4.3,1.8,0.4,1.5,4.7,15.2,120.0,113.0,11.9,0.568,0.504,0.05,6.9,15.4,11.3,11.4,1.8,0.8,10.1,13.4,1.1,1.3,2.5,0.115,-1.1,0.3,-0.8,0.3
alvarjo01,Jose Alvarado,2023-24,25.0,NOP,NOP,False,PG,56.0,0.0,1028.0,18.36,6.8,16.5,0.412,3.7,9.9,0.377,3.1,6.6,0.464,0.525,1.7,2.5,0.673,1.2,4.9,6.1,5.6,2.8,0.7,1.9,4.2,18.9,112.0,112.0,12.5,0.54,0.6,0.151,2.7,11.0,6.9,15.3,2.8,1.4,9.8,17.3,0.6,1.5,2.1,0.097,-1.5,1.5,-0.1,0.5
grimequ01,Quentin Grimes,2023-24,23.0,,2TM,True,SG,51.0,18.0,1025.0,20.1,6.0,16.0,0.372,4.0,11.7,0.338,2.0,4.3,0.466,0.495,1.7,2.2,0.756,0.7,4.2,4.9,3.2,1.7,0.3,1.4,3.7,17.6,109.0,116.0,8.9,0.516,0.732,0.137,1.6,9.3,5.5,8.7,1.7,0.6,7.5,15.8,0.3,1.0,1.3,0.06,-2.6,0.4,-2.2,-0.1
meltode01,De'Anthony Melton,2023-24,25.0,PHI,PHI,False,SG,38.0,33.0,1023.0,26.92,6.7,17.3,0.386,3.7,10.3,0.36,3.0,7.0,0.425,0.493,3.2,3.8,0.835,1.3,5.4,6.8,5.5,2.9,0.8,1.9,4.0,20.3,113.0,113.0,13.4,0.533,0.594,0.219,3.0,12.4,7.6,15.4,2.9,1.4,9.0,18.3,0.8,1.4,2.1,0.099,-0.7,1.2,0.5,0.7
theisda01,Daniel Theis,2023-24,31.0,,2TM,True,C,60.0,3.0,1015.0,16.92,7.6,14.2,0.532,1.3,3.5,0.366,6.3,10.8,0.586,0.577,1.8,2.4,0.76,4.1,7.7,11.9,3.0,1.0,2.5,2.0,6.2,18.3,121.0,114.0,14.4,0.597,0.242,0.171,9.8,17.1,13.6,8.3,1.0,4.5,11.8,15.4,1.4,1.2,2.5,0.119,-1.7,0.1,-1.6,0.1
walkelo01,Lonnie Walker IV,2023-24,25.0,BRK,BRK,False,SG,58.0,0.0,1011.0,17.43,10.2,24.1,0.423,5.1,13.3,0.384,5.1,10.8,0.471,0.528,2.2,2.9,0.763,0.6,5.6,6.2,3.6,1.6,1.0,2.5,3.5,27.7,105.0,117.0,13.1,0.545,0.551,0.12,1.4,12.7,6.9,11.5,1.6,1.8,9.0,24.4,-0.1,0.9,0.8,0.038,-0.4,-1.0,-1.4,0.2
hortota01,Talen Horton-Tucker,2023-24,23.0,UTA,UTA,False,PG,51.0,11.0,1009.0,19.78,8.8,22.2,0.396,2.9,8.7,0.33,5.9,13.5,0.438,0.46,4.2,5.2,0.807,1.0,4.8,5.8,8.5,2.2,0.9,3.1,4.5,24.7,108.0,120.0,13.4,0.503,0.391,0.234,2.3,10.8,6.6,25.5,2.2,1.7,11.2,24.0,0.3,0.5,0.8,0.039,-0.9,-0.4,-1.2,0.2
hayeski01,Killian Hayes,2023-24,22.0,DET,DET,False,PG,42.0,31.0,1008.0,24.0,5.6,13.5,0.413,1.1,3.5,0.297,4.5,10.0,0.455,0.452,1.6,2.4,0.66,0.5,5.2,5.7,9.8,1.7,1.0,2.4,3.6,13.8,106.0,119.0,10.5,0.474,0.261,0.177,1.2,12.2,6.6,27.8,1.7,1.7,14.3,15.1,0.0,0.7,0.7,0.032,-2.9,0.2,-2.7,-0.2
carteje01,Jevon Carter,2023-24,28.0,CHI,CHI,False,PG,72.0,0.0,1004.0,13.94,6.9,18.1,0.378,3.8,11.6,0.329,3.0,6.5,0.466,0.484,0.2,0.3,0.571,0.5,2.4,3.0,4.7,1.8,0.8,1.8,3.5,17.7,101.0,119.0,8.5,0.485,0.641,0.019,1.2,5.6,3.3,12.9,1.8,1.6,8.9,17.7,-0.5,0.7,0.2,0.009,-3.3,-0.7,-4.0,-0.5
kennalu01,Luke Kennard,2023-24,27.0,MEM,MEM,False,SG,39.0,22.0,999.0,25.62,6.9,15.4,0.448,5.2,11.6,0.45,1.7,3.8,0.442,0.617,2.0,2.2,0.889,0.5,5.0,5.5,6.7,1.0,0.1,2.6,1.9,21.0,121.0,119.0,13.1,0.641,0.756,0.143,1.2,11.6,6.2,20.8,1.0,0.2,13.9,16.7,1.4,0.7,2.1,0.099,0.6,-0.9,-0.3,0.4
mathega01,Garrison Mathews,2023-24,27.0,ATL,ATL,False,SG,66.0,5.0,992.0,15.03,5.0,10.9,0.456,4.1,9.3,0.44,0.9,1.6,0.545,0.644,1.6,2.0,0.81,0.8,3.6,4.4,1.8,1.0,0.4,0.9,5.6,15.7,131.0,123.0,8.9,0.665,0.854,0.186,1.8,8.6,5.1,4.8,1.0,0.7,7.2,11.1,1.4,0.2,1.6,0.077,-2.1,-0.9,-3.0,-0.2
hardyja02,Jaden Hardy,2023-24,21.0,DAL,DAL,False,SG,73.0,7.0,989.0,13.55,9.5,23.2,0.407,3.9,10.9,0.362,5.5,12.4,0.447,0.492,2.9,3.7,0.776,1.0,5.4,6.4,5.3,1.1,0.2,3.0,3.9,25.7,103.0,118.0,11.2,0.517,0.468,0.159,2.2,12.2,7.2,15.7,1.1,0.4,10.8,24.9,-0.4,0.7,0.3,0.014,-2.0,-2.1,-4.1,-0.5
manntr01,Tre Mann,2023-24,22.0,,2TM,True,PG,41.0,28.0,987.0,24.07,7.2,15.7,0.459,2.3,6.3,0.373,4.9,9.5,0.516,0.533,2.2,2.9,0.763,1.0,6.4,7.4,8.2,2.5,0.1,3.2,2.4,19.0,110.0,118.0,13.7,0.559,0.399,0.187,2.2,15.0,8.5,24.1,2.5,0.3,16.0,18.2,0.4,0.8,1.2,0.058,-1.7,0.4,-1.3,0.2
reddica01,Cam Reddish,2023-24,24.0,LAL,LAL,False,SF,48.0,26.0,984.0,20.5,4.4,11.3,0.389,1.8,5.3,0.336,2.6,6.0,0.435,0.468,2.0,2.6,0.759,1.3,3.5,4.8,2.3,2.3,0.7,1.5,3.1,12.6,102.0,116.0,7.7,0.504,0.47,0.231,3.2,7.7,5.6,6.0,2.3,1.2,10.7,12.7,-0.3,0.9,0.6,0.03,-4.0,0.8,-3.2,-0.3
kornelu01,Luke Kornet,2023-24,28.0,BOS,BOS,False,C,63.0,7.0,983.0,15.6,7.1,10.2,0.7,0.1,0.1,1.0,7.1,10.2,0.698,0.702,2.5,2.7,0.907,5.9,7.2,13.1,3.4,1.2,3.1,1.1,3.9,16.8,157.0,110.0,19.8,0.736,0.005,0.266,13.5,15.1,14.3,8.9,1.2,5.5,8.5,11.0,3.5,1.6,5.1,0.248,1.6,1.8,3.4,1.3
elliske01,Keon Ellis,2023-24,24.0,SAC,SAC,False,SG,57.0,21.0,978.0,17.16,5.3,11.5,0.461,3.5,8.3,0.417,1.8,3.2,0.578,0.612,1.3,1.7,0.743,1.6,4.6,6.2,4.2,2.5,1.4,1.8,5.6,15.4,122.0,113.0,12.0,0.627,0.724,0.151,3.6,10.8,7.1,11.1,2.5,2.7,13.0,12.4,1.1,1.2,2.3,0.114,-0.9,2.1,1.2,0.8
tillmxa01,Xavier Tillman Sr.,2023-24,25.0,,2TM,True,PF,54.0,15.0,974.0,18.04,6.1,14.0,0.434,1.0,4.1,0.247,5.1,10.0,0.51,0.47,1.1,2.5,0.44,3.5,7.1,10.6,3.9,2.6,2.2,1.7,3.8,14.3,105.0,110.0,12.2,0.472,0.29,0.179,7.7,16.1,11.8,11.3,2.6,4.2,10.1,14.8,-0.1,1.6,1.4,0.071,-3.1,1.9,-1.2,0.2
okogijo01,Josh Okogie,2023-24,25.0,PHO,PHO,False,SG,60.0,11.0,960.0,16.0,4.4,10.5,0.417,1.5,4.8,0.309,2.9,5.7,0.509,0.488,3.9,5.2,0.745,3.8,4.1,7.8,3.3,2.4,1.2,1.8,3.5,14.1,119.0,114.0,12.0,0.552,0.456,0.495,9.2,9.0,9.1,8.4,2.4,2.2,12.5,13.0,1.0,1.1,2.1,0.104,-1.3,0.8,-0.5,0.4
bitadgo01,Goga Bitadze,2023-24,24.0,ORL,ORL,False,C,62.0,33.0,957.0,15.44,6.5,10.8,0.603,0.1,0.7,0.143,6.4,10.1,0.636,0.608,2.9,4.5,0.655,5.6,9.2,14.8,4.1,1.7,3.7,2.3,5.5,16.1,128.0,107.0,17.8,0.629,0.067,0.416,13.3,21.9,17.5,11.7,1.7,7.0,15.1,13.3,1.8,1.9,3.7,0.186,-0.7,2.8,2.1,1.0
chrisma02,Max Christie,2023-24,20.0,LAL,LAL,False,SG,67.0,7.0,944.0,14.09,5.2,12.1,0.427,2.1,5.9,0.356,3.1,6.2,0.496,0.515,1.8,2.3,0.783,0.8,6.4,7.2,3.0,1.0,0.9,1.8,2.9,14.3,105.0,117.0,8.4,0.544,0.49,0.191,1.9,14.2,8.4,8.0,1.0,1.6,11.8,13.6,-0.1,0.8,0.7,0.036,-3.2,-0.4,-3.6,-0.4
loveke01,Kevin Love,2023-24,35.0,MIA,MIA,False,PF,55.0,5.0,924.0,16.8,8.5,19.4,0.44,4.5,13.2,0.344,4.0,6.2,0.643,0.557,4.6,5.8,0.787,3.2,15.1,18.2,6.2,1.0,0.5,2.6,5.2,26.2,121.0,109.0,18.5,0.597,0.68,0.301,7.2,34.5,20.7,19.0,1.0,1.1,10.6,21.9,1.7,1.6,3.3,0.17,2.7,1.0,3.6,1.3
sharpda01,Day'Ron Sharpe,2023-24,22.0,BRK,BRK,False,C,61.0,1.0,921.0,15.1,9.0,15.8,0.571,0.2,0.8,0.267,8.8,15.0,0.588,0.578,4.0,6.6,0.61,8.7,12.3,20.9,4.6,1.3,2.4,3.8,7.0,22.3,120.0,112.0,20.0,0.596,0.051,0.418,18.6,27.9,23.1,14.0,1.3,4.3,16.7,19.7,1.6,1.3,2.9,0.152,-0.4,0.4,0.0,0.5
isaacjo01,Jonathan Isaac,2023-24,26.0,ORL,ORL,False,PF,58.0,2.0,914.0,15.76,7.9,15.5,0.51,2.3,6.1,0.375,5.6,9.4,0.598,0.584,3.2,4.4,0.72,4.0,10.1,14.1,1.6,2.3,3.8,1.5,3.5,21.3,124.0,105.0,19.2,0.61,0.392,0.287,9.3,24.2,16.7,4.8,2.3,7.1,7.7,16.7,1.5,2.1,3.6,0.188,1.4,2.4,3.8,1.4
fultzma01,Markelle Fultz,2023-24,25.0,ORL,ORL,False,PG,43.0,18.0,910.0,21.16,8.4,17.7,0.472,0.2,1.0,0.222,8.2,16.8,0.487,0.479,1.3,1.8,0.697,3.0,4.5,7.5,6.5,2.3,0.8,2.7,3.5,18.2,106.0,112.0,12.6,0.492,0.055,0.101,7.2,10.7,8.9,19.7,2.3,1.5,12.8,18.8,0.0,1.3,1.3,0.069,-2.6,1.2,-1.4,0.1
mcderdo01,Doug McDermott,2023-24,32.0,,2TM,True,SF,64.0,0.0,904.0,14.12,6.4,14.9,0.433,4.9,12.0,0.41,1.5,2.9,0.527,0.599,0.6,1.0,0.579,0.5,2.6,3.1,3.7,0.8,0.1,1.5,3.4,18.4,114.0,122.0,9.1,0.6,0.806,0.067,1.2,6.0,3.6,10.3,0.8,0.2,8.7,14.9,0.6,0.3,0.9,0.046,-1.5,-1.9,-3.4,-0.3
willija07,Jaylin Williams,2023-24,21.0,OKC,OKC,False,C,69.0,1.0,897.0,13.0,5.1,12.2,0.417,2.8,7.7,0.368,2.3,4.5,0.5,0.533,1.8,2.2,0.805,1.9,10.6,12.5,5.9,1.5,1.4,1.8,5.3,14.8,119.0,110.0,12.7,0.561,0.632,0.18,4.7,23.7,14.5,15.0,1.5,2.8,12.1,13.5,1.0,1.5,2.4,0.13,-0.8,1.9,1.1,0.7
jovicni01,Nikola Jović,2023-24,20.0,MIA,MIA,False,PF,46.0,38.0,896.0,19.48,7.1,15.6,0.452,3.6,9.1,0.399,3.5,6.6,0.525,0.568,1.8,2.6,0.702,1.4,9.3,10.7,5.0,1.4,0.8,2.3,4.6,19.6,113.0,111.0,12.8,0.583,0.58,0.167,3.1,21.3,12.1,14.7,1.4,1.5,12.2,17.1,0.6,1.3,1.9,0.103,-0.9,1.3,0.3,0.5
mcgowbr01,Bryce McGowens,2023-24,21.0,CHO,CHO,False,SG,59.0,14.0,882.0,14.95,5.7,12.9,0.439,1.9,5.7,0.333,3.7,7.2,0.523,0.513,3.7,4.8,0.776,1.0,4.8,5.7,2.9,1.2,0.6,1.7,4.1,16.9,111.0,122.0,9.3,0.565,0.443,0.37,2.1,11.2,6.5,8.1,1.2,1.1,10.1,14.9,0.4,0.3,0.6,0.034,-3.7,-1.1,-4.9,-0.6
whitmca01,Cam Whitmore,2023-24,19.0,HOU,HOU,False,SF,47.0,2.0,880.0,18.72,11.7,25.7,0.454,4.4,12.1,0.359,7.3,13.6,0.538,0.539,4.2,6.2,0.679,2.4,7.5,9.9,1.8,1.7,0.9,2.5,3.5,31.9,109.0,113.0,16.6,0.561,0.471,0.24,5.3,16.7,11.0,6.0,1.7,1.8,8.2,27.1,0.4,1.1,1.5,0.082,1.0,-0.9,0.1,0.5
hayesja02,Jaxson Hayes,2023-24,23.0,LAL,LAL,False,C,70.0,5.0,877.0,12.53,6.8,9.5,0.72,0.0,0.4,0.0,6.8,9.1,0.754,0.72,2.8,4.4,0.622,3.7,7.7,11.4,1.8,1.8,1.6,2.3,6.7,16.4,128.0,113.0,14.0,0.718,0.046,0.469,9.2,17.1,13.4,5.0,1.8,2.9,16.9,12.5,1.4,1.1,2.5,0.135,-2.8,0.9,-1.9,0.0
weslebl01,Blake Wesley,2023-24,20.0,SAS,SAS,False,SG,61.0,3.0,876.0,14.36,5.5,11.7,0.474,0.7,3.0,0.218,4.9,8.7,0.563,0.502,2.8,4.2,0.667,1.0,4.1,5.1,9.0,1.6,0.5,3.0,4.8,14.5,110.0,118.0,10.1,0.537,0.256,0.363,2.2,9.5,5.8,25.3,1.6,0.9,18.1,14.7,0.3,0.6,0.9,0.05,-4.0,0.1,-4.0,-0.4
flynnma01,Malachi Flynn,2023-24,25.0,,3TM,True,PG,69.0,0.0,876.0,12.7,7.5,17.9,0.418,3.1,9.3,0.331,4.4,8.6,0.513,0.505,2.9,3.9,0.732,1.2,5.1,6.3,7.2,2.1,0.4,3.5,3.6,21.0,105.0,119.0,11.9,0.533,0.52,0.218,2.6,12.0,7.2,21.1,2.1,0.8,15.0,20.4,-0.1,0.6,0.5,0.029,-2.0,-0.2,-2.2,0.0
woodch01,Christian Wood,2023-24,28.0,LAL,LAL,False,PF,50.0,1.0,872.0,17.44,6.7,14.4,0.466,1.9,6.2,0.307,4.8,8.2,0.587,0.532,3.6,5.1,0.702,2.1,11.7,13.9,2.7,0.9,1.8,2.7,3.9,18.9,107.0,113.0,12.3,0.568,0.432,0.356,5.2,26.1,16.2,7.4,0.9,3.3,14.1,17.6,0.0,1.1,1.2,0.064,-2.6,-0.2,-2.8,-0.2
lavinza01,Zach LaVine,2023-24,28.0,CHI,CHI,False,SG,25.0,23.0,872.0,34.88,9.7,21.5,0.452,3.4,9.7,0.349,6.3,11.8,0.536,0.531,5.0,5.9,0.854,0.5,6.9,7.4,5.6,1.2,0.5,3.0,3.3,27.8,113.0,118.0,15.1,0.578,0.449,0.274,1.0,15.8,8.3,16.8,1.2,0.9,11.0,23.8,0.8,0.6,1.5,0.08,0.8,-0.7,0.1,0.5
klebima01,Maxi Kleber,2023-24,32.0,DAL,DAL,False,C,43.0,7.0,871.0,20.26,3.5,8.0,0.432,1.8,5.1,0.348,1.7,3.0,0.574,0.541,1.8,2.6,0.702,1.7,6.2,7.9,3.7,0.9,1.7,1.5,4.4,10.5,118.0,116.0,8.8,0.573,0.63,0.322,3.8,14.1,9.0,9.5,0.9,3.0,14.4,9.6,0.6,0.8,1.4,0.08,-2.3,1.0,-1.3,0.2
holidju01,Justin Holiday,2023-24,34.0,DEN,DEN,False,SG,58.0,9.0,862.0,14.86,5.1,11.2,0.454,3.2,7.8,0.404,1.9,3.3,0.569,0.595,0.2,0.2,0.75,0.5,3.6,4.1,3.9,2.1,0.5,0.8,4.0,13.5,124.0,115.0,9.7,0.598,0.701,0.021,1.2,7.8,4.6,9.5,2.1,0.9,6.7,10.6,0.9,0.9,1.8,0.101,-2.5,0.9,-1.6,0.1
metuch01,Chimezie Metu,2023-24,26.0,,2TM,True,C,51.0,12.0,859.0,16.84,6.9,13.8,0.504,1.6,5.3,0.298,5.4,8.5,0.633,0.561,3.3,3.6,0.906,2.3,8.6,10.9,2.6,2.4,0.9,2.9,4.0,18.7,112.0,114.0,13.3,0.61,0.385,0.262,5.5,19.6,12.7,7.4,2.4,1.6,16.0,16.2,0.5,1.1,1.5,0.085,-2.1,0.8,-1.3,0.2
watfotr01,Trendon Watford,2023-24,23.0,BRK,BRK,False,PF,63.0,2.0,856.0,13.59,9.5,18.0,0.527,1.6,3.9,0.397,7.9,14.1,0.564,0.571,4.5,5.6,0.794,3.0,8.2,11.2,4.7,1.3,1.1,3.6,6.1,25.0,115.0,115.0,15.7,0.611,0.219,0.312,6.5,18.7,12.4,14.6,1.3,2.0,15.1,21.1,0.9,0.9,1.8,0.1,-0.9,0.4,-0.5,0.3
hendrta01,Taylor Hendricks,2023-24,20.0,UTA,UTA,False,PF,40.0,23.0,856.0,21.4,6.1,13.5,0.45,3.0,7.9,0.379,3.1,5.6,0.55,0.56,1.3,1.6,0.793,2.6,7.8,10.4,1.8,1.6,1.7,1.5,4.3,16.5,117.0,119.0,11.8,0.578,0.583,0.121,6.0,17.7,11.9,5.0,1.6,3.1,9.7,13.7,0.7,0.6,1.2,0.07,-1.3,-0.4,-1.6,0.1
poweldw01,Dwight Powell,2023-24,32.0,DAL,DAL,False,C,63.0,9.0,836.0,13.27,4.1,6.1,0.679,0.1,0.2,0.333,4.1,5.9,0.689,0.684,3.6,5.1,0.708,5.6,6.7,12.3,4.8,1.5,1.1,1.8,6.5,11.9,147.0,115.0,14.5,0.716,0.028,0.84,12.7,15.2,14.0,12.4,1.5,2.1,18.1,9.1,2.2,0.9,3.1,0.181,-1.1,0.8,-0.3,0.4
browntr01,Troy Brown Jr.,2023-24,24.0,,2TM,True,SF,59.0,15.0,827.0,14.02,5.0,13.3,0.372,2.8,8.3,0.333,2.2,5.0,0.435,0.476,1.9,2.2,0.865,1.5,7.0,8.5,3.5,1.4,0.2,1.8,2.5,14.6,105.0,115.0,8.8,0.51,0.624,0.164,3.5,16.0,9.8,9.7,1.4,0.3,11.0,14.3,0.0,0.9,0.8,0.048,-2.8,0.2,-2.6,-0.1
morrima03,Marcus Morris,2023-24,34.0,,2TM,True,PF,49.0,7.0,817.0,16.67,7.0,15.9,0.439,2.9,7.2,0.403,4.1,8.7,0.469,0.53,2.2,2.7,0.818,1.4,6.7,8.1,2.2,0.9,0.8,1.8,4.5,19.1,109.0,116.0,9.9,0.558,0.451,0.167,3.1,15.2,9.1,6.1,0.9,1.4,9.6,16.6,0.2,0.8,1.0,0.06,-2.5,-1.3,-3.8,-0.4
houstca01,Caleb Houstan,2023-24,21.0,ORL,ORL,False,SF,59.0,13.0,815.0,13.81,4.9,12.5,0.388,4.4,11.7,0.373,0.5,0.8,0.615,0.563,1.3,1.6,0.808,1.7,3.4,5.1,1.8,0.9,0.2,1.0,3.7,15.4,119.0,116.0,8.3,0.582,0.937,0.126,4.0,8.1,6.1,4.8,0.9,0.5,6.9,12.5,0.7,0.8,1.5,0.089,-1.4,-0.5,-1.9,0.0
sheppbe01,Ben Sheppard,2023-24,22.0,IND,IND,False,SG,57.0,1.0,814.0,14.28,5.2,13.3,0.393,2.8,9.0,0.314,2.4,4.2,0.562,0.5,1.3,1.5,0.885,0.9,4.3,5.2,3.1,1.9,0.1,0.9,5.1,14.6,112.0,120.0,8.1,0.524,0.681,0.114,2.1,10.3,6.2,7.5,1.9,0.2,5.9,13.2,0.3,0.4,0.8,0.046,-3.3,-0.1,-3.4,-0.3
laravja01,Jake LaRavia,2023-24,22.0,MEM,MEM,False,PF,35.0,6.0,806.0,23.03,7.2,18.4,0.389,3.2,9.5,0.34,3.9,8.9,0.442,0.477,5.5,6.6,0.826,3.1,4.7,7.8,3.5,1.8,0.7,2.7,4.2,23.0,109.0,116.0,12.6,0.54,0.515,0.36,6.7,10.9,8.7,11.1,1.8,1.4,11.4,21.1,0.3,0.8,1.0,0.062,-1.4,-1.0,-2.5,-0.1
biyombi01,Bismack Biyombo,2023-24,31.0,,2TM,True,C,40.0,27.0,791.0,19.77,4.6,8.1,0.565,0.0,0.0,,4.6,8.1,0.565,0.565,1.6,3.3,0.481,3.8,9.1,12.9,3.3,0.7,2.3,2.6,5.5,10.7,108.0,114.0,9.9,0.562,0.0,0.412,8.3,21.1,14.5,9.5,0.7,4.4,21.3,10.7,0.1,1.0,1.1,0.066,-4.8,1.4,-3.4,-0.3
thorjt01,JT Thor,2023-24,21.0,CHO,CHO,False,PF,63.0,3.0,781.0,12.4,5.1,11.6,0.437,1.8,5.1,0.346,3.3,6.4,0.51,0.514,0.7,1.3,0.55,2.7,6.5,9.2,1.8,0.7,1.7,0.9,3.8,12.6,110.0,121.0,9.1,0.519,0.443,0.109,6.0,15.3,10.5,5.1,0.7,3.2,7.3,11.7,0.2,0.3,0.6,0.034,-3.5,-1.1,-4.5,-0.5
jacksis01,Isaiah Jackson,2023-24,22.0,IND,IND,False,C,59.0,3.0,771.0,13.07,9.5,14.3,0.665,0.0,0.2,0.0,9.5,14.0,0.677,0.665,4.5,6.2,0.716,5.8,8.8,14.6,3.1,2.1,3.7,2.4,8.4,23.4,135.0,112.0,21.5,0.689,0.017,0.438,13.8,21.2,17.5,8.3,2.1,6.3,12.3,17.2,2.2,1.1,3.3,0.204,0.3,1.4,1.7,0.7
robinmi01,Mitchell Robinson,2023-24,25.0,NYK,NYK,False,C,31.0,21.0,768.0,24.77,4.8,8.3,0.575,0.0,0.0,,4.8,8.3,0.575,0.575,1.8,4.3,0.409,9.3,7.9,17.3,1.2,2.4,2.3,1.6,3.6,11.4,128.0,109.0,16.1,0.554,0.0,0.52,20.7,17.7,19.2,3.1,2.4,4.3,13.8,10.2,1.2,1.3,2.5,0.155,-0.3,0.4,0.0,0.4
landajo01,Jock Landale,2023-24,28.0,HOU,HOU,False,C,56.0,3.0,763.0,13.62,6.7,13.1,0.515,0.6,2.5,0.25,6.1,10.6,0.578,0.539,3.3,4.1,0.8,5.6,5.3,10.9,4.1,1.3,2.1,2.0,4.7,17.4,126.0,114.0,15.6,0.584,0.194,0.316,12.2,11.9,12.1,11.8,1.3,4.0,11.7,14.8,1.4,0.9,2.3,0.146,-0.5,0.4,-0.1,0.4
martico01,Cody Martin,2023-24,28.0,CHO,CHO,False,SF,28.0,22.0,753.0,26.89,5.4,14.1,0.381,1.8,5.6,0.314,3.6,8.5,0.426,0.444,1.3,2.2,0.606,1.2,5.9,7.1,6.8,2.1,1.2,2.9,3.1,13.8,96.0,118.0,9.2,0.46,0.4,0.153,2.8,13.9,8.1,19.1,2.1,2.2,16.1,16.1,-0.7,0.5,-0.2,-0.012,-4.1,0.6,-3.5,-0.3
martike04,KJ Martin,2023-24,23.0,,2TM,True,SF,60.0,2.0,746.0,12.43,6.4,11.9,0.536,0.5,1.8,0.286,5.9,10.1,0.582,0.558,1.5,2.7,0.537,2.7,5.9,8.6,3.4,1.5,0.8,2.1,6.6,14.8,112.0,115.0,9.9,0.563,0.155,0.227,6.0,13.6,9.7,9.4,1.5,1.5,13.9,13.4,0.3,0.8,1.1,0.071,-4.0,-0.1,-4.1,-0.4
wrighde01,Delon Wright,2023-24,31.0,,2TM,True,PG,47.0,1.0,742.0,15.79,4.8,12.1,0.394,1.6,4.4,0.368,3.2,7.7,0.408,0.46,2.4,2.9,0.822,1.2,4.3,5.6,7.7,3.5,0.7,0.9,2.1,13.6,120.0,114.0,13.6,0.505,0.362,0.239,2.7,10.0,6.3,20.8,3.5,1.3,6.3,12.8,0.8,0.9,1.7,0.109,-2.0,2.5,0.4,0.5
smithis01,Ish Smith,2023-24,35.0,CHO,CHO,False,PG,43.0,5.0,741.0,17.23,4.4,10.5,0.418,0.3,0.5,0.5,4.1,10.0,0.413,0.43,0.2,0.3,0.75,0.7,4.3,5.1,9.7,1.1,0.3,3.1,3.3,9.3,97.0,123.0,6.8,0.435,0.051,0.025,1.6,10.2,5.8,26.4,1.1,0.5,22.7,12.3,-0.5,0.2,-0.4,-0.025,-5.6,-1.2,-6.8,-0.9
bambamo01,Mo Bamba,2023-24,25.0,PHI,PHI,False,C,57.0,17.0,740.0,12.98,6.5,13.2,0.49,1.7,4.3,0.391,4.8,8.9,0.537,0.553,2.3,3.3,0.68,5.1,10.7,15.8,2.7,1.5,4.0,2.6,6.7,16.8,116.0,109.0,15.4,0.575,0.323,0.253,11.3,24.5,17.8,7.6,1.5,7.4,15.1,15.1,0.6,1.3,2.0,0.128,-2.3,1.4,-1.0,0.2
smithni01,Nick Smith Jr.,2023-24,19.0,CHO,CHO,False,SG,51.0,0.0,729.0,14.29,7.6,19.6,0.391,4.3,9.9,0.432,3.4,9.7,0.35,0.5,0.9,1.0,0.867,1.2,3.7,4.9,4.0,0.7,0.5,2.6,3.7,20.4,98.0,124.0,8.1,0.511,0.505,0.052,2.7,8.6,5.5,12.0,0.7,0.9,11.7,20.3,-0.6,0.1,-0.5,-0.036,-3.1,-2.8,-5.9,-0.7
shamela01,Landry Shamet,2023-24,26.0,WAS,WAS,False,SG,46.0,5.0,726.0,15.78,7.6,17.6,0.431,3.4,10.1,0.338,4.2,7.5,0.556,0.527,2.4,3.0,0.826,1.0,3.0,4.0,3.5,1.6,0.6,1.9,4.9,21.1,107.0,122.0,10.5,0.556,0.573,0.168,2.3,6.9,4.6,10.2,1.6,1.1,9.3,18.8,0.1,0.2,0.3,0.022,-2.7,-1.3,-4.0,-0.4
duartch01,Chris Duarte,2023-24,26.0,SAC,SAC,False,SF,59.0,11.0,719.0,12.19,5.4,14.2,0.381,3.0,8.6,0.346,2.4,5.6,0.434,0.486,1.8,2.2,0.788,1.8,5.4,7.2,3.0,1.9,0.5,1.8,5.4,15.5,106.0,116.0,8.4,0.512,0.605,0.157,4.0,12.7,8.3,7.8,1.9,1.0,10.4,14.9,0.0,0.7,0.7,0.047,-3.5,0.1,-3.4,-0.2
nworajo01,Jordan Nwora,2023-24,25.0,,2TM,True,SF,52.0,1.0,712.0,13.69,9.3,20.2,0.462,3.0,8.8,0.336,6.3,11.3,0.56,0.535,3.0,3.6,0.83,1.9,8.2,10.0,4.2,1.8,0.9,3.6,3.2,24.5,105.0,117.0,13.7,0.565,0.438,0.177,4.3,19.1,11.6,12.3,1.8,1.6,14.1,22.4,-0.1,0.6,0.5,0.034,-1.1,-1.5,-2.5,-0.1
ballla01,LaMelo Ball,2023-24,22.0,CHO,CHO,False,PG,22.0,22.0,711.0,32.32,12.7,29.4,0.433,4.9,13.7,0.355,7.8,15.7,0.5,0.515,6.2,7.2,0.865,2.0,5.8,7.8,12.2,2.8,0.3,5.8,5.5,36.5,110.0,118.0,20.8,0.561,0.466,0.246,4.4,13.7,8.9,43.1,2.8,0.5,15.0,34.3,0.6,0.5,1.1,0.074,3.8,-0.5,3.3,1.0
bouchch01,Chris Boucher,2023-24,31.0,TOR,TOR,False,PF,50.0,0.0,705.0,14.1,7.5,14.9,0.507,2.1,6.4,0.33,5.4,8.4,0.642,0.578,4.9,6.3,0.772,4.2,9.9,14.2,1.6,1.0,1.6,1.9,4.7,22.1,124.0,117.0,16.0,0.625,0.433,0.424,9.5,23.1,16.1,4.5,1.0,3.0,9.8,17.3,1.2,0.6,1.7,0.119,-0.3,-1.4,-1.7,0.1
gilyaja01,Jacob Gilyard,2023-24,25.0,,2TM,True,PG,41.0,14.0,699.0,17.05,4.2,10.5,0.4,3.6,8.8,0.405,0.6,1.7,0.375,0.57,0.1,0.1,1.0,0.6,2.6,3.2,9.6,2.3,0.3,2.1,2.7,12.1,122.0,117.0,11.1,0.573,0.84,0.013,1.4,6.0,3.6,27.7,2.3,0.7,16.6,11.1,0.8,0.6,1.4,0.095,-2.0,0.6,-1.4,0.1
fernabr01,Bruno Fernando,2023-24,25.0,ATL,ATL,False,C,45.0,2.0,682.0,15.16,7.7,13.2,0.583,0.0,0.3,0.0,7.7,12.9,0.596,0.583,4.5,6.8,0.667,4.1,9.4,13.6,3.2,1.8,2.0,3.1,7.5,19.8,118.0,116.0,15.2,0.615,0.021,0.513,9.1,22.2,15.4,9.3,1.8,3.7,16.1,16.7,0.8,0.7,1.5,0.103,-3.1,0.9,-2.3,-0.1
terryda01,Dalen Terry,2023-24,21.0,CHI,CHI,False,SG,59.0,2.0,681.0,11.54,5.1,11.5,0.439,1.2,5.4,0.23,3.8,6.1,0.627,0.494,1.8,3.1,0.581,2.1,6.1,8.3,5.9,2.0,1.3,2.3,5.9,13.2,109.0,115.0,10.2,0.512,0.471,0.274,4.7,14.1,9.3,15.6,2.0,2.7,15.4,13.4,0.1,0.7,0.8,0.06,-3.4,1.1,-2.3,0.0
paytoga02,Gary Payton II,2023-24,31.0,GSW,GSW,False,SG,44.0,0.0,680.0,15.45,7.3,13.0,0.563,1.4,3.9,0.364,5.9,9.1,0.648,0.617,1.0,1.6,0.609,3.3,4.8,8.0,3.4,2.8,1.3,1.9,5.5,17.1,123.0,113.0,13.9,0.621,0.301,0.126,7.4,10.5,9.0,9.4,2.8,2.4,12.3,13.6,0.9,0.9,1.8,0.125,-1.3,2.2,0.9,0.5
plumlma01,Mason Plumlee,2023-24,33.0,LAC,LAC,False,C,46.0,11.0,674.0,14.65,6.4,11.2,0.569,0.0,0.4,0.0,6.4,10.8,0.592,0.569,5.1,7.3,0.707,4.4,12.7,17.1,4.0,1.0,1.2,2.6,5.0,17.9,125.0,113.0,15.8,0.621,0.039,0.647,10.4,28.2,19.6,10.8,1.0,2.3,15.5,15.1,1.2,0.9,2.0,0.146,-1.1,0.4,-0.8,0.2
bertada01,Dāvis Bertāns,2023-24,31.0,,2TM,True,PF,43.0,1.0,674.0,15.67,6.7,17.1,0.393,5.5,14.6,0.38,1.2,2.5,0.471,0.556,2.2,2.4,0.909,0.7,3.8,4.5,2.6,1.9,0.9,1.3,4.1,21.2,114.0,120.0,11.6,0.583,0.855,0.141,1.5,8.8,5.1,7.2,1.9,1.7,6.8,17.4,0.5,0.4,0.9,0.061,-0.8,-0.6,-1.4,0.1
bateske01,Keita Bates-Diop,2023-24,28.0,,2TM,True,SF,53.0,8.0,665.0,12.55,5.3,12.2,0.434,1.5,5.1,0.304,3.8,7.1,0.526,0.497,2.4,3.1,0.762,2.3,5.8,8.1,2.8,1.8,1.6,1.1,2.6,14.5,116.0,114.0,11.5,0.534,0.416,0.253,5.5,12.8,9.3,7.4,1.8,2.9,7.5,13.0,0.5,0.8,1.3,0.091,-1.5,0.4,-1.0,0.2
wilsoja03,Jalen Wilson,2023-24,23.0,BRK,BRK,False,PF,43.0,3.0,664.0,15.44,5.7,13.4,0.425,1.8,5.5,0.324,3.9,7.8,0.495,0.492,2.8,3.4,0.826,3.5,6.3,9.8,3.4,0.8,0.3,1.4,3.6,16.0,118.0,119.0,10.8,0.537,0.413,0.257,7.5,14.2,10.8,9.3,0.8,0.5,8.7,14.3,0.6,0.4,1.1,0.077,-1.8,-1.1,-2.9,-0.2
portecr01,Craig Porter Jr.,2023-24,23.0,CLE,CLE,False,PG,51.0,6.0,649.0,12.73,8.8,17.4,0.509,0.9,2.6,0.353,7.9,14.8,0.536,0.535,3.1,4.3,0.732,1.6,6.7,8.3,9.0,1.6,1.1,3.4,3.0,21.7,114.0,113.0,15.4,0.564,0.149,0.246,3.7,15.1,9.4,26.5,1.6,2.1,15.1,20.2,0.6,0.9,1.5,0.108,-0.6,1.1,0.5,0.4
ruperra01,Rayan Rupert,2023-24,19.0,POR,POR,False,SG,39.0,12.0,633.0,16.23,4.2,12.6,0.335,2.2,6.1,0.359,2.0,6.5,0.313,0.422,1.5,2.0,0.76,1.9,5.3,7.2,4.8,0.9,0.2,2.4,4.4,12.1,98.0,120.0,5.8,0.451,0.484,0.155,4.0,12.8,8.1,13.5,0.9,0.4,15.3,13.6,-0.4,0.3,-0.1,-0.009,-5.6,-1.2,-6.7,-0.8
brissos01,Oshae Brissett,2023-24,25.0,BOS,BOS,False,SF,55.0,1.0,630.0,11.45,5.3,12.0,0.444,1.2,4.3,0.273,4.2,7.7,0.541,0.493,3.9,6.5,0.602,4.8,7.8,12.5,3.5,1.5,0.6,1.6,4.2,15.8,121.0,112.0,12.8,0.53,0.359,0.542,10.9,16.3,13.7,8.7,1.5,1.1,9.5,14.5,0.8,0.9,1.7,0.131,-2.0,0.2,-1.8,0.0
gallida01,Danilo Gallinari,2023-24,35.0,,3TM,True,SF,49.0,0.0,630.0,12.86,6.2,14.3,0.437,2.3,7.0,0.323,4.0,7.3,0.546,0.516,6.3,7.4,0.857,1.5,6.6,8.1,4.1,1.1,0.5,1.7,3.8,21.0,122.0,120.0,13.4,0.601,0.489,0.516,3.4,15.3,9.3,11.6,1.1,0.8,9.0,17.2,1.0,0.3,1.3,0.098,-0.8,-1.0,-1.9,0.0
mclaujo01,Jordan McLaughlin,2023-24,27.0,MIN,MIN,False,PG,56.0,0.0,626.0,11.18,5.5,11.4,0.483,3.3,7.0,0.472,2.2,4.4,0.5,0.628,1.0,1.4,0.722,1.4,4.3,5.7,8.7,2.8,0.6,1.5,2.4,15.4,136.0,109.0,15.5,0.638,0.614,0.124,3.4,9.4,6.5,23.7,2.8,1.0,11.1,12.1,1.4,1.1,2.5,0.193,1.4,2.9,4.2,1.0
curryse01,Seth Curry,2023-24,33.0,,2TM,True,SG,44.0,4.0,616.0,14.0,6.3,16.0,0.392,3.0,8.5,0.352,3.3,7.5,0.438,0.485,2.2,2.4,0.903,1.4,3.9,5.3,3.5,1.7,0.5,1.6,3.1,17.7,107.0,118.0,9.9,0.519,0.529,0.152,3.2,9.0,6.1,9.7,1.7,0.9,8.8,16.8,0.1,0.4,0.5,0.04,-2.6,-0.6,-3.3,-0.2
greenaj01,A.J. Green,2023-24,24.0,MIL,MIL,False,SG,56.0,0.0,614.0,10.96,6.5,15.3,0.423,5.4,13.2,0.408,1.1,2.1,0.519,0.599,1.3,1.5,0.895,0.7,4.3,5.0,2.3,0.7,0.3,0.9,3.8,19.7,122.0,120.0,10.5,0.617,0.862,0.097,1.6,9.6,5.7,6.4,0.7,0.6,5.5,15.2,0.7,0.3,1.1,0.084,-0.4,-1.7,-2.1,0.0
davisjo06,Johnny Davis,2023-24,21.0,WAS,WAS,False,SG,50.0,6.0,613.0,12.26,4.7,11.7,0.403,1.1,3.1,0.35,3.7,8.7,0.421,0.448,1.1,1.8,0.583,1.4,4.1,5.5,2.4,1.4,0.8,1.0,4.3,11.6,98.0,121.0,6.2,0.462,0.26,0.156,3.1,9.6,6.3,6.6,1.4,1.3,7.3,12.2,-0.3,0.2,-0.1,-0.009,-5.5,-1.1,-6.6,-0.7
beaucma01,MarJon Beauchamp,2023-24,23.0,MIL,MIL,False,SF,48.0,1.0,608.0,12.67,6.4,13.1,0.488,2.4,5.9,0.4,4.0,7.2,0.56,0.578,1.5,2.2,0.679,1.7,6.1,7.8,2.5,1.0,0.6,2.1,4.3,16.7,111.0,118.0,9.7,0.592,0.452,0.169,4.1,13.6,8.9,6.7,1.0,1.0,13.2,14.6,0.2,0.5,0.7,0.056,-2.3,-0.9,-3.2,-0.2
smartma01,Marcus Smart,2023-24,29.0,MEM,MEM,False,PG,20.0,20.0,605.0,30.25,8.2,19.1,0.43,3.4,10.8,0.313,4.8,8.3,0.583,0.519,3.5,4.5,0.768,0.5,3.8,4.3,6.9,3.3,0.4,5.0,4.3,23.4,100.0,113.0,11.8,0.552,0.565,0.236,1.0,8.9,4.8,22.7,3.3,0.8,19.2,22.9,-0.5,0.7,0.2,0.02,-3.3,0.9,-2.4,0.0
muscami01,Mike Muscala,2023-24,32.0,,3TM,True,C,53.0,6.0,600.0,11.32,4.4,12.3,0.359,2.2,7.6,0.292,2.2,4.7,0.467,0.449,1.3,2.0,0.68,3.1,6.8,9.9,2.8,0.7,1.0,1.7,4.1,12.4,102.0,120.0,7.5,0.47,0.615,0.16,7.0,15.8,11.3,7.6,0.7,1.8,11.6,13.4,-0.2,0.3,0.1,0.009,-3.9,-1.4,-5.3,-0.5
simsje01,Jericho Sims,2023-24,25.0,NYK,NYK,False,C,45.0,11.0,585.0,13.0,3.3,4.7,0.691,0.0,0.0,,3.3,4.7,0.691,0.691,1.4,2.1,0.667,4.8,7.8,12.7,2.2,0.7,1.6,1.4,3.9,7.9,141.0,114.0,10.9,0.702,0.0,0.436,10.7,17.5,14.1,5.4,0.7,3.0,19.6,6.0,0.9,0.7,1.5,0.127,-2.4,0.7,-1.8,0.0
sensabr01,Brice Sensabaugh,2023-24,20.0,UTA,UTA,False,SF,32.0,11.0,584.0,18.25,7.0,18.0,0.39,2.8,9.5,0.296,4.2,8.5,0.495,0.468,3.1,3.4,0.902,1.3,7.1,8.4,4.5,1.1,0.5,3.9,3.6,19.9,99.0,122.0,8.6,0.511,0.528,0.188,3.0,16.1,9.6,13.0,1.1,0.9,16.6,20.3,-0.5,0.2,-0.3,-0.024,-3.3,-2.1,-5.5,-0.5
vandeja01,Jarred Vanderbilt,2023-24,24.0,LAL,LAL,False,PF,29.0,6.0,581.0,20.03,4.8,9.3,0.518,0.7,2.2,0.296,4.2,7.1,0.586,0.553,2.0,2.9,0.667,3.4,7.9,11.3,2.9,2.9,0.4,2.3,3.5,12.3,113.0,112.0,11.6,0.578,0.237,0.316,8.3,17.7,13.2,7.7,2.9,0.7,17.7,11.7,0.3,0.8,1.1,0.089,-2.9,1.3,-1.6,0.0
miltosh01,Shake Milton,2023-24,27.0,,3TM,True,SG,48.0,0.0,581.0,12.1,6.7,16.6,0.405,1.5,5.4,0.281,5.2,11.1,0.466,0.451,3.4,4.2,0.816,1.2,5.2,6.4,5.1,1.6,0.5,2.6,4.6,18.3,102.0,112.0,9.2,0.499,0.328,0.251,2.8,11.5,7.3,14.4,1.6,0.9,12.5,18.7,-0.2,0.8,0.6,0.048,-4.3,0.6,-3.7,-0.3
fournev01,Evan Fournier,2023-24,31.0,,2TM,True,SG,32.0,0.0,580.0,18.12,6.6,18.4,0.357,2.7,10.8,0.254,3.8,7.6,0.505,0.432,2.4,3.0,0.806,0.4,4.4,4.8,4.0,2.4,0.6,1.7,4.0,18.3,98.0,118.0,8.5,0.464,0.588,0.163,0.9,10.4,5.6,11.6,2.4,1.0,8.1,19.0,-0.5,0.4,-0.1,-0.005,-4.7,0.3,-4.3,-0.3
nnajize01,Zeke Nnaji,2023-24,23.0,DEN,DEN,False,PF,58.0,0.0,576.0,9.93,5.9,12.8,0.463,0.5,2.0,0.261,5.4,10.8,0.5,0.483,3.6,5.3,0.677,5.2,5.6,10.8,2.8,1.3,3.3,2.3,7.0,16.0,113.0,112.0,12.4,0.528,0.154,0.416,12.1,12.2,12.1,7.0,1.3,5.6,13.3,15.4,0.4,0.8,1.2,0.099,-3.8,0.1,-3.7,-0.2
jemistr01,Trey Jemison,2023-24,24.0,,2TM,True,C,25.0,14.0,573.0,22.92,6.4,11.6,0.551,0.0,0.0,,6.4,11.6,0.551,0.551,1.8,2.1,0.84,5.5,6.0,11.4,2.3,1.0,2.4,2.9,5.9,14.6,111.0,115.0,11.8,0.582,0.0,0.184,11.7,13.9,12.8,7.1,1.0,4.6,18.8,13.5,0.3,0.6,0.9,0.073,-4.7,-0.4,-5.1,-0.5
jacksan01,Andre Jackson Jr.,2023-24,22.0,MIL,MIL,False,SG,57.0,8.0,572.0,10.04,4.2,8.4,0.5,1.4,3.9,0.37,2.8,4.5,0.611,0.585,0.7,0.9,0.727,3.6,5.9,9.5,4.2,1.3,0.5,2.4,7.7,10.5,119.0,117.0,8.5,0.596,0.46,0.11,8.4,13.1,10.8,10.8,1.3,0.9,21.1,10.0,0.5,0.5,1.0,0.081,-3.6,0.0,-3.6,-0.2
butleja02,Jared Butler,2023-24,23.0,WAS,WAS,False,SG,40.0,0.0,566.0,14.15,8.1,16.6,0.488,2.0,6.4,0.308,6.1,10.2,0.602,0.547,2.6,3.0,0.861,0.7,4.0,4.8,10.4,2.4,0.7,4.1,4.8,20.7,111.0,119.0,14.1,0.579,0.388,0.179,1.7,9.5,5.5,30.9,2.4,1.2,18.7,19.9,0.3,0.3,0.6,0.054,-1.5,-0.5,-2.1,0.0
knoxke01,Kevin Knox,2023-24,24.0,DET,DET,False,SF,31.0,11.0,560.0,18.06,7.4,16.0,0.462,2.7,8.1,0.33,4.7,7.9,0.598,0.546,1.7,1.9,0.909,1.5,4.9,6.4,2.0,1.1,0.6,1.9,4.3,19.2,109.0,121.0,9.9,0.57,0.505,0.118,3.5,11.5,7.5,5.9,1.1,1.1,10.1,16.6,0.1,0.2,0.4,0.033,-2.8,-1.8,-4.6,-0.4
stevela01,Lamar Stevens,2023-24,26.0,,2TM,True,PF,38.0,3.0,559.0,14.71,9.5,21.0,0.45,1.2,4.0,0.304,8.2,17.0,0.485,0.479,3.7,4.7,0.778,3.2,8.0,11.1,2.5,2.0,1.9,2.1,3.9,23.8,106.0,111.0,14.6,0.516,0.192,0.225,6.9,18.2,12.4,7.9,2.0,3.6,8.3,22.2,0.0,0.8,0.8,0.068,-2.2,-0.1,-2.2,0.0
holmeri01,Richaun Holmes,2023-24,30.0,,2TM,True,C,40.0,10.0,555.0,13.88,7.0,12.5,0.558,0.1,0.3,0.333,6.9,12.3,0.563,0.561,2.9,4.0,0.723,6.0,9.5,15.5,2.1,0.9,1.6,2.0,6.3,16.9,123.0,116.0,14.5,0.593,0.02,0.32,13.7,21.8,17.7,6.0,0.9,2.9,12.5,14.7,0.8,0.5,1.3,0.114,-2.4,-0.8,-3.3,-0.2
thomptr01,Tristan Thompson,2023-24,32.0,CLE,CLE,False,C,49.0,0.0,549.0,11.2,6.6,10.8,0.608,0.0,0.1,0.0,6.6,10.7,0.613,0.608,1.3,4.7,0.288,6.6,9.1,15.7,4.6,1.1,1.3,2.6,5.3,14.5,118.0,112.0,13.9,0.563,0.008,0.433,15.1,20.4,17.8,12.7,1.1,2.3,16.9,13.8,0.6,0.8,1.4,0.119,-2.1,0.6,-1.4,0.1
strawju01,Julian Strawther,2023-24,21.0,DEN,DEN,False,SF,50.0,0.0,545.0,10.9,7.5,20.2,0.369,3.7,12.6,0.297,3.7,7.6,0.488,0.462,2.0,2.8,0.71,0.5,5.1,5.5,4.3,1.5,0.6,2.1,4.9,20.6,99.0,115.0,8.2,0.482,0.622,0.14,1.0,11.1,6.2,11.3,1.5,1.1,8.9,20.7,-0.4,0.6,0.2,0.015,-4.6,-1.4,-6.0,-0.6
yurtsom01,Omer Yurtseven,2023-24,25.0,UTA,UTA,False,C,48.0,12.0,545.0,11.35,8.8,16.3,0.538,0.4,2.1,0.208,8.3,14.2,0.588,0.552,1.7,2.5,0.679,6.4,12.0,18.4,2.6,0.7,1.6,3.3,4.6,19.7,112.0,118.0,15.0,0.565,0.13,0.152,14.7,27.3,21.0,7.7,0.7,2.9,15.9,17.9,0.3,0.4,0.7,0.062,-1.6,-1.5,-3.0,-0.1
krejcvi01,Vít Krejčí,2023-24,23.0,ATL,ATL,False,PG,22.0,14.0,541.0,24.59,4.5,9.2,0.49,2.5,6.0,0.412,2.0,3.2,0.639,0.625,0.4,0.5,0.833,1.0,3.6,4.6,4.4,1.2,0.5,1.8,4.3,12.0,122.0,122.0,8.4,0.633,0.654,0.058,2.1,8.6,5.2,11.6,1.2,1.0,15.8,9.8,0.5,0.1,0.6,0.056,-3.3,-0.4,-3.7,-0.2
hylanbo01,Bones Hyland,2023-24,23.0,LAC,LAC,False,PG,37.0,5.0,540.0,14.59,8.9,22.9,0.386,4.0,12.3,0.326,4.8,10.6,0.457,0.474,1.6,2.1,0.783,0.5,4.6,5.0,8.5,2.4,0.4,4.0,4.7,23.4,100.0,116.0,10.8,0.49,0.538,0.092,1.1,10.1,5.7,24.5,2.4,0.7,14.4,24.8,-0.5,0.5,0.0,0.003,-2.8,-0.8,-3.6,-0.2
mcdanja01,Jalen McDaniels,2023-24,26.0,TOR,TOR,False,SF,50.0,1.0,538.0,10.76,5.8,17.0,0.344,1.1,6.4,0.169,4.8,10.6,0.449,0.376,2.4,3.3,0.73,1.6,5.5,7.1,3.3,1.7,0.5,2.7,4.7,15.2,86.0,120.0,5.0,0.412,0.376,0.196,3.6,12.7,8.1,9.1,1.7,1.0,12.8,18.7,-1.1,0.3,-0.8,-0.074,-7.2,-1.8,-9.0,-1.0
pippesc02,Scotty Pippen Jr.,2023-24,23.0,MEM,MEM,False,PG,21.0,16.0,527.0,25.1,9.3,18.8,0.493,2.8,6.7,0.417,6.5,12.2,0.534,0.567,3.8,5.1,0.745,2.0,4.2,6.2,9.1,3.3,0.9,5.2,5.6,25.1,110.0,112.0,16.4,0.596,0.355,0.271,4.4,9.7,7.0,30.7,3.3,1.8,19.8,23.0,0.3,0.7,1.0,0.09,-0.1,1.4,1.3,0.4
vezenal01,Sasha Vezenkov,2023-24,28.0,SAC,SAC,False,PF,42.0,0.0,511.0,12.17,8.0,18.2,0.44,4.3,11.4,0.375,3.7,6.7,0.549,0.558,1.1,1.4,0.8,2.9,6.3,9.1,1.8,1.9,0.7,1.1,4.0,21.4,117.0,115.0,13.3,0.569,0.628,0.079,6.4,14.8,10.5,5.1,1.9,1.3,5.7,17.5,0.5,0.5,1.0,0.098,-0.2,-0.7,-0.9,0.1
houseda01,Danuel House Jr.,2023-24,30.0,PHI,PHI,False,SF,34.0,4.0,509.0,14.97,4.5,10.2,0.448,1.5,4.8,0.3,3.1,5.3,0.582,0.519,3.4,4.4,0.761,1.5,4.1,5.6,2.7,1.5,0.5,1.8,4.4,13.9,114.0,117.0,8.5,0.575,0.476,0.438,3.4,9.3,6.3,7.2,1.5,0.9,13.2,12.2,0.3,0.4,0.7,0.066,-3.4,-0.5,-4.0,-0.3
willima07,Mark Williams,2023-24,22.0,CHO,CHO,False,C,19.0,19.0,508.0,26.74,9.5,14.7,0.649,0.0,0.0,,9.5,14.7,0.649,0.649,4.5,6.2,0.719,7.4,10.5,17.9,2.1,1.6,1.9,1.7,4.9,23.5,138.0,116.0,22.5,0.675,0.0,0.424,16.3,24.6,20.4,6.8,1.6,3.7,8.7,17.1,1.6,0.5,2.1,0.198,1.6,-0.8,0.8,0.3
sprinja01,Jaden Springer,2023-24,21.0,,2TM,True,SG,49.0,2.0,507.0,10.35,5.7,14.4,0.399,1.0,4.7,0.208,4.8,9.7,0.49,0.432,3.4,4.1,0.833,3.2,4.4,7.6,4.3,3.5,1.5,3.3,6.4,15.8,101.0,110.0,10.7,0.49,0.324,0.284,7.1,9.8,8.4,11.5,3.5,2.7,17.0,17.1,-0.3,0.8,0.6,0.052,-4.9,1.5,-3.4,-0.2
baldwpa01,Patrick Baldwin Jr.,2023-24,21.0,WAS,WAS,False,SF,38.0,7.0,493.0,12.97,5.6,14.7,0.381,2.9,9.2,0.32,2.7,5.5,0.483,0.481,1.8,2.7,0.679,1.6,10.1,11.7,2.8,1.7,1.4,1.8,5.3,15.9,100.0,116.0,9.7,0.502,0.626,0.181,3.6,23.5,13.3,7.6,1.7,2.5,10.2,15.9,-0.3,0.5,0.2,0.019,-4.0,-0.6,-4.6,-0.3
covinro01,Robert Covington,2023-24,33.0,,2TM,True,SF,29.0,6.0,488.0,16.83,4.3,9.9,0.439,1.9,5.6,0.339,2.4,4.2,0.571,0.536,2.2,2.6,0.846,3.1,6.7,9.8,2.4,3.9,1.8,1.1,5.6,12.8,125.0,108.0,13.6,0.58,0.571,0.265,6.9,15.2,11.0,6.3,3.9,3.4,9.1,10.7,0.6,0.9,1.5,0.145,-1.1,3.2,2.2,0.5
tuckepj01,P.J. Tucker,2023-24,38.0,,2TM,True,PF,31.0,10.0,486.0,15.68,1.8,5.1,0.36,1.3,3.6,0.371,0.5,1.5,0.333,0.49,0.3,0.3,1.0,2.8,5.8,8.6,1.6,1.6,0.7,0.8,5.5,5.3,120.0,116.0,5.9,0.507,0.7,0.06,6.7,12.9,9.8,3.9,1.6,1.3,13.5,5.3,0.2,0.5,0.7,0.068,-4.0,0.4,-3.6,-0.2
easonta01,Tari Eason,2023-24,22.0,HOU,HOU,False,PF,22.0,0.0,480.0,21.82,8.9,19.1,0.466,1.8,5.1,0.36,7.1,14.0,0.504,0.513,2.1,3.3,0.636,4.6,10.8,15.5,2.7,3.1,1.9,2.0,5.2,21.7,111.0,106.0,17.1,0.528,0.265,0.175,10.2,24.2,17.1,8.3,3.1,3.6,8.9,19.8,0.3,1.0,1.3,0.125,-0.4,2.0,1.6,0.4
morrimo01,Monte Morris,2023-24,28.0,,2TM,True,PG,33.0,0.0,476.0,14.42,6.4,15.8,0.405,2.8,7.2,0.386,3.6,8.6,0.422,0.493,1.3,2.0,0.684,0.7,5.2,5.9,7.1,2.0,0.9,0.7,1.4,17.0,118.0,111.0,13.2,0.508,0.458,0.124,1.7,11.5,6.8,20.0,2.0,1.7,4.2,15.5,0.5,0.7,1.2,0.123,-0.8,1.5,0.7,0.3
bolbo01,Bol Bol,2023-24,24.0,PHO,PHO,False,PF,43.0,0.0,469.0,10.91,9.7,15.7,0.616,2.3,5.4,0.423,7.4,10.3,0.717,0.689,1.6,2.0,0.789,3.3,10.9,14.3,1.8,1.0,2.6,2.0,4.4,23.2,130.0,112.0,18.7,0.7,0.344,0.126,8.1,24.1,16.5,5.3,1.0,4.7,10.7,16.5,1.0,0.7,1.6,0.168,1.4,0.8,2.1,0.5
liveris01,Isaiah Livers,2023-24,25.0,DET,DET,False,PF,23.0,6.0,469.0,20.39,4.1,11.9,0.345,2.3,7.9,0.286,1.8,4.0,0.462,0.44,1.2,1.8,0.667,1.5,3.4,4.9,2.6,1.3,0.5,1.6,4.4,11.7,96.0,121.0,5.1,0.46,0.664,0.155,3.5,8.0,5.7,7.0,1.3,0.9,11.4,12.7,-0.3,0.2,-0.1,-0.015,-5.0,-1.5,-6.5,-0.5
gillan01,Anthony Gill,2023-24,31.0,WAS,WAS,False,PF,50.0,3.0,466.0,9.32,7.5,16.1,0.469,1.0,4.1,0.244,6.5,11.9,0.546,0.5,2.9,3.6,0.806,3.7,5.7,9.4,3.4,1.3,1.1,2.3,4.8,19.0,109.0,120.0,12.1,0.537,0.256,0.225,8.3,13.4,10.8,10.0,1.3,1.9,11.6,18.0,0.1,0.2,0.4,0.038,-2.6,-1.5,-4.1,-0.3
watanyu01,Yuta Watanabe,2023-24,29.0,,2TM,True,SF,34.0,0.0,464.0,13.65,4.3,12.2,0.353,2.6,8.9,0.294,1.7,3.3,0.516,0.461,1.1,1.8,0.588,1.2,4.5,5.7,1.6,1.3,0.7,2.0,4.1,12.3,92.0,117.0,4.7,0.474,0.733,0.147,2.8,10.1,6.5,4.2,1.3,1.3,13.3,13.3,-0.5,0.4,-0.1,-0.009,-5.3,-1.1,-6.4,-0.5
littlna01,Nassir Little,2023-24,23.0,PHO,PHO,False,SF,45.0,2.0,458.0,10.18,6.1,13.2,0.46,2.2,7.5,0.3,3.8,5.8,0.667,0.544,1.8,2.1,0.85,1.5,6.5,8.0,2.2,1.1,1.1,1.5,4.2,16.2,114.0,116.0,9.9,0.572,0.565,0.161,3.6,14.3,9.3,6.1,1.1,1.9,9.5,13.9,0.3,0.4,0.7,0.074,-2.4,-0.6,-3.0,-0.1
mamuksa01,Sandro Mamukelashvili,2023-24,24.0,SAS,SAS,False,C,46.0,5.0,451.0,9.8,7.7,16.3,0.471,2.0,6.7,0.297,5.7,9.6,0.593,0.532,2.6,3.6,0.735,4.7,10.7,15.5,5.2,0.7,1.3,2.0,3.7,20.0,119.0,116.0,15.8,0.559,0.413,0.219,10.7,24.7,17.6,15.4,0.7,2.2,10.1,17.7,0.6,0.4,1.0,0.11,-0.1,-0.4,-0.5,0.2
lenal01,Alex Len,2023-24,30.0,SAC,SAC,False,C,48.0,0.0,444.0,9.25,5.5,8.9,0.617,0.0,0.3,0.0,5.5,8.5,0.641,0.617,2.2,3.7,0.588,5.0,9.0,14.0,5.5,1.2,3.6,3.0,7.2,13.1,123.0,111.0,14.7,0.625,0.037,0.42,11.3,21.2,16.1,14.4,1.2,6.8,22.0,11.8,0.6,0.7,1.3,0.138,-2.7,2.9,0.2,0.2
bryanth01,Thomas Bryant,2023-24,26.0,MIA,MIA,False,C,38.0,4.0,441.0,11.61,9.7,16.9,0.577,0.5,2.5,0.182,9.3,14.4,0.646,0.591,4.6,5.3,0.872,4.5,11.4,16.0,2.6,1.1,1.8,2.4,5.2,24.5,125.0,109.0,19.0,0.639,0.148,0.315,10.2,26.2,18.1,8.3,1.1,3.5,11.0,19.3,0.9,0.8,1.6,0.177,-0.6,0.2,-0.4,0.2
youngth01,Thaddeus Young,2023-24,35.0,,2TM,True,PF,33.0,6.0,439.0,13.3,7.2,11.9,0.602,0.1,0.8,0.143,7.1,11.1,0.634,0.606,0.7,1.7,0.4,5.1,6.3,11.4,6.3,2.5,0.6,1.7,5.4,15.1,130.0,116.0,15.9,0.598,0.065,0.139,11.7,14.5,13.0,17.9,2.5,1.0,11.6,12.6,0.9,0.4,1.3,0.138,-0.5,0.8,0.3,0.2
mayssk01,Skylar Mays,2023-24,26.0,,2TM,True,PG,38.0,5.0,433.0,11.39,7.1,18.0,0.396,1.8,6.1,0.296,5.3,11.9,0.448,0.447,1.5,1.9,0.765,1.1,3.7,4.9,9.6,2.4,0.5,2.3,2.9,17.6,107.0,118.0,12.0,0.466,0.34,0.107,2.5,8.9,5.6,29.1,2.4,0.8,10.7,18.4,0.1,0.3,0.4,0.044,-2.1,0.1,-2.0,0.0
okekech01,Chuma Okeke,2023-24,25.0,ORL,ORL,False,SF,47.0,8.0,432.0,9.19,4.6,12.8,0.357,2.6,9.4,0.28,1.9,3.4,0.567,0.46,0.5,0.8,0.571,2.1,7.1,9.2,2.3,1.0,0.8,1.8,2.2,12.3,97.0,113.0,6.9,0.465,0.732,0.063,4.9,17.0,10.9,6.2,1.0,1.5,12.2,13.3,-0.3,0.6,0.3,0.029,-3.2,-0.2,-3.4,-0.2
barlodo01,Dominick Barlow,2023-24,20.0,SAS,SAS,False,PF,33.0,1.0,420.0,12.73,6.3,12.8,0.496,0.3,1.0,0.333,6.0,11.8,0.51,0.509,3.3,4.7,0.69,5.1,7.7,12.8,4.1,1.4,1.6,1.0,5.3,16.3,125.0,116.0,14.6,0.548,0.08,0.372,11.5,17.7,14.5,11.7,1.4,2.8,6.4,14.1,0.7,0.4,1.1,0.126,-1.7,0.0,-1.7,0.0
bullore01,Reggie Bullock,2023-24,32.0,HOU,HOU,False,SF,44.0,0.0,417.0,9.48,4.0,9.5,0.415,3.1,7.8,0.403,0.8,1.7,0.467,0.579,0.1,0.1,1.0,0.7,7.8,8.5,1.7,1.4,0.6,1.2,3.4,11.2,112.0,114.0,7.7,0.582,0.817,0.012,1.5,17.4,9.4,4.6,1.4,1.1,10.8,9.4,0.1,0.5,0.6,0.072,-2.9,0.5,-2.4,0.0
millspa02,Patty Mills,2023-24,35.0,,2TM,True,PG,32.0,5.0,415.0,12.97,5.4,15.4,0.351,2.8,10.3,0.276,2.6,5.2,0.5,0.443,1.3,1.3,1.0,1.1,3.1,4.1,4.0,2.4,0.1,1.9,3.8,15.0,98.0,117.0,7.2,0.467,0.664,0.084,2.3,7.1,4.7,11.1,2.4,0.2,10.5,15.9,-0.3,0.4,0.1,0.009,-5.0,0.4,-4.6,-0.3
forretr01,Trent Forrest,2023-24,25.0,ATL,ATL,False,SG,38.0,0.0,414.0,10.89,3.9,10.4,0.378,0.2,1.2,0.2,3.7,9.3,0.4,0.389,1.5,2.0,0.765,1.3,4.6,5.9,10.7,1.3,0.3,2.3,2.9,9.6,109.0,122.0,8.9,0.426,0.111,0.189,2.8,10.9,6.7,27.6,1.3,0.7,17.0,11.8,0.1,0.1,0.2,0.027,-3.8,-0.7,-4.4,-0.3
mykhasv01,Svi Mykhailiuk,2023-24,26.0,BOS,BOS,False,SF,41.0,2.0,413.0,10.07,6.8,16.4,0.416,5.0,12.9,0.389,1.8,3.5,0.517,0.569,0.7,1.1,0.667,1.3,4.8,6.1,4.2,1.3,0.1,1.4,2.3,19.4,119.0,115.0,11.7,0.575,0.788,0.066,3.0,10.0,6.7,11.0,1.3,0.2,7.8,16.1,0.5,0.4,0.9,0.106,-0.9,-0.9,-1.8,0.0
matthwe02,Wesley Matthews,2023-24,37.0,ATL,ATL,False,SG,36.0,3.0,413.0,11.47,3.9,11.3,0.351,2.8,8.0,0.348,1.2,3.3,0.357,0.474,2.1,2.8,0.75,1.0,5.1,6.2,2.7,1.9,1.3,0.9,5.0,12.8,112.0,119.0,8.2,0.511,0.711,0.247,2.3,12.1,7.0,6.9,1.9,2.4,6.9,11.7,0.2,0.3,0.4,0.049,-3.1,0.3,-2.8,-0.1
pokusal01,Aleksej Pokusevski,2023-24,22.0,,2TM,True,PF,28.0,0.0,405.0,14.46,5.9,14.7,0.405,2.2,6.7,0.327,3.8,8.0,0.47,0.479,3.6,5.0,0.732,2.1,8.7,10.8,4.2,1.8,1.6,2.3,2.7,17.7,107.0,116.0,12.7,0.525,0.455,0.339,4.6,20.4,12.3,12.0,1.8,3.0,12.0,17.2,0.0,0.4,0.4,0.05,-1.8,-0.1,-1.9,0.0
samanlu01,Luka Šamanić,2023-24,24.0,UTA,UTA,False,PF,43.0,7.0,404.0,9.4,7.2,18.9,0.38,1.6,7.6,0.203,5.6,11.2,0.5,0.421,5.3,6.7,0.786,2.6,9.6,12.2,2.3,0.6,0.8,3.3,3.8,21.1,97.0,121.0,8.9,0.485,0.405,0.354,6.0,21.6,13.9,6.5,0.6,1.5,13.3,21.8,-0.4,0.2,-0.2,-0.029,-4.9,-2.9,-7.8,-0.6
freemja01,Javon Freeman-Liberty,2023-24,24.0,TOR,TOR,False,PG,22.0,6.0,403.0,18.32,6.6,14.9,0.444,1.2,5.0,0.238,5.4,9.8,0.549,0.484,4.0,4.3,0.917,1.9,6.5,8.4,4.8,1.2,0.5,3.0,3.4,18.3,107.0,120.0,10.7,0.547,0.339,0.29,4.3,15.1,9.6,13.4,1.2,0.9,15.2,17.5,0.1,0.2,0.2,0.029,-3.1,-2.0,-5.2,-0.3
rosede01,Derrick Rose,2023-24,35.0,MEM,MEM,False,PG,24.0,7.0,399.0,16.62,9.3,20.2,0.461,1.8,5.0,0.366,7.5,15.2,0.492,0.506,2.9,3.3,0.889,0.9,4.7,5.5,9.6,1.0,0.2,3.8,2.6,23.4,108.0,119.0,13.1,0.54,0.248,0.164,1.8,10.9,6.2,32.3,1.0,0.5,14.9,22.3,0.1,0.3,0.4,0.046,-1.3,-1.5,-2.8,-0.1
jordade01,DeAndre Jordan,2023-24,35.0,DEN,DEN,False,C,36.0,2.0,396.0,11.0,7.3,11.6,0.624,0.0,0.0,,7.3,11.6,0.624,0.624,3.3,6.6,0.491,6.8,12.9,19.7,3.3,0.8,2.0,2.9,7.0,17.8,121.0,110.0,16.0,0.61,0.0,0.57,15.6,28.0,22.0,8.5,0.8,3.4,16.5,15.4,0.6,0.6,1.2,0.147,-1.7,-0.1,-1.7,0.0
brownko01,Kobe Brown,2023-24,24.0,LAC,LAC,False,PF,44.0,0.0,394.0,8.95,4.6,11.3,0.411,1.8,6.0,0.292,2.9,5.3,0.548,0.489,0.1,0.3,0.5,2.5,5.3,7.8,3.1,1.5,0.8,1.1,6.1,11.2,111.0,117.0,7.6,0.49,0.533,0.022,5.9,11.6,8.9,8.1,1.5,1.4,9.0,11.1,0.1,0.3,0.5,0.055,-4.0,0.2,-3.8,-0.2
quinole01,Lester Quiñones,2023-24,23.0,GSW,GSW,False,SG,37.0,0.0,394.0,10.65,6.9,17.3,0.397,3.9,10.8,0.364,2.9,6.5,0.453,0.511,2.5,3.6,0.69,2.6,6.3,8.8,4.4,0.7,0.2,2.1,5.4,20.1,113.0,118.0,10.3,0.533,0.624,0.206,5.8,13.8,9.9,12.0,0.7,0.5,10.0,18.3,0.3,0.3,0.6,0.068,-2.0,-1.3,-3.3,-0.1
omorueu01,Eugene Omoruyi,2023-24,26.0,WAS,WAS,False,SF,43.0,0.0,393.0,9.14,9.6,19.9,0.485,1.5,5.5,0.283,8.1,14.4,0.562,0.524,3.8,5.8,0.653,4.2,5.9,10.1,4.2,3.2,0.6,2.5,7.4,24.6,111.0,116.0,16.0,0.549,0.275,0.293,9.3,13.9,11.6,13.0,3.2,1.0,10.0,22.5,0.2,0.4,0.6,0.074,-1.9,-0.4,-2.3,0.0
ryanma01,Matt Ryan,2023-24,26.0,NOP,NOP,False,SF,28.0,1.0,390.0,13.93,6.2,14.2,0.434,5.2,11.4,0.451,1.0,2.8,0.364,0.615,1.6,1.8,0.929,0.8,4.3,5.0,2.3,0.8,0.1,2.4,4.0,19.1,113.0,118.0,9.0,0.638,0.805,0.124,1.7,9.6,5.7,6.1,0.8,0.3,13.8,15.4,0.2,0.3,0.5,0.065,-1.4,-1.3,-2.7,-0.1
minayju01,Justin Minaya,2023-24,24.0,POR,POR,False,SF,34.0,1.0,381.0,11.21,2.9,9.6,0.297,1.6,6.4,0.245,1.3,3.2,0.4,0.378,0.6,1.2,0.556,3.9,3.4,7.3,2.7,1.2,1.3,1.2,4.5,7.9,100.0,120.0,5.8,0.391,0.662,0.122,8.3,8.1,8.2,7.3,1.2,2.4,10.3,9.7,-0.1,0.2,0.1,0.009,-5.1,-0.5,-5.6,-0.3
juzanjo01,Johnny Juzang,2023-24,22.0,UTA,UTA,False,SG,20.0,5.0,372.0,18.6,6.6,14.3,0.464,4.2,10.0,0.416,2.5,4.3,0.576,0.609,1.3,1.8,0.714,0.9,3.8,4.7,3.0,0.5,0.3,1.7,3.8,18.7,120.0,125.0,9.6,0.62,0.7,0.127,2.1,8.5,5.3,8.4,0.5,0.5,10.1,14.5,0.4,0.0,0.4,0.047,-1.5,-2.2,-3.7,-0.2
clownno01,Noah Clowney,2023-24,19.0,BRK,BRK,False,PF,23.0,4.0,370.0,16.09,6.7,12.4,0.538,1.6,4.4,0.364,5.1,8.0,0.633,0.602,2.8,4.0,0.7,3.5,7.4,10.8,2.4,1.1,2.1,2.0,3.3,17.8,122.0,115.0,14.2,0.626,0.355,0.323,7.5,16.7,12.0,6.9,1.1,3.9,12.4,14.2,0.5,0.4,0.9,0.111,-0.8,0.1,-0.7,0.1
evbuoto01,Tosan Evbuomwan,2023-24,22.0,,2TM,True,SF,17.0,8.0,367.0,21.59,4.7,9.3,0.507,1.6,4.2,0.375,3.2,5.1,0.615,0.592,2.2,3.3,0.68,2.4,5.5,7.9,2.1,0.8,0.7,1.2,3.0,13.3,123.0,120.0,9.9,0.616,0.451,0.352,5.3,13.0,9.1,5.9,0.8,1.2,9.9,10.6,0.4,0.2,0.5,0.071,-2.4,-0.7,-3.0,-0.1
diengou01,Ousmane Dieng,2023-24,20.0,OKC,OKC,False,PF,33.0,0.0,365.0,11.06,6.5,15.3,0.422,2.8,9.2,0.3,3.7,6.1,0.609,0.513,1.8,2.1,0.875,1.3,5.4,6.7,4.9,1.1,0.7,2.5,2.9,17.5,107.0,115.0,10.1,0.54,0.603,0.138,3.2,12.0,7.8,12.9,1.1,1.3,13.4,16.9,0.0,0.4,0.4,0.055,-2.3,-0.7,-3.0,-0.1
portejo01,Jontay Porter,2023-24,24.0,TOR,TOR,False,PF,26.0,5.0,360.0,13.85,5.4,14.0,0.385,2.7,8.0,0.333,2.7,5.9,0.455,0.481,2.0,2.4,0.833,3.5,7.5,11.0,8.0,2.7,2.7,2.8,4.7,15.4,112.0,114.0,14.9,0.514,0.577,0.173,7.8,17.5,12.5,21.8,2.7,4.9,15.8,15.8,0.2,0.4,0.7,0.089,-0.3,1.9,1.7,0.3
simmobe01,Ben Simmons,2023-24,27.0,BRK,BRK,False,PG,15.0,12.0,359.0,23.93,5.9,10.2,0.581,0.0,0.0,,5.9,10.2,0.581,0.581,0.8,2.1,0.4,4.3,12.1,16.4,11.9,1.7,1.2,3.7,5.0,12.7,121.0,112.0,16.3,0.571,0.0,0.203,9.2,27.6,18.1,33.2,1.7,2.3,25.1,13.0,0.5,0.5,1.0,0.133,-0.5,2.9,2.4,0.4
bostobr01,Brandon Boston Jr.,2023-24,22.0,LAC,LAC,False,SF,32.0,0.0,345.0,10.78,9.3,23.0,0.404,2.0,7.4,0.269,7.3,15.6,0.468,0.447,3.3,4.7,0.697,2.7,4.7,7.4,1.9,1.6,1.1,3.4,5.7,23.9,93.0,117.0,8.7,0.476,0.323,0.205,6.4,10.4,8.5,5.4,1.6,2.1,12.0,25.4,-0.6,0.3,-0.3,-0.04,-6.2,-2.7,-9.0,-0.6
walkeja02,Jarace Walker,2023-24,20.0,IND,IND,False,PF,33.0,0.0,340.0,10.3,6.2,15.3,0.409,3.1,7.6,0.4,3.2,7.6,0.418,0.509,1.1,1.2,0.889,1.7,7.1,8.7,5.6,2.1,1.5,2.4,4.0,16.7,109.0,116.0,11.8,0.527,0.5,0.082,4.0,17.0,10.5,13.9,2.1,2.6,13.0,16.1,0.1,0.3,0.4,0.058,-0.5,0.7,0.2,0.2
mcgeeja01,JaVale McGee,2023-24,36.0,SAC,SAC,False,C,46.0,0.0,339.0,7.37,11.3,18.9,0.598,0.1,1.0,0.143,11.2,17.9,0.624,0.602,3.7,6.4,0.578,6.0,12.0,18.1,2.4,2.0,2.9,4.9,6.6,26.5,109.0,109.0,19.0,0.609,0.053,0.341,13.6,28.4,20.8,7.6,2.0,5.4,18.3,23.4,0.1,0.6,0.7,0.101,-1.9,0.6,-1.3,0.1
prospol01,Olivier-Maxence Prosper,2023-24,21.0,DAL,DAL,False,PF,40.0,1.0,336.0,8.4,5.7,14.8,0.385,1.9,6.4,0.289,3.9,8.4,0.458,0.447,4.0,5.9,0.683,3.6,7.7,11.3,3.1,1.0,0.6,1.1,2.9,17.3,113.0,116.0,11.6,0.496,0.433,0.394,8.2,17.5,12.8,8.4,1.0,1.0,6.2,16.6,0.2,0.3,0.5,0.076,-1.7,-1.3,-2.9,-0.1
robinje02,Jeremiah Robinson-Earl,2023-24,23.0,NOP,NOP,False,PF,39.0,1.0,334.0,8.56,6.6,13.9,0.474,1.9,5.7,0.333,4.7,8.2,0.571,0.542,1.8,2.3,0.75,3.4,7.8,11.2,3.1,1.5,0.6,2.3,3.5,16.9,112.0,113.0,11.8,0.564,0.411,0.168,7.8,17.5,12.7,8.4,1.5,1.2,13.6,15.4,0.2,0.4,0.6,0.086,-1.9,-0.3,-2.2,0.0
quetane01,Neemias Queta,2023-24,24.0,BOS,BOS,False,C,28.0,0.0,333.0,11.89,9.9,15.4,0.644,0.0,0.0,,9.9,15.4,0.644,0.644,3.0,4.2,0.714,7.9,10.2,18.1,3.0,1.9,3.1,1.9,7.4,22.8,139.0,106.0,22.9,0.662,0.0,0.269,17.9,21.5,19.8,8.5,1.9,5.5,10.1,16.9,1.1,0.7,1.8,0.259,0.4,1.1,1.5,0.3
phillju01,Julian Phillips,2023-24,20.0,CHI,CHI,False,SF,40.0,0.0,323.0,8.07,4.9,11.9,0.416,1.9,5.9,0.316,3.1,6.0,0.513,0.494,2.0,2.9,0.684,1.9,3.7,5.6,2.0,1.1,1.1,1.5,6.2,13.7,107.0,119.0,7.0,0.521,0.494,0.247,4.1,8.5,6.2,5.3,1.1,2.2,10.5,13.0,0.0,0.2,0.2,0.031,-4.7,-0.6,-5.3,-0.3
zelleco01,Cody Zeller,2023-24,31.0,NOP,NOP,False,C,43.0,0.0,320.0,7.44,4.0,9.5,0.419,0.2,0.5,0.333,3.8,9.0,0.424,0.427,3.5,5.8,0.605,7.4,9.8,17.2,6.0,1.4,0.8,2.5,6.9,11.6,119.0,112.0,12.8,0.483,0.048,0.613,16.9,22.0,19.5,15.2,1.4,1.5,16.9,12.9,0.4,0.4,0.8,0.124,-2.9,0.3,-2.6,0.0
moranja01,Ja Morant,2023-24,24.0,MEM,MEM,False,PG,9.0,9.0,318.0,35.33,12.3,26.1,0.471,2.2,7.8,0.275,10.1,18.3,0.555,0.512,8.0,9.8,0.813,0.9,6.8,7.7,11.2,1.1,0.8,4.2,2.9,34.7,116.0,116.0,20.6,0.57,0.3,0.376,2.0,15.8,8.6,42.2,1.1,1.5,12.0,30.4,0.5,0.3,0.8,0.124,2.7,0.4,3.1,0.4
haganas01,Ashton Hagans,2023-24,24.0,POR,POR,False,PG,19.0,1.0,316.0,16.63,4.5,11.1,0.408,1.3,3.9,0.32,3.3,7.2,0.457,0.465,2.2,2.7,0.824,2.2,4.8,7.0,8.4,1.7,1.4,4.7,6.3,12.5,99.0,117.0,8.5,0.51,0.352,0.239,4.7,11.7,8.0,23.7,1.7,2.6,27.7,14.6,-0.2,0.3,0.0,0.006,-4.4,0.9,-3.5,-0.1
grahade01,Devonte' Graham,2023-24,28.0,SAS,SAS,False,PG,23.0,0.0,313.0,13.61,5.8,16.4,0.352,3.8,12.6,0.301,2.0,3.8,0.52,0.468,2.0,2.4,0.813,0.8,4.7,5.5,7.4,1.4,0.3,2.6,2.1,17.3,104.0,119.0,9.4,0.495,0.769,0.148,1.7,10.8,6.2,21.0,1.4,0.5,12.9,17.8,-0.1,0.2,0.1,0.018,-3.0,-0.9,-3.9,-0.1
lawsoaj01,A.J. Lawson,2023-24,23.0,DAL,DAL,False,SG,42.0,0.0,311.0,7.4,8.3,18.7,0.446,2.0,7.7,0.26,6.3,11.0,0.577,0.5,2.3,3.5,0.652,2.2,5.6,7.7,3.1,1.5,0.5,2.2,3.4,21.0,105.0,117.0,11.2,0.519,0.413,0.19,4.9,12.6,8.8,8.9,1.5,0.8,9.6,20.0,0.0,0.3,0.2,0.036,-3.1,-1.5,-4.6,-0.2
mensana01,Nathan Mensah,2023-24,25.0,CHO,CHO,False,C,25.0,0.0,307.0,12.28,1.9,4.5,0.429,0.0,0.0,,1.9,4.5,0.429,0.429,1.4,1.9,0.75,4.7,5.8,10.4,1.4,1.0,2.3,2.3,10.3,5.3,104.0,119.0,5.0,0.496,0.0,0.429,10.3,13.6,11.9,3.7,1.0,4.3,29.6,6.8,0.0,0.2,0.1,0.023,-8.7,-0.1,-8.8,-0.5
umudest01,Stanley Umude,2023-24,24.0,DET,DET,False,SG,24.0,2.0,307.0,12.79,5.8,13.2,0.44,3.8,8.3,0.453,2.0,4.9,0.419,0.583,4.5,5.0,0.906,1.3,6.7,8.0,1.7,1.3,1.1,2.2,6.3,19.9,119.0,119.0,11.4,0.647,0.631,0.381,2.9,15.9,9.3,4.9,1.3,2.0,12.5,15.6,0.3,0.2,0.5,0.085,-1.5,-0.1,-1.6,0.0
robinor01,Orlando Robinson,2023-24,23.0,MIA,MIA,False,C,36.0,7.0,304.0,8.44,5.9,11.8,0.5,1.3,2.5,0.533,4.6,9.4,0.491,0.556,3.1,4.1,0.76,4.6,9.2,13.8,5.6,1.1,1.3,3.0,5.7,16.2,120.0,111.0,14.0,0.596,0.208,0.347,10.4,21.0,15.7,15.8,1.1,2.6,17.8,14.8,0.4,0.5,0.9,0.135,-1.9,0.8,-1.1,0.1
korkmfu01,Furkan Korkmaz,2023-24,26.0,PHI,PHI,False,SG,35.0,0.0,300.0,8.57,4.9,12.5,0.395,2.3,6.6,0.35,2.6,5.9,0.444,0.487,2.3,3.3,0.7,0.7,4.3,4.9,4.1,2.3,0.5,1.6,2.8,14.4,108.0,115.0,9.2,0.519,0.526,0.263,1.4,9.7,5.5,11.0,2.3,0.9,10.5,13.6,0.0,0.3,0.4,0.057,-3.2,0.4,-2.7,-0.1
josepco01,Cory Joseph,2023-24,32.0,GSW,GSW,False,PG,26.0,0.0,296.0,11.38,3.8,10.5,0.359,2.1,6.9,0.31,1.6,3.6,0.455,0.461,0.7,1.1,0.571,1.0,3.9,4.9,6.9,0.7,0.5,2.0,4.1,10.3,108.0,119.0,6.2,0.47,0.656,0.109,2.2,8.6,5.5,17.2,0.7,0.9,15.2,11.3,0.0,0.2,0.2,0.034,-4.0,-0.7,-4.7,-0.2
councri01,Ricky Council IV,2023-24,22.0,PHI,PHI,False,SG,32.0,0.0,289.0,9.03,9.2,19.1,0.482,2.0,5.4,0.375,7.2,13.6,0.525,0.536,9.0,12.1,0.746,2.4,5.4,7.8,2.7,1.4,0.2,0.9,2.9,29.5,129.0,117.0,18.6,0.604,0.286,0.634,5.3,12.4,8.8,8.2,1.4,0.3,3.4,22.1,0.8,0.3,1.0,0.173,2.1,-0.8,1.3,0.2
templga01,Garrett Temple,2023-24,37.0,TOR,TOR,False,SG,27.0,2.0,289.0,10.7,4.8,13.0,0.372,2.0,6.7,0.3,2.8,6.3,0.447,0.449,3.0,3.7,0.818,3.0,4.5,7.5,4.7,2.0,0.5,2.3,4.7,14.7,107.0,120.0,9.5,0.502,0.513,0.282,6.7,10.5,8.6,12.5,2.0,0.9,13.8,15.0,0.0,0.2,0.2,0.032,-3.4,-1.2,-4.7,-0.2
blackle01,Leaky Black,2023-24,24.0,CHO,CHO,False,SF,26.0,3.0,284.0,10.92,4.3,9.0,0.481,1.6,3.5,0.45,2.8,5.6,0.5,0.567,1.7,2.6,0.667,1.6,6.8,8.3,4.2,1.4,1.9,1.0,3.3,12.0,124.0,119.0,11.5,0.589,0.385,0.288,3.5,15.9,9.5,11.4,1.4,3.6,9.3,10.1,0.3,0.2,0.5,0.084,-2.6,0.3,-2.4,0.0
waterli01,Lindy Waters III,2023-24,26.0,OKC,OKC,False,SG,38.0,0.0,280.0,7.37,8.4,17.9,0.471,6.4,14.6,0.435,2.1,3.3,0.632,0.649,0.3,0.3,1.0,1.2,5.7,6.9,4.1,0.9,1.2,1.2,3.9,23.5,128.0,115.0,15.3,0.653,0.817,0.019,2.9,12.6,8.0,11.5,0.9,2.3,6.3,17.3,0.6,0.3,0.9,0.15,2.4,-0.5,1.9,0.3
edwarke02,Kessler Edwards,2023-24,23.0,SAC,SAC,False,SF,54.0,0.0,275.0,5.09,6.0,14.5,0.415,3.5,9.2,0.385,2.5,5.3,0.467,0.537,0.9,1.6,0.556,1.6,5.8,7.4,2.6,1.8,0.7,0.7,4.6,16.4,115.0,115.0,10.3,0.541,0.634,0.11,3.6,13.7,8.5,7.1,1.8,1.3,4.4,14.0,0.2,0.3,0.5,0.083,-1.6,0.1,-1.5,0.0
jonesda03,Damian Jones,2023-24,28.0,CLE,CLE,False,C,39.0,0.0,270.0,6.92,7.9,13.2,0.597,0.5,2.6,0.214,7.3,10.6,0.69,0.618,3.3,3.8,0.857,3.7,7.7,11.3,2.7,1.3,2.4,2.4,4.9,19.6,125.0,111.0,15.8,0.659,0.194,0.292,8.4,17.3,12.9,7.9,1.3,4.3,13.8,15.4,0.4,0.4,0.8,0.15,-1.7,1.2,-0.5,0.1
bitimon01,Onuralp Bitim,2023-24,24.0,CHI,CHI,False,SG,23.0,1.0,268.0,11.65,6.0,15.6,0.381,2.2,8.2,0.273,3.7,7.4,0.5,0.452,0.7,0.9,0.8,1.1,4.8,6.0,2.4,0.6,0.4,1.9,4.5,14.9,94.0,121.0,5.0,0.464,0.524,0.06,2.5,11.1,6.7,6.5,0.6,0.8,10.4,15.8,-0.3,0.1,-0.1,-0.027,-5.4,-2.0,-7.4,-0.4
lewiski01,Kira Lewis Jr.,2023-24,22.0,,3TM,True,PG,28.0,0.0,265.0,9.46,6.2,16.9,0.37,0.7,6.1,0.121,5.5,10.8,0.508,0.391,3.1,3.7,0.85,1.7,3.1,4.8,6.8,1.7,0.4,2.6,2.4,16.3,100.0,119.0,8.6,0.441,0.359,0.217,3.8,7.0,5.4,18.8,1.7,0.7,12.2,18.5,-0.2,0.2,0.0,-0.005,-4.4,-1.4,-5.8,-0.3
cainja01,Jamal Cain,2023-24,24.0,MIA,MIA,False,PF,26.0,1.0,259.0,9.96,6.5,15.2,0.43,2.1,6.0,0.355,4.4,9.2,0.479,0.5,3.5,4.4,0.783,2.9,4.2,7.1,1.9,1.9,1.0,1.5,4.2,18.7,112.0,113.0,11.5,0.544,0.392,0.291,6.5,9.7,8.1,5.6,1.9,1.9,8.2,16.7,0.1,0.3,0.5,0.089,-2.5,0.2,-2.3,0.0
rhodeja01,Jared Rhoden,2023-24,24.0,DET,DET,False,SG,17.0,0.0,245.0,14.41,6.5,13.0,0.5,2.4,6.1,0.387,4.1,6.9,0.6,0.591,1.0,1.6,0.625,0.6,5.9,6.5,2.7,0.6,2.6,1.4,5.5,16.3,115.0,119.0,10.3,0.597,0.47,0.121,1.3,13.9,7.5,8.0,0.6,4.5,9.1,13.3,0.1,0.2,0.3,0.06,-2.9,0.4,-2.5,0.0
champju01,Justin Champagnie,2023-24,22.0,WAS,WAS,False,SF,15.0,1.0,235.0,15.67,6.4,15.5,0.41,2.6,9.0,0.289,3.8,6.6,0.576,0.494,2.4,3.0,0.8,3.8,6.8,10.5,3.8,2.0,1.8,2.0,2.8,17.7,110.0,117.0,13.6,0.526,0.577,0.192,8.5,15.8,12.1,10.7,2.0,3.1,10.6,17.0,0.1,0.2,0.3,0.058,-1.1,-0.8,-1.8,0.0
greenja02,Javonte Green,2023-24,30.0,CHI,CHI,False,SF,9.0,5.0,230.0,25.56,9.8,16.3,0.6,2.2,5.9,0.37,7.6,10.4,0.729,0.667,2.2,2.8,0.769,4.3,10.2,14.5,1.1,2.2,1.7,1.5,4.1,23.8,132.0,112.0,20.2,0.681,0.36,0.173,9.5,23.3,16.3,3.3,2.2,3.6,8.0,16.7,0.5,0.3,0.9,0.18,1.9,0.1,2.0,0.2
badjiib01,Ibou Badji,2023-24,21.0,POR,POR,False,C,22.0,1.0,226.0,10.27,3.1,4.8,0.636,0.0,0.0,,3.1,4.8,0.636,0.636,1.3,2.6,0.5,4.4,6.8,11.1,2.8,0.7,4.4,3.3,10.0,7.4,104.0,115.0,8.1,0.623,0.0,0.545,9.4,16.3,12.6,7.7,0.7,8.0,35.5,8.0,0.0,0.2,0.2,0.046,-7.7,1.9,-5.8,-0.2
gilleco01,Collin Gillespie,2023-24,24.0,DEN,DEN,False,PG,24.0,0.0,225.0,9.38,7.0,15.2,0.464,3.3,8.4,0.395,3.7,6.8,0.548,0.572,1.8,2.6,0.667,0.2,4.4,4.6,5.9,2.9,0.0,3.1,5.3,19.2,109.0,113.0,11.0,0.586,0.551,0.174,0.5,9.6,5.2,15.5,2.9,0.0,15.9,17.1,0.1,0.3,0.4,0.076,-3.7,0.9,-2.7,0.0
vincega01,Gabe Vincent,2023-24,27.0,LAL,LAL,False,PG,11.0,0.0,218.0,19.82,3.3,10.7,0.306,0.7,6.1,0.107,2.6,4.6,0.571,0.337,0.2,0.4,0.5,0.9,1.1,2.0,4.6,2.0,0.0,1.1,4.1,7.4,86.0,119.0,3.1,0.341,0.571,0.041,2.1,2.4,2.3,11.6,2.0,0.0,9.1,10.9,-0.3,0.1,-0.1,-0.033,-6.9,0.4,-6.5,-0.2
morrima02,Markieff Morris,2023-24,34.0,DAL,DAL,False,PF,26.0,1.0,216.0,8.31,5.1,15.1,0.338,3.3,9.3,0.357,1.8,5.8,0.308,0.449,1.1,1.3,0.833,0.9,7.8,8.7,3.6,1.1,0.7,2.7,2.7,14.7,92.0,116.0,6.6,0.467,0.618,0.088,2.0,17.6,9.9,9.4,1.1,1.2,14.5,16.4,-0.3,0.2,-0.1,-0.014,-4.0,-1.3,-5.3,-0.2
nowelja01,Jaylen Nowell,2023-24,24.0,,2TM,True,SG,13.0,1.0,214.0,16.46,7.7,17.7,0.436,1.4,6.6,0.207,6.4,11.1,0.571,0.474,1.6,2.0,0.778,1.4,4.1,5.5,4.3,0.9,0.5,1.6,3.4,18.4,104.0,120.0,9.2,0.494,0.372,0.115,3.0,9.6,6.2,13.6,0.9,0.8,7.9,17.8,0.0,0.1,0.1,0.016,-4.1,-1.4,-5.4,-0.2
maledth01,Théo Maledon,2023-24,22.0,,2TM,True,PG,17.0,1.0,213.0,12.53,4.6,16.2,0.286,1.2,6.9,0.167,3.5,9.3,0.375,0.321,3.2,3.5,0.933,0.9,4.6,5.6,6.5,1.6,0.0,4.2,4.9,13.7,81.0,121.0,3.2,0.385,0.429,0.214,2.0,10.8,6.3,17.8,1.6,0.0,19.0,19.6,-0.6,0.1,-0.5,-0.122,-8.3,-2.1,-10.3,-0.5
bassech01,Charles Bassey,2023-24,23.0,SAS,SAS,False,C,19.0,0.0,205.0,10.79,6.7,9.3,0.725,0.0,0.2,0.0,6.7,9.0,0.744,0.725,1.2,1.4,0.833,5.3,12.3,17.6,4.9,1.9,3.9,3.5,7.2,14.6,126.0,109.0,17.7,0.739,0.025,0.15,12.0,28.2,20.0,14.1,1.9,6.9,26.0,11.9,0.3,0.4,0.7,0.157,-1.8,3.1,1.3,0.2
gibsota01,Taj Gibson,2023-24,38.0,,2TM,True,PF,20.0,1.0,204.0,10.2,3.7,9.1,0.405,0.5,2.4,0.2,3.2,6.6,0.481,0.432,0.5,0.5,1.0,2.9,6.1,9.1,2.7,0.7,1.7,1.2,7.6,8.3,105.0,116.0,5.9,0.449,0.27,0.054,6.6,13.8,10.2,6.9,0.7,3.2,11.7,9.0,0.0,0.2,0.2,0.044,-5.3,0.1,-5.3,-0.2
brownmo01,Moses Brown,2023-24,24.0,POR,POR,False,C,22.0,5.0,200.0,9.09,8.1,16.0,0.508,0.0,0.0,,8.1,16.0,0.508,0.508,2.2,7.7,0.29,9.1,12.1,21.2,1.7,1.2,1.7,2.7,6.7,18.5,103.0,114.0,14.5,0.477,0.0,0.477,19.6,29.2,24.1,5.4,1.2,3.2,12.3,19.1,-0.1,0.2,0.2,0.044,-4.1,-2.4,-6.5,-0.2
loftoke01,Kenneth Lofton Jr.,2023-24,21.0,,3TM,True,PF,21.0,0.0,199.0,9.48,8.8,19.1,0.462,1.7,5.9,0.292,7.1,13.2,0.537,0.506,4.2,6.4,0.654,2.9,6.4,9.3,8.1,1.5,1.2,3.4,5.9,23.4,111.0,117.0,14.7,0.537,0.308,0.333,6.6,14.6,10.5,25.7,1.5,2.3,13.5,22.1,0.1,0.2,0.3,0.068,-0.6,0.3,-0.3,0.1
bufkiko01,Kobe Bufkin,2023-24,20.0,ATL,ATL,False,SG,17.0,0.0,196.0,11.53,8.3,22.5,0.37,2.2,9.8,0.225,6.1,12.7,0.481,0.418,1.0,2.0,0.5,1.5,6.6,8.1,6.6,1.7,1.2,2.4,4.9,19.8,95.0,118.0,9.1,0.424,0.435,0.087,3.2,15.6,9.2,19.3,1.7,2.3,9.5,22.4,-0.3,0.1,-0.1,-0.031,-4.3,-0.2,-4.5,-0.1
jonesco02,Colby Jones,2023-24,21.0,SAC,SAC,False,SG,30.0,0.0,192.0,6.4,7.1,18.0,0.394,0.5,5.6,0.091,6.6,12.4,0.531,0.408,1.5,2.8,0.545,4.3,5.8,10.1,5.1,1.8,1.3,2.5,7.3,16.2,97.0,115.0,8.9,0.422,0.31,0.155,9.7,13.7,11.7,13.9,1.8,2.4,11.6,19.1,-0.2,0.2,0.0,0.007,-5.4,0.4,-5.0,-0.1
santogu01,Gui Santos,2023-24,21.0,GSW,GSW,False,PF,23.0,0.0,192.0,8.35,7.1,13.9,0.509,2.5,6.8,0.37,4.5,7.1,0.643,0.6,4.0,4.3,0.941,4.3,8.1,12.3,3.5,1.0,0.5,1.8,5.8,20.7,135.0,116.0,15.6,0.656,0.491,0.309,9.7,17.7,13.8,9.6,1.0,0.9,10.1,15.2,0.5,0.2,0.7,0.169,0.0,-0.5,-0.5,0.1
taylote01,Terry Taylor,2023-24,24.0,CHI,CHI,False,PF,31.0,0.0,188.0,6.06,5.3,10.3,0.513,0.5,2.4,0.222,4.8,8.0,0.6,0.538,1.1,1.3,0.8,4.5,5.3,9.8,2.7,1.3,0.5,1.9,4.5,12.2,117.0,118.0,10.1,0.558,0.231,0.128,9.9,12.1,11.0,7.0,1.3,1.1,14.5,11.3,0.1,0.1,0.3,0.07,-3.1,-0.1,-3.2,0.0
pottemi01,Micah Potter,2023-24,25.0,UTA,UTA,False,PF,16.0,0.0,186.0,11.62,4.9,10.4,0.475,2.3,5.4,0.429,2.6,4.9,0.526,0.588,1.6,2.1,0.75,2.6,8.6,11.2,1.6,1.0,1.6,1.3,3.6,13.7,123.0,120.0,11.0,0.609,0.525,0.2,6.0,19.4,12.7,4.2,1.0,2.9,10.3,10.9,0.2,0.1,0.3,0.075,-1.4,-0.9,-2.3,0.0
leesa01,Saben Lee,2023-24,24.0,PHO,PHO,False,PG,24.0,0.0,185.0,7.71,5.3,14.5,0.364,0.5,4.2,0.125,4.8,10.3,0.462,0.382,7.7,10.3,0.744,2.4,5.8,8.2,7.9,1.8,0.8,2.1,3.4,18.7,115.0,115.0,13.5,0.492,0.291,0.709,5.8,12.8,9.5,21.0,1.8,1.4,10.0,18.8,0.2,0.2,0.4,0.099,-2.0,0.6,-1.4,0.0
porteot01,Otto Porter Jr.,2023-24,30.0,TOR,TOR,False,SF,15.0,1.0,174.0,11.6,3.9,9.2,0.424,2.2,6.4,0.348,1.7,2.8,0.6,0.545,0.8,0.8,1.0,1.7,6.4,8.0,2.2,1.4,1.4,0.6,5.3,10.8,123.0,119.0,8.7,0.568,0.697,0.091,3.7,14.8,9.2,5.8,1.4,2.5,5.5,8.9,0.1,0.1,0.3,0.07,-3.5,0.3,-3.2,-0.1
griffaj01,AJ Griffin,2023-24,20.0,ATL,ATL,False,SF,20.0,0.0,171.0,8.55,5.0,17.4,0.29,2.8,10.9,0.256,2.2,6.5,0.348,0.371,0.6,0.6,1.0,0.6,4.5,5.0,1.4,0.3,0.6,2.2,1.7,13.5,77.0,124.0,1.2,0.382,0.629,0.032,1.2,10.6,5.7,3.7,0.3,1.1,11.3,17.3,-0.4,0.0,-0.4,-0.12,-6.0,-3.5,-9.6,-0.3
harrijo01,Joe Harris,2023-24,32.0,DET,DET,False,SG,16.0,0.0,170.0,10.62,4.0,11.0,0.359,2.8,8.5,0.333,1.1,2.5,0.444,0.487,0.3,0.6,0.5,0.8,2.8,3.7,2.8,0.8,0.6,1.1,5.4,11.0,102.0,122.0,4.6,0.489,0.769,0.051,1.9,6.7,4.3,7.7,0.8,1.0,9.1,11.0,0.0,0.0,0.0,0.001,-4.7,-1.1,-5.9,-0.2
queentr01,Trevelin Queen,2023-24,26.0,ORL,ORL,False,SG,14.0,0.0,165.0,11.79,4.2,11.4,0.368,0.9,5.1,0.176,3.3,6.3,0.524,0.408,2.7,3.6,0.75,0.9,5.1,6.0,5.4,2.1,1.5,2.1,4.5,12.0,101.0,111.0,8.3,0.462,0.447,0.316,2.1,12.2,7.1,14.5,2.1,2.8,13.9,13.3,-0.1,0.3,0.2,0.056,-4.7,1.4,-3.4,-0.1
simpsza01,Zavier Simpson,2023-24,26.0,MEM,MEM,False,PG,7.0,0.0,161.0,23.0,5.2,16.4,0.315,1.5,5.2,0.294,3.6,11.2,0.324,0.361,0.9,1.2,0.75,1.2,4.9,6.1,7.6,2.1,0.9,3.0,3.3,12.8,86.0,115.0,6.3,0.377,0.315,0.074,2.6,11.3,6.8,22.5,2.1,1.7,15.2,17.5,-0.3,0.2,-0.2,-0.046,-6.2,0.3,-5.9,-0.2
antetth01,Thanasis Antetokounmpo,2023-24,31.0,MIL,MIL,False,PF,34.0,0.0,155.0,4.56,5.0,9.3,0.533,0.0,0.3,0.0,5.0,9.0,0.552,0.533,0.0,0.6,0.0,2.2,1.9,4.0,5.3,2.2,1.2,4.3,7.4,9.9,92.0,117.0,5.5,0.518,0.033,0.067,5.1,4.2,4.6,13.9,2.2,2.2,31.2,12.5,-0.2,0.1,0.0,-0.01,-6.7,0.3,-6.4,-0.2
vukcetr01,Tristan Vukcevic,2023-24,20.0,WAS,WAS,False,C,10.0,4.0,153.0,15.3,8.9,20.5,0.433,3.1,11.0,0.278,5.8,9.5,0.613,0.507,5.2,6.7,0.773,1.8,9.2,11.0,4.0,1.5,2.1,3.1,8.6,26.0,106.0,116.0,13.9,0.554,0.537,0.328,4.1,21.5,12.6,12.1,1.5,3.7,11.5,23.9,0.0,0.1,0.1,0.045,-3.5,-0.1,-3.6,-0.1
bazleda01,Darius Bazley,2023-24,23.0,,2TM,True,PF,9.0,0.0,152.0,16.89,5.7,9.5,0.6,0.6,2.5,0.25,5.1,7.0,0.727,0.633,3.2,3.8,0.833,2.5,6.4,8.9,2.2,1.9,2.2,2.5,1.0,15.3,121.0,118.0,13.9,0.68,0.267,0.4,5.8,14.4,10.1,6.0,1.9,4.1,18.5,11.9,0.2,0.1,0.3,0.084,-0.9,0.5,-0.4,0.1
jarrede01,DeJon Jarreau,2023-24,26.0,MEM,MEM,False,SG,9.0,0.0,150.0,16.67,5.5,16.3,0.34,1.3,4.2,0.308,4.2,12.1,0.351,0.38,1.6,3.6,0.455,2.6,11.7,14.3,8.5,2.0,0.7,2.9,4.6,14.0,93.0,111.0,9.6,0.392,0.26,0.22,5.6,27.3,16.0,25.4,2.0,1.2,14.1,18.3,-0.2,0.2,0.0,0.002,-4.6,0.7,-4.0,-0.1
bernaju01,Jules Bernard,2023-24,24.0,WAS,WAS,False,SG,19.0,0.0,149.0,7.84,9.1,20.1,0.453,3.5,9.1,0.379,5.6,11.0,0.514,0.539,1.6,2.8,0.556,3.1,5.0,8.2,5.0,0.9,0.3,2.5,4.4,23.2,109.0,122.0,12.7,0.544,0.453,0.141,7.0,11.8,9.3,15.4,0.9,0.5,10.5,21.5,0.0,0.0,0.1,0.026,-0.6,-2.5,-3.0,0.0
dowtije01,Jeff Dowtin Jr.,2023-24,26.0,PHI,PHI,False,PG,12.0,0.0,142.0,11.83,6.9,12.5,0.556,3.1,6.6,0.474,3.8,5.9,0.647,0.681,1.0,1.4,0.75,1.0,5.9,6.9,9.4,2.4,0.3,1.7,0.3,18.0,141.0,114.0,18.2,0.689,0.528,0.111,2.3,13.5,7.8,26.4,2.4,0.6,11.7,13.0,0.4,0.2,0.6,0.193,2.0,1.3,3.3,0.2
cissosi01,Sidy Cissoko,2023-24,19.0,SAS,SAS,False,SF,12.0,0.0,141.0,11.75,5.4,11.1,0.485,0.3,4.0,0.083,5.1,7.1,0.714,0.5,4.0,5.1,0.8,2.7,4.7,7.4,3.4,2.4,1.0,1.0,6.1,15.2,124.0,116.0,12.0,0.568,0.364,0.455,6.1,10.8,8.4,9.4,2.4,1.8,7.0,12.7,0.2,0.1,0.3,0.11,-4.0,1.4,-2.7,0.0
clarkbr01,Brandon Clarke,2023-24,27.0,MEM,MEM,False,PF,6.0,1.0,134.0,22.33,12.0,21.5,0.559,0.4,2.2,0.167,11.7,19.3,0.604,0.568,0.4,2.6,0.143,4.7,6.9,11.7,3.3,1.8,2.2,1.1,2.9,24.8,114.0,113.0,18.9,0.548,0.102,0.119,10.2,16.2,13.1,12.2,1.8,4.2,4.6,20.8,0.1,0.2,0.3,0.108,0.7,0.3,1.0,0.1
batesem01,Emoni Bates,2023-24,20.0,CLE,CLE,False,SF,15.0,0.0,133.0,8.87,5.6,18.2,0.306,3.7,12.3,0.303,1.9,5.9,0.313,0.408,0.4,1.5,0.25,0.4,4.8,5.2,3.7,0.4,0.7,3.0,1.9,15.2,80.0,117.0,2.6,0.404,0.673,0.082,0.9,10.9,5.9,10.0,0.4,1.4,13.6,19.5,-0.4,0.1,-0.3,-0.092,-6.2,-3.0,-9.2,-0.2
smithdr01,Dru Smith,2023-24,26.0,MIA,MIA,False,SG,9.0,0.0,131.0,14.56,5.7,12.6,0.455,2.7,6.5,0.412,3.0,6.1,0.5,0.561,0.8,0.8,1.0,2.3,3.0,5.3,5.3,3.4,1.1,1.9,4.6,14.9,118.0,110.0,12.8,0.576,0.515,0.061,5.1,7.0,6.1,15.0,3.4,2.2,12.9,13.2,0.1,0.2,0.3,0.125,-1.8,3.2,1.4,0.1
willije02,Nate Williams,2023-24,24.0,HOU,HOU,False,SG,22.0,0.0,129.0,5.86,10.2,18.8,0.54,0.8,1.9,0.4,9.4,16.9,0.556,0.56,2.6,4.9,0.538,4.5,4.1,8.6,2.6,1.5,0.4,1.5,3.8,23.7,118.0,116.0,15.6,0.565,0.1,0.26,9.9,9.2,9.6,8.3,1.5,0.7,6.7,19.7,0.2,0.1,0.3,0.11,-0.8,-0.8,-1.6,0.0
warretj01,T.J. Warren,2023-24,30.0,MIN,MIN,False,SF,11.0,0.0,125.0,11.36,7.1,16.2,0.439,0.8,5.1,0.154,6.3,11.1,0.571,0.463,1.2,1.6,0.75,2.0,6.7,8.7,3.6,1.6,0.4,1.6,4.3,16.2,102.0,110.0,9.2,0.479,0.317,0.098,4.8,14.8,10.0,10.1,1.6,0.7,8.6,16.5,0.0,0.2,0.2,0.06,-5.0,0.5,-4.5,-0.1
allenti01,Timmy Allen,2023-24,24.0,MEM,MEM,False,SF,5.0,0.0,125.0,25.0,2.3,9.0,0.261,0.0,2.7,0.0,2.3,6.3,0.375,0.261,0.4,0.8,0.5,1.6,5.1,6.6,2.0,1.6,0.0,0.8,7.0,5.1,73.0,117.0,0.8,0.272,0.304,0.087,3.4,11.8,7.4,5.4,1.6,0.0,7.7,8.9,-0.2,0.1,-0.1,-0.041,-10.3,-0.7,-11.1,-0.3
pickeja02,Jalen Pickett,2023-24,24.0,DEN,DEN,False,SG,27.0,0.0,122.0,4.52,6.1,14.2,0.429,3.7,10.2,0.36,2.4,4.1,0.6,0.557,1.2,1.6,0.75,0.4,5.3,5.7,8.5,1.6,0.0,3.7,5.3,17.1,109.0,115.0,9.7,0.571,0.714,0.114,0.9,11.5,6.4,21.7,1.6,0.0,19.7,16.4,0.0,0.1,0.2,0.065,-2.7,-0.5,-3.3,0.0
garzalu01,Luka Garza,2023-24,25.0,MIN,MIN,False,C,25.0,0.0,122.0,4.88,14.6,30.4,0.48,3.6,13.0,0.281,10.9,17.4,0.628,0.54,7.3,10.1,0.72,7.7,4.9,12.6,1.6,1.6,0.4,2.4,9.7,40.1,117.0,111.0,21.8,0.576,0.427,0.333,18.6,10.7,14.4,5.9,1.6,0.7,6.5,33.3,0.2,0.2,0.4,0.166,0.6,-2.7,-2.1,0.0
pereima01,Mãozinha Pereira,2023-24,23.0,MEM,MEM,False,SF,7.0,1.0,122.0,17.43,7.2,14.0,0.514,2.0,5.2,0.385,5.2,8.8,0.591,0.586,2.8,4.0,0.7,4.4,10.4,14.8,0.8,2.4,1.6,2.0,4.0,19.2,117.0,110.0,15.7,0.609,0.371,0.286,9.5,24.3,16.6,2.5,2.4,3.1,11.3,15.6,0.1,0.2,0.3,0.123,-1.2,0.7,-0.5,0.0
ramseja01,Jahmi'us Ramsey,2023-24,22.0,TOR,TOR,False,SG,7.0,1.0,121.0,17.29,7.2,16.4,0.439,2.4,8.8,0.273,4.8,7.6,0.632,0.512,2.0,2.4,0.833,1.6,7.2,8.8,3.2,2.8,0.0,2.8,4.0,18.8,102.0,117.0,10.6,0.538,0.537,0.146,3.6,16.7,10.0,9.1,2.8,0.0,13.8,17.9,-0.1,0.1,0.1,0.021,-3.9,-0.5,-4.4,-0.1
boldema01,Marques Bolden,2023-24,25.0,,2TM,True,C,11.0,2.0,121.0,11.0,6.9,10.2,0.68,0.0,0.4,0.0,6.9,9.8,0.708,0.68,1.2,1.6,0.75,4.1,9.8,13.9,1.6,1.2,2.9,1.2,4.1,15.1,136.0,116.0,16.0,0.691,0.04,0.16,9.0,22.8,15.8,4.8,1.2,5.4,10.1,10.9,0.2,0.1,0.3,0.134,-2.1,-0.5,-2.7,0.0
gueyemo01,Mouhamadou Gueye,2023-24,25.0,TOR,TOR,False,PF,11.0,0.0,120.0,10.91,4.4,15.3,0.289,0.0,1.2,0.0,4.4,14.1,0.314,0.289,1.6,3.6,0.444,4.8,4.4,9.3,2.0,1.2,7.2,4.8,6.0,10.5,67.0,113.0,4.6,0.31,0.079,0.237,10.8,10.3,10.5,5.3,1.2,13.2,22.2,19.2,-0.5,0.2,-0.4,-0.147,-11.0,-0.9,-11.9,-0.3
moonxa01,Xavier Moon,2023-24,29.0,LAC,LAC,False,SG,14.0,1.0,119.0,8.5,6.2,19.1,0.326,0.8,7.1,0.118,5.4,12.0,0.448,0.348,0.4,0.8,0.5,3.3,4.1,7.5,8.7,1.2,1.2,2.1,3.3,13.7,95.0,118.0,8.1,0.352,0.37,0.043,7.9,9.2,8.5,23.4,1.2,2.3,9.6,19.1,-0.2,0.1,-0.1,-0.026,-4.7,-1.4,-6.1,-0.1
williro04,Robert Williams,2023-24,26.0,POR,POR,False,C,6.0,0.0,119.0,19.83,7.1,10.8,0.654,0.0,0.0,,7.1,10.8,0.654,0.654,2.9,3.7,0.778,4.6,11.2,15.8,2.1,2.9,2.9,2.9,7.1,17.0,122.0,109.0,17.2,0.684,0.0,0.346,9.8,27.0,17.9,6.3,2.9,5.3,18.9,13.2,0.2,0.2,0.4,0.144,-2.2,2.9,0.7,0.1
willibr03,Brandon Williams,2023-24,24.0,DAL,DAL,False,PG,17.0,0.0,113.0,6.65,8.5,22.9,0.37,1.3,6.4,0.2,7.2,16.6,0.436,0.398,4.7,7.2,0.647,1.7,3.8,5.5,7.2,0.4,0.4,3.0,1.7,22.9,97.0,120.0,9.3,0.439,0.278,0.315,3.9,8.7,6.3,20.9,0.4,0.8,10.2,26.0,-0.2,0.1,-0.1,-0.044,-2.7,-2.8,-5.5,-0.1
azubuud01,Udoka Azubuike,2023-24,24.0,PHO,PHO,False,C,16.0,0.0,113.0,7.06,6.9,9.9,0.696,0.0,0.0,,6.9,9.9,0.696,0.696,1.3,5.6,0.231,4.8,9.1,13.8,1.3,0.4,2.6,1.7,7.3,15.1,118.0,114.0,12.3,0.609,0.0,0.565,11.6,20.0,16.0,3.6,0.4,4.7,12.2,12.6,0.1,0.1,0.2,0.1,-3.0,-0.1,-3.2,0.0
hurtma01,Matthew Hurt,2023-24,23.0,MEM,MEM,False,PF,8.0,0.0,113.0,14.12,5.2,14.7,0.353,2.2,8.7,0.25,3.0,6.1,0.5,0.426,1.3,1.3,1.0,3.9,3.0,6.9,1.7,1.3,1.3,0.9,3.5,13.8,104.0,117.0,8.4,0.453,0.588,0.088,8.4,7.1,7.7,5.1,1.3,2.5,5.4,14.2,0.0,0.1,0.1,0.031,-3.0,-0.7,-3.7,-0.1
hoodsja01,Jalen Hood-Schifino,2023-24,20.0,LAL,LAL,False,SG,21.0,0.0,109.0,5.19,4.4,19.6,0.222,0.9,6.5,0.133,3.5,13.1,0.267,0.244,5.2,8.7,0.6,0.9,4.8,5.7,3.5,1.3,0.9,3.9,5.7,14.8,66.0,117.0,-1.5,0.316,0.333,0.444,2.1,10.7,6.6,9.1,1.3,1.6,14.3,24.9,-0.6,0.1,-0.5,-0.222,-12.4,-3.7,-16.1,-0.4
windldy01,Dylan Windler,2023-24,27.0,,3TM,True,SF,17.0,0.0,108.0,6.35,6.7,13.3,0.5,5.8,12.0,0.481,0.9,1.3,0.667,0.717,0.0,0.0,,1.3,5.8,7.1,4.4,0.9,0.0,0.9,2.7,19.1,143.0,121.0,14.2,0.717,0.9,0.0,2.9,13.4,8.1,12.3,0.9,0.0,6.3,12.5,0.3,0.0,0.3,0.14,1.7,-1.0,0.7,0.1
willima11,Malik Williams,2023-24,25.0,TOR,TOR,False,C,7.0,2.0,107.0,15.29,4.1,15.3,0.265,0.5,2.3,0.2,3.6,13.1,0.276,0.279,0.0,0.9,0.0,6.8,10.4,17.1,0.9,1.4,1.8,1.4,6.8,8.6,79.0,116.0,4.9,0.272,0.147,0.059,15.1,24.1,19.5,2.4,1.4,3.3,7.9,15.1,-0.3,0.1,-0.2,-0.069,-7.8,-3.7,-11.5,-0.3
brookar01,Armoni Brooks,2023-24,25.0,BRK,BRK,False,PG,10.0,0.0,104.0,10.4,7.1,21.9,0.326,5.2,15.2,0.344,1.9,6.7,0.286,0.446,0.5,1.0,0.5,3.3,5.2,8.6,2.4,0.5,0.5,1.4,1.4,20.0,98.0,120.0,8.3,0.448,0.696,0.043,7.2,11.9,9.5,6.9,0.5,0.9,6.0,20.8,-0.1,0.1,0.0,-0.018,-2.2,-3.7,-5.8,-0.1
lewisma05,Maxwell Lewis,2023-24,21.0,LAL,LAL,False,SF,34.0,0.0,103.0,3.03,1.8,9.7,0.19,0.5,4.2,0.111,1.4,5.5,0.25,0.214,0.9,1.4,0.667,0.9,0.9,1.8,2.8,0.9,0.5,4.6,2.3,5.1,50.0,121.0,-3.9,0.246,0.429,0.143,2.3,2.1,2.2,6.8,0.9,0.8,30.9,13.6,-0.5,0.0,-0.4,-0.195,-10.3,-3.2,-13.5,-0.3
gilesha01,Harry Giles,2023-24,25.0,,2TM,True,C,23.0,0.0,100.0,4.35,11.3,24.6,0.46,1.5,6.9,0.214,9.8,17.7,0.556,0.49,3.4,6.4,0.538,5.9,8.8,14.7,2.9,1.0,1.5,2.9,7.4,27.5,103.0,115.0,14.8,0.503,0.28,0.26,12.8,20.0,16.4,10.5,1.0,2.7,9.7,26.7,0.0,0.1,0.1,0.027,-2.7,-2.0,-4.8,-0.1
sarrol01,Olivier Sarr,2023-24,24.0,OKC,OKC,False,C,15.0,0.0,98.0,6.53,5.4,9.3,0.579,1.0,2.9,0.333,4.4,6.4,0.692,0.632,4.9,7.4,0.667,4.9,12.8,17.7,1.0,0.0,3.4,1.5,8.8,16.7,135.0,109.0,14.8,0.664,0.316,0.789,11.8,28.5,20.5,2.5,0.0,6.6,10.5,12.7,0.2,0.2,0.4,0.186,-2.6,-0.1,-2.6,0.0
bouyeja01,Jamaree Bouyea,2023-24,24.0,,2TM,True,PG,9.0,0.0,95.0,10.56,5.1,14.3,0.357,0.5,4.6,0.111,4.6,9.7,0.474,0.375,0.0,0.0,,1.5,8.2,9.7,5.6,0.5,0.0,4.6,5.1,10.7,73.0,120.0,1.5,0.375,0.321,0.0,3.4,19.2,11.0,15.9,0.5,0.0,24.3,16.5,-0.3,0.1,-0.3,-0.129,-10.2,-2.0,-12.3,-0.2
minotjo01,Josh Minott,2023-24,21.0,MIN,MIN,False,SF,32.0,0.0,91.0,2.84,9.2,19.6,0.472,2.2,5.4,0.4,7.1,14.1,0.5,0.528,6.5,7.6,0.857,2.2,7.1,9.2,4.3,2.7,2.7,1.1,5.4,27.2,127.0,105.0,20.4,0.593,0.278,0.389,5.2,15.5,10.6,13.2,2.7,4.9,4.5,21.4,0.2,0.2,0.4,0.222,1.8,3.3,5.1,0.2
livinch01,Chris Livingston,2023-24,20.0,MIL,MIL,False,SF,21.0,0.0,90.0,4.29,5.9,11.7,0.5,0.5,2.7,0.2,5.3,9.1,0.588,0.523,1.6,2.1,0.75,1.6,9.6,11.2,2.7,1.1,0.0,2.7,8.0,13.9,101.0,116.0,6.9,0.547,0.227,0.182,3.7,21.5,12.8,7.2,1.1,0.0,17.4,13.8,0.0,0.1,0.1,0.027,-7.0,-1.0,-8.0,-0.1
swideco01,Cole Swider,2023-24,24.0,MIA,MIA,False,SF,18.0,0.0,87.0,4.83,8.6,21.8,0.395,5.7,17.2,0.333,2.9,4.6,0.625,0.526,1.1,1.1,1.0,0.6,3.4,4.0,2.9,0.6,0.6,4.6,2.3,24.1,91.0,117.0,7.1,0.54,0.789,0.053,1.3,7.9,4.6,8.8,0.6,1.1,17.1,24.0,-0.2,0.1,-0.1,-0.05,-2.1,-2.4,-4.5,-0.1
schofad01,Admiral Schofield,2023-24,26.0,ORL,ORL,False,PF,23.0,0.0,84.0,3.65,5.9,15.3,0.385,3.5,9.4,0.375,2.4,5.9,0.4,0.5,0.0,1.2,0.0,1.8,8.3,10.0,4.1,0.6,0.0,2.9,5.3,15.3,95.0,114.0,6.0,0.484,0.615,0.077,4.2,19.7,11.9,11.6,0.6,0.0,15.7,16.6,-0.1,0.1,0.0,0.006,-4.1,-0.8,-4.9,-0.1
smithte01,Terquavion Smith,2023-24,21.0,PHI,PHI,False,PG,16.0,0.0,84.0,5.25,10.5,26.9,0.391,7.6,20.5,0.371,2.9,6.4,0.455,0.533,1.8,2.9,0.6,0.0,2.3,2.3,7.0,4.7,0.0,4.1,4.7,30.5,103.0,111.0,14.8,0.539,0.761,0.109,0.0,5.4,2.6,22.1,4.7,0.0,12.7,28.4,0.0,0.1,0.1,0.05,0.3,0.5,0.8,0.1
boehebu01,Buddy Boeheim,2023-24,24.0,DET,DET,False,SF,10.0,0.0,84.0,8.4,5.2,16.6,0.31,4.6,14.3,0.32,0.6,2.3,0.25,0.448,4.6,5.7,0.8,1.7,4.0,5.7,1.7,0.0,0.6,0.0,2.9,19.5,116.0,124.0,9.1,0.509,0.862,0.345,3.9,9.5,6.6,4.8,0.0,1.0,0.0,17.0,0.1,0.0,0.1,0.047,-0.7,-2.8,-3.5,0.0
walshjo01,Jordan Walsh,2023-24,19.0,BOS,BOS,False,SF,9.0,1.0,83.0,9.22,3.6,8.9,0.4,1.2,5.4,0.222,2.4,3.6,0.667,0.467,0.6,1.2,0.5,3.0,8.9,11.9,3.0,3.0,0.6,1.8,6.5,8.9,106.0,108.0,8.4,0.472,0.6,0.133,6.8,18.7,13.0,7.2,3.0,1.1,15.9,9.9,0.0,0.2,0.2,0.089,-5.6,1.8,-3.8,0.0
robinje01,Jerome Robinson,2023-24,26.0,GSW,GSW,False,SG,22.0,0.0,81.0,3.68,6.6,19.7,0.333,1.2,10.2,0.118,5.4,9.6,0.563,0.364,4.2,6.6,0.636,0.6,3.0,3.6,3.0,0.6,1.8,1.2,3.0,18.5,92.0,118.0,5.7,0.41,0.515,0.333,1.4,6.6,4.0,8.0,0.6,3.3,5.0,20.7,-0.1,0.1,-0.1,-0.04,-6.1,-2.2,-8.3,-0.1
bouknja01,James Bouknight,2023-24,23.0,CHO,CHO,False,SG,14.0,0.0,81.0,5.79,11.0,25.0,0.439,7.9,18.3,0.433,3.0,6.7,0.455,0.598,0.6,1.2,0.5,0.6,4.9,5.5,3.7,0.6,0.6,1.2,1.8,30.5,115.0,123.0,15.9,0.597,0.732,0.049,1.3,11.4,6.2,12.2,0.6,1.2,4.6,23.9,0.1,0.0,0.1,0.062,4.4,-2.2,2.2,0.1
gabriwe01,Wenyen Gabriel,2023-24,26.0,MEM,MEM,False,PF,5.0,0.0,81.0,16.2,4.8,13.3,0.364,0.6,3.6,0.167,4.2,9.7,0.438,0.386,0.0,3.0,0.0,4.2,10.9,15.1,1.8,1.2,1.2,4.8,6.0,10.3,68.0,113.0,2.3,0.351,0.273,0.227,9.1,25.3,16.9,5.3,1.2,2.3,24.8,17.0,-0.3,0.1,-0.2,-0.123,-10.6,-1.9,-12.5,-0.2
rolliry01,Ryan Rollins,2023-24,21.0,,2TM,True,PG,13.0,0.0,78.0,6.0,8.4,16.3,0.519,1.8,2.4,0.75,6.6,13.8,0.478,0.574,7.8,10.2,0.765,1.2,6.6,7.8,8.4,6.0,1.8,4.8,4.8,26.5,116.0,108.0,22.0,0.638,0.148,0.63,2.7,15.4,8.9,25.0,6.0,3.1,18.8,23.0,0.1,0.1,0.3,0.155,0.6,5.1,5.7,0.2
hamptrj01,R.J. Hampton,2023-24,22.0,MIA,MIA,False,PG,8.0,2.0,76.0,9.5,2.6,9.2,0.286,0.7,5.3,0.125,2.0,3.9,0.5,0.321,0.7,1.3,0.5,1.3,2.6,3.9,5.3,0.0,0.0,2.0,5.3,6.6,84.0,119.0,0.9,0.336,0.571,0.143,3.0,6.0,4.5,13.6,0.0,0.0,16.8,10.5,-0.1,0.0,-0.1,-0.038,-8.1,-1.4,-9.5,-0.1
moorewe01,Wendell Moore Jr.,2023-24,22.0,MIN,MIN,False,SG,25.0,0.0,75.0,3.0,5.9,11.9,0.5,0.0,4.0,0.0,5.9,7.9,0.75,0.5,0.0,0.0,,0.0,7.9,7.9,4.0,3.3,0.7,2.6,3.3,11.9,92.0,106.0,8.6,0.5,0.333,0.0,0.0,17.4,9.1,10.9,3.3,1.2,18.2,13.0,-0.1,0.2,0.1,0.052,-6.1,3.3,-2.8,0.0
hintona01,Nate Hinton,2023-24,24.0,HOU,HOU,False,SG,15.0,0.0,75.0,5.0,7.1,16.8,0.423,4.5,9.1,0.5,2.6,7.8,0.333,0.558,2.6,3.2,0.8,4.5,9.7,14.2,6.5,1.9,1.3,1.9,7.1,21.3,128.0,110.0,17.6,0.585,0.538,0.192,9.9,21.7,15.7,18.6,1.9,2.5,9.6,17.7,0.2,0.1,0.3,0.187,1.9,1.7,3.6,0.1
gueyemo02,Mouhamed Gueye,2023-24,21.0,ATL,ATL,False,PF,6.0,0.0,73.0,12.17,5.3,15.1,0.348,2.0,5.9,0.333,3.3,9.2,0.357,0.413,3.3,3.9,0.833,6.6,7.9,14.5,2.6,3.3,2.6,0.7,8.5,15.8,120.0,112.0,15.0,0.468,0.391,0.261,14.4,18.6,16.4,7.0,3.3,4.9,3.8,15.2,0.1,0.1,0.2,0.127,-2.1,0.6,-1.5,0.0
mobleis01,Isaiah Mobley,2023-24,24.0,CLE,CLE,False,PF,10.0,0.0,72.0,7.2,6.9,16.5,0.417,2.1,6.9,0.3,4.8,9.6,0.5,0.479,0.0,0.7,0.0,2.1,4.8,6.9,4.1,1.4,0.0,1.4,4.1,15.8,102.0,116.0,8.1,0.471,0.417,0.042,4.7,10.8,7.8,11.5,1.4,0.0,7.6,16.2,0.0,0.1,0.0,0.032,-4.5,-2.1,-6.6,-0.1
marjabo01,Boban Marjanović,2023-24,35.0,HOU,HOU,False,C,14.0,0.0,71.0,5.07,12.3,23.2,0.529,0.0,1.4,0.0,12.3,21.9,0.563,0.529,6.1,9.6,0.643,4.8,17.1,21.9,4.1,0.7,1.4,3.4,3.4,30.7,112.0,109.0,21.1,0.56,0.059,0.412,10.5,38.2,24.2,13.9,0.7,2.6,11.1,27.0,0.1,0.1,0.2,0.128,0.2,-0.5,-0.3,0.0
prestja01,Jason Preston,2023-24,24.0,UTA,UTA,False,PG,7.0,0.0,71.0,10.14,4.1,12.9,0.316,0.0,2.0,0.0,4.1,10.9,0.375,0.316,0.0,0.0,,4.1,7.5,11.6,10.9,1.4,0.7,1.4,2.0,8.2,107.0,121.0,10.5,0.316,0.158,0.0,9.4,16.9,13.2,28.7,1.4,1.3,9.5,12.4,0.0,0.0,0.0,0.026,-2.5,-0.1,-2.6,0.0
howarje01,Jett Howard,2023-24,20.0,ORL,ORL,False,SF,18.0,0.0,67.0,3.72,7.4,22.2,0.333,5.2,18.5,0.28,2.2,3.7,0.6,0.45,1.5,3.0,0.5,0.7,4.4,5.2,4.4,1.5,1.5,2.2,3.0,21.4,96.0,113.0,8.6,0.457,0.833,0.133,1.7,10.6,6.1,13.0,1.5,2.8,8.6,22.7,-0.1,0.1,0.0,0.005,-1.4,-0.3,-1.8,0.0
simmoko01,Kobi Simmons,2023-24,26.0,TOR,TOR,False,PG,4.0,0.0,67.0,16.75,6.5,15.1,0.429,1.4,5.8,0.25,5.0,9.4,0.538,0.476,0.0,0.0,,0.7,4.3,5.0,8.6,4.3,1.4,0.7,3.6,14.4,116.0,113.0,14.5,0.476,0.381,0.0,1.6,10.1,5.7,24.2,4.3,2.6,4.5,14.0,0.1,0.1,0.1,0.098,-2.6,1.6,-1.0,0.0
johnske08,Keyontae Johnson,2023-24,23.0,OKC,OKC,False,SF,9.0,0.0,66.0,7.33,3.6,11.7,0.313,0.7,2.2,0.333,2.9,9.5,0.308,0.344,0.0,0.0,,2.9,4.4,7.3,2.9,0.7,0.0,2.9,3.6,8.0,78.0,118.0,1.6,0.344,0.188,0.0,7.0,9.8,8.4,7.2,0.7,0.0,20.0,13.1,-0.1,0.1,-0.1,-0.068,-7.5,-2.2,-9.8,-0.1
sanogad01,Adama Sanogo,2023-24,21.0,CHI,CHI,False,PF,9.0,0.0,66.0,7.33,10.6,20.4,0.519,0.0,0.0,,10.6,20.4,0.519,0.519,6.0,9.1,0.667,14.4,12.8,27.2,0.0,0.8,0.0,3.8,3.8,27.2,118.0,116.0,21.9,0.558,0.0,0.444,31.6,29.4,30.5,0.0,0.8,0.0,13.4,24.8,0.1,0.1,0.2,0.133,-0.4,-6.3,-6.7,-0.1
lopezro01,Robin Lopez,2023-24,35.0,MIL,MIL,False,C,16.0,2.0,65.0,4.06,5.2,14.0,0.368,1.5,5.9,0.25,3.7,8.1,0.455,0.421,1.5,1.5,1.0,2.2,1.5,3.7,3.0,0.7,2.2,1.5,5.2,13.3,100.0,119.0,6.6,0.453,0.421,0.105,5.2,3.3,4.2,7.8,0.7,3.9,9.1,14.5,0.0,0.0,0.0,0.007,-4.7,-1.4,-6.1,-0.1
baileam01,Amari Bailey,2023-24,19.0,CHO,CHO,False,PG,10.0,0.0,65.0,6.5,6.1,18.2,0.333,0.8,6.1,0.125,5.3,12.1,0.438,0.354,4.6,5.3,0.857,4.6,2.3,6.8,5.3,2.3,0.0,3.0,1.5,17.5,96.0,122.0,9.7,0.425,0.333,0.292,10.1,5.3,7.8,15.2,2.3,0.0,12.9,21.1,-0.1,0.0,-0.1,-0.044,-5.2,-3.1,-8.3,-0.1
diabamo01,Moussa Diabaté,2023-24,22.0,LAC,LAC,False,C,11.0,0.0,64.0,5.82,7.7,14.7,0.526,0.0,0.0,,7.7,14.7,0.526,0.526,6.9,10.8,0.643,11.6,6.9,18.5,3.1,3.9,0.8,1.5,3.1,22.4,136.0,111.0,24.7,0.576,0.0,0.737,27.4,15.4,21.2,8.6,3.9,1.4,7.4,18.6,0.2,0.1,0.3,0.25,4.0,-0.5,3.5,0.1
whiteja03,Jack White,2023-24,26.0,MEM,MEM,False,SF,4.0,0.0,64.0,16.0,1.5,12.2,0.125,1.5,7.6,0.2,0.0,4.6,0.0,0.188,0.0,0.0,,3.1,6.1,9.2,0.8,3.1,0.8,1.5,2.3,4.6,54.0,112.0,1.1,0.188,0.625,0.0,6.6,14.2,10.3,2.0,3.1,1.5,11.1,12.1,-0.2,0.1,-0.1,-0.1,-9.1,-1.2,-10.3,-0.1
brownke03,Kendall Brown,2023-24,20.0,IND,IND,False,SG,15.0,0.0,63.0,4.2,6.0,11.2,0.533,0.0,1.5,0.0,6.0,9.7,0.615,0.533,3.7,6.0,0.625,2.2,1.5,3.7,3.7,0.0,0.0,1.5,6.7,15.7,119.0,126.0,7.6,0.567,0.133,0.533,5.4,3.6,4.5,9.3,0.0,0.0,9.7,13.7,0.1,0.0,0.1,0.045,-4.2,-2.6,-6.8,-0.1
wainris01,Ish Wainright,2023-24,29.0,,2TM,True,SF,11.0,0.0,62.0,5.64,5.6,19.1,0.292,5.6,15.9,0.35,0.0,3.2,0.0,0.438,1.6,1.6,1.0,2.4,8.7,11.1,0.8,3.2,0.8,1.6,6.4,18.3,98.0,112.0,8.9,0.462,0.833,0.083,5.8,20.8,12.7,2.0,3.2,1.5,7.4,18.5,0.0,0.1,0.0,0.029,-2.9,0.5,-2.4,0.0
johnske07,Keon Johnson,2023-24,21.0,BRK,BRK,False,SG,5.0,0.0,61.0,12.2,6.5,17.0,0.381,3.2,8.1,0.4,3.2,8.9,0.364,0.476,8.9,9.7,0.917,2.4,3.2,5.7,2.4,2.4,0.8,4.1,4.1,25.2,110.0,116.0,13.1,0.59,0.476,0.571,5.2,7.4,6.3,6.9,2.4,1.5,16.0,22.2,0.0,0.1,0.1,0.068,-1.6,-1.1,-2.7,0.0
keybr01,Braxton Key,2023-24,26.0,DEN,DEN,False,SF,20.0,0.0,60.0,3.0,5.8,14.0,0.412,1.7,4.1,0.4,4.1,9.9,0.417,0.471,5.0,6.6,0.75,2.5,12.4,14.9,7.4,1.7,0.8,0.8,4.1,18.2,128.0,110.0,16.5,0.536,0.294,0.471,5.7,26.9,16.6,18.8,1.7,1.4,4.6,15.7,0.1,0.1,0.2,0.18,0.5,1.6,2.1,0.1
samueje01,Jermaine Samuels,2023-24,25.0,HOU,HOU,False,SF,14.0,0.0,60.0,4.29,7.3,11.3,0.643,0.0,1.6,0.0,7.3,9.7,0.75,0.643,1.6,1.6,1.0,2.4,8.1,10.5,2.4,0.8,1.6,0.0,4.0,16.2,149.0,114.0,15.1,0.672,0.143,0.143,5.3,18.1,11.6,7.0,0.8,3.1,0.0,10.5,0.1,0.1,0.2,0.178,-0.3,1.1,0.8,0.0
castlco01,Colin Castleton,2023-24,23.0,LAL,LAL,False,C,16.0,0.0,59.0,3.69,7.3,12.9,0.563,0.0,0.0,,7.3,12.9,0.563,0.563,4.8,4.8,1.0,4.8,4.8,9.7,2.4,1.6,0.0,2.4,8.9,19.3,126.0,118.0,13.0,0.644,0.0,0.375,11.9,10.8,11.3,6.8,1.6,0.0,13.9,15.8,0.1,0.0,0.2,0.128,-3.9,-1.4,-5.2,0.0
washity02,TyTy Washington Jr.,2023-24,22.0,MIL,MIL,False,PG,11.0,0.0,56.0,5.09,5.1,17.2,0.3,1.7,5.1,0.333,3.4,12.0,0.286,0.35,0.0,0.0,,0.9,3.4,4.3,4.3,2.6,0.0,1.7,0.9,12.0,81.0,117.0,4.6,0.35,0.3,0.0,2.0,7.7,4.9,11.4,2.6,0.0,9.1,17.0,-0.1,0.1,-0.1,-0.072,-7.1,-1.0,-8.2,-0.1
seabrde01,Dereon Seabron,2023-24,23.0,NOP,NOP,False,SG,6.0,0.0,55.0,9.17,3.6,11.6,0.308,0.9,1.8,0.5,2.7,9.8,0.273,0.346,4.5,5.3,0.833,0.9,5.3,6.2,4.5,1.8,0.9,0.0,3.6,12.5,115.0,114.0,9.2,0.448,0.154,0.462,2.0,12.0,7.1,11.2,1.8,1.8,0.0,12.4,0.0,0.1,0.1,0.087,-2.7,1.2,-1.5,0.0
toscaju01,Juan Toscano-Anderson,2023-24,30.0,SAC,SAC,False,SF,11.0,0.0,53.0,4.82,2.7,11.0,0.25,0.9,3.7,0.25,1.8,7.3,0.25,0.292,0.0,0.0,,3.7,9.2,12.8,3.7,0.9,0.9,1.8,10.1,6.4,84.0,115.0,2.5,0.292,0.333,0.0,8.3,21.6,14.8,9.0,0.9,1.7,14.3,11.3,-0.1,0.1,0.0,-0.024,-8.7,-0.6,-9.4,-0.1
millele01,Leonard Miller,2023-24,20.0,MIN,MIN,False,SF,17.0,0.0,52.0,3.06,12.4,19.0,0.65,1.9,4.8,0.4,10.5,14.3,0.733,0.7,1.0,1.9,0.5,4.8,14.3,19.0,7.6,1.9,1.0,1.0,4.8,27.6,148.0,104.0,27.0,0.694,0.25,0.1,11.5,31.3,21.8,25.5,1.9,1.7,4.6,18.6,0.2,0.1,0.3,0.323,5.9,3.7,9.6,0.2
lundyse01,Seth Lundy,2023-24,23.0,ATL,ATL,False,SF,9.0,0.0,52.0,5.78,3.7,15.7,0.235,2.8,12.0,0.231,0.9,3.7,0.25,0.324,2.8,3.7,0.75,0.9,5.5,6.5,0.0,0.0,0.0,0.9,5.5,12.9,82.0,124.0,0.0,0.373,0.765,0.235,2.0,13.1,7.3,0.0,0.0,0.0,5.1,15.8,-0.1,0.0,-0.1,-0.092,-7.7,-5.0,-12.7,-0.1
dukeda01,David Duke Jr.,2023-24,24.0,SAS,SAS,False,SG,4.0,0.0,51.0,12.75,9.3,16.8,0.556,2.8,5.6,0.5,6.5,11.2,0.583,0.639,2.8,2.8,1.0,1.9,7.4,9.3,4.7,1.9,0.0,2.8,3.7,24.2,122.0,117.0,16.2,0.673,0.333,0.167,4.2,17.1,10.6,14.6,1.9,0.0,13.4,18.5,0.1,0.0,0.1,0.119,-0.1,1.4,1.4,0.0
nixda01,Daishen Nix,2023-24,21.0,MIN,MIN,False,PG,15.0,0.0,50.0,3.33,8.9,23.7,0.375,5.9,16.8,0.353,3.0,6.9,0.429,0.5,3.0,5.9,0.5,1.0,2.0,3.0,5.9,4.9,0.0,4.9,2.0,26.7,95.0,106.0,12.3,0.507,0.708,0.25,2.4,4.3,3.4,17.8,4.9,0.0,15.8,28.0,-0.1,0.1,0.0,0.014,-2.8,1.4,-1.4,0.0
huffja01,Jay Huff,2023-24,25.0,DEN,DEN,False,C,20.0,0.0,49.0,2.45,9.1,15.2,0.6,3.0,9.1,0.333,6.1,6.1,1.0,0.7,2.0,2.0,1.0,2.0,9.1,11.1,2.0,2.0,3.0,1.0,9.1,23.3,140.0,108.0,18.5,0.724,0.6,0.133,4.7,19.8,12.4,5.6,2.0,5.2,5.9,15.0,0.1,0.1,0.2,0.212,-0.3,1.6,1.3,0.0
tysonhu01,Hunter Tyson,2023-24,23.0,DEN,DEN,False,PF,18.0,0.0,48.0,2.67,8.3,20.7,0.4,4.1,14.5,0.286,4.1,6.2,0.667,0.5,0.0,0.0,,1.0,8.3,9.3,2.1,1.0,0.0,2.1,10.3,20.7,96.0,114.0,6.0,0.5,0.7,0.0,2.4,18.0,10.4,5.6,1.0,0.0,9.1,20.0,0.0,0.1,0.0,0.007,-6.8,-2.1,-8.9,-0.1
johnsja01,James Johnson,2023-24,36.0,IND,IND,False,PF,9.0,0.0,47.0,5.22,3.0,10.0,0.3,0.0,2.0,0.0,3.0,8.0,0.375,0.3,2.0,2.0,1.0,1.0,3.0,4.0,8.0,5.0,1.0,5.0,9.0,8.0,79.0,112.0,5.0,0.368,0.2,0.2,2.4,7.2,4.8,18.6,5.0,1.7,31.5,14.2,-0.1,0.1,0.0,-0.05,-8.0,2.2,-5.8,0.0
jeffrda01,DaQuan Jeffries,2023-24,26.0,NYK,NYK,False,SG,17.0,0.0,46.0,2.71,6.6,18.6,0.353,2.2,11.0,0.2,4.4,7.7,0.571,0.412,0.0,2.2,0.0,0.0,5.5,5.5,5.5,0.0,1.1,3.3,2.2,15.3,82.0,118.0,3.1,0.391,0.588,0.118,0.0,12.2,6.1,14.9,0.0,2.0,14.4,19.6,-0.1,0.0,-0.1,-0.087,-5.6,-2.5,-8.1,-0.1
arcidry01,Ryan Arcidiacono,2023-24,29.0,NYK,NYK,False,PG,20.0,0.0,45.0,2.25,0.0,6.7,0.0,0.0,6.7,0.0,0.0,0.0,,0.0,0.0,0.0,,0.0,9.0,9.0,4.5,2.2,0.0,2.2,5.6,0.0,33.0,112.0,-2.0,0.0,1.0,0.0,0.0,20.0,10.0,10.4,2.2,0.0,25.0,7.7,-0.1,0.1,-0.1,-0.089,-11.5,1.9,-9.6,-0.1
ntilila01,Frank Ntilikina,2023-24,25.0,CHO,CHO,False,PG,5.0,0.0,43.0,8.6,1.1,10.3,0.111,1.1,9.2,0.125,0.0,1.1,0.0,0.167,2.3,2.3,1.0,1.1,5.7,6.9,4.6,0.0,0.0,1.1,4.6,5.7,75.0,125.0,0.0,0.253,0.889,0.222,2.5,13.5,7.8,11.5,0.0,0.0,9.2,11.2,-0.1,0.0,-0.1,-0.099,-10.0,-3.4,-13.4,-0.1
tshieos01,Oscar Tshiebwe,2023-24,24.0,IND,IND,False,PF,8.0,0.0,42.0,5.25,11.2,22.5,0.5,0.0,0.0,,11.2,22.5,0.5,0.5,6.7,9.0,0.75,9.0,9.0,18.0,2.2,2.2,1.1,0.0,3.4,29.2,132.0,115.0,24.8,0.553,0.0,0.4,21.6,21.6,21.6,6.4,2.2,1.9,0.0,23.5,0.1,0.0,0.2,0.221,4.5,-2.3,2.2,0.0
hodgedm01,D'Moi Hodge,2023-24,25.0,LAL,LAL,False,SG,7.0,0.0,41.0,5.86,5.8,17.4,0.333,3.5,13.9,0.25,2.3,3.5,0.667,0.433,1.2,2.3,0.5,0.0,0.0,0.0,5.8,1.2,1.2,1.2,4.6,16.2,97.0,120.0,6.1,0.441,0.8,0.133,0.0,0.0,0.0,15.6,1.2,2.1,5.9,17.8,0.0,0.0,0.0,-0.019,-3.7,-2.6,-6.3,0.0
browngr01,Greg Brown III,2023-24,22.0,DAL,DAL,False,PF,6.0,0.0,40.0,6.67,6.0,13.2,0.455,1.2,3.6,0.333,4.8,9.6,0.5,0.5,4.8,10.8,0.444,3.6,7.2,10.8,4.8,0.0,4.8,4.8,6.0,18.0,96.0,114.0,10.5,0.501,0.273,0.818,8.2,16.3,12.3,13.0,0.0,8.8,21.1,20.3,0.0,0.0,0.0,0.0,-5.0,0.6,-4.4,0.0
mooreta02,Taze Moore,2023-24,25.0,POR,POR,False,SG,4.0,0.0,40.0,10.0,9.9,23.5,0.421,1.2,8.6,0.143,8.6,14.8,0.583,0.447,1.2,2.5,0.5,4.9,4.9,9.9,6.2,2.5,0.0,3.7,4.9,22.2,98.0,117.0,11.8,0.453,0.368,0.105,10.6,11.9,11.2,20.4,2.5,0.0,13.1,24.3,0.0,0.0,0.0,-0.017,-2.5,-0.6,-3.1,0.0
fudgeal01,Alex Fudge,2023-24,20.0,,2TM,True,SF,6.0,0.0,40.0,6.67,7.2,17.9,0.4,1.2,6.0,0.2,6.0,12.0,0.5,0.433,2.4,2.4,1.0,4.8,1.2,6.0,0.0,3.6,0.0,2.4,2.4,17.9,95.0,115.0,9.8,0.472,0.333,0.133,11.3,2.7,6.9,0.0,3.6,0.0,11.2,19.2,0.0,0.0,0.0,-0.007,-3.7,-1.5,-5.2,0.0
davisjd01,JD Davison,2023-24,21.0,BOS,BOS,False,SG,8.0,0.0,39.0,4.88,6.3,15.2,0.417,3.8,8.9,0.429,2.5,6.3,0.4,0.542,3.8,5.1,0.75,2.5,10.1,12.7,12.7,1.3,1.3,2.5,5.1,20.3,134.0,110.0,18.8,0.581,0.583,0.333,5.8,21.2,13.8,32.9,1.3,2.3,12.7,17.6,0.1,0.1,0.2,0.228,1.8,1.4,3.3,0.1
grayra01,RaiQuan Gray,2023-24,24.0,SAS,SAS,False,PF,3.0,0.0,39.0,13.0,12.2,20.7,0.588,3.7,8.5,0.429,8.5,12.2,0.7,0.676,0.0,0.0,,2.4,6.1,8.5,7.3,1.2,1.2,1.2,0.0,28.0,136.0,117.0,22.7,0.676,0.412,0.0,5.5,14.0,9.7,25.2,1.2,2.1,5.6,19.5,0.1,0.0,0.2,0.187,5.6,1.8,7.4,0.1
toppija01,Jacob Toppin,2023-24,23.0,NYK,NYK,False,SF,9.0,0.0,38.0,4.22,6.6,11.9,0.556,1.3,5.3,0.25,5.3,6.6,0.8,0.611,2.7,2.7,1.0,4.0,5.3,9.3,4.0,0.0,1.3,1.3,4.0,17.3,141.0,117.0,14.3,0.658,0.444,0.222,8.8,11.9,10.3,10.9,0.0,2.5,9.2,12.4,0.1,0.0,0.1,0.161,0.6,-1.3,-0.7,0.0
slawsja01,Jalen Slawson,2023-24,24.0,SAC,SAC,False,SF,12.0,0.0,37.0,3.08,5.3,7.9,0.667,0.0,2.6,0.0,5.3,5.3,1.0,0.667,0.0,0.0,,1.3,7.9,9.2,2.6,1.3,1.3,2.6,10.5,10.5,107.0,114.0,6.6,0.667,0.333,0.0,3.0,18.6,10.6,6.9,1.3,2.5,25.0,9.2,0.0,0.0,0.0,0.058,-7.5,1.1,-6.4,0.0
brownch02,Charlie Brown Jr.,2023-24,26.0,NYK,NYK,False,SG,8.0,0.0,37.0,4.62,2.7,13.6,0.2,2.7,9.5,0.286,0.0,4.1,0.0,0.3,0.0,0.0,,1.4,1.4,2.7,0.0,0.0,2.7,2.7,6.8,8.2,60.0,118.0,-3.2,0.3,0.7,0.0,3.0,3.0,3.0,0.0,0.0,5.1,16.7,14.0,-0.1,0.0,-0.1,-0.124,-10.2,-3.4,-13.6,-0.1
cartodj01,D.J. Carton,2023-24,23.0,TOR,TOR,False,SG,4.0,0.0,36.0,9.0,4.0,10.7,0.375,1.3,5.4,0.25,2.7,5.4,0.5,0.438,5.4,6.7,0.8,2.7,2.7,5.4,4.0,1.3,0.0,1.3,4.0,14.8,120.0,123.0,9.6,0.539,0.5,0.625,6.0,6.2,6.1,10.5,1.3,0.0,8.9,13.3,0.0,0.0,0.0,0.062,-4.2,-1.1,-5.3,0.0
dennide01,Dexter Dennis,2023-24,24.0,DAL,DAL,False,SG,4.0,0.0,30.0,7.5,16.0,30.4,0.526,1.6,12.8,0.125,14.4,17.6,0.818,0.553,1.6,4.8,0.333,1.6,12.8,14.4,6.4,0.0,1.6,4.8,1.6,35.2,100.0,114.0,18.3,0.541,0.421,0.158,3.7,29.0,16.4,23.7,0.0,2.9,12.9,33.3,0.0,0.0,0.0,0.004,1.7,-0.1,1.7,0.0
drellhe01,Henri Drell,2023-24,23.0,CHI,CHI,False,SF,4.0,0.0,30.0,7.5,6.6,16.6,0.4,3.3,10.0,0.333,3.3,6.6,0.5,0.5,1.7,3.3,0.5,1.7,5.0,6.6,6.6,3.3,1.7,3.3,10.0,18.3,102.0,112.0,10.7,0.506,0.6,0.2,3.7,11.4,7.5,18.3,3.3,3.4,15.5,18.8,0.0,0.0,0.0,0.047,-5.1,0.2,-4.9,0.0
millejo02,Jordan Miller,2023-24,24.0,LAC,LAC,False,SF,8.0,0.0,28.0,3.5,8.8,15.9,0.556,1.8,3.5,0.5,7.1,12.3,0.571,0.611,3.5,3.5,1.0,5.3,3.5,8.8,0.0,0.0,0.0,1.8,3.5,22.9,130.0,122.0,14.1,0.658,0.222,0.222,12.5,7.8,10.1,0.0,0.0,0.0,9.2,17.0,0.1,0.0,0.1,0.116,0.4,-4.2,-3.8,0.0
jonesma05,Mason Jones,2023-24,25.0,SAC,SAC,False,SG,5.0,0.0,28.0,5.6,3.5,13.9,0.25,3.5,12.1,0.286,0.0,1.7,0.0,0.375,1.7,3.5,0.5,1.7,6.9,8.7,8.7,1.7,0.0,3.5,5.2,12.1,93.0,116.0,5.8,0.394,0.875,0.25,3.9,16.4,10.0,21.7,1.7,0.0,18.4,16.6,0.0,0.0,0.0,-0.018,-5.4,0.0,-5.5,0.0
nancepe01,Pete Nance,2023-24,23.0,CLE,CLE,False,PF,8.0,0.0,27.0,3.38,1.8,11.0,0.167,1.8,1.8,1.0,0.0,9.1,0.0,0.25,0.0,3.7,0.0,0.0,5.5,5.5,0.0,1.8,0.0,1.8,3.7,5.5,40.0,114.0,-3.9,0.218,0.167,0.333,0.0,12.3,6.2,0.0,1.8,0.0,12.7,12.9,-0.1,0.0,-0.1,-0.154,-11.9,-3.2,-15.2,-0.1
spencpa01,Pat Spencer,2023-24,27.0,GSW,GSW,False,PG,6.0,0.0,26.0,4.33,3.7,7.4,0.5,0.0,3.7,0.0,3.7,3.7,1.0,0.5,0.0,0.0,,3.7,3.7,7.4,9.3,0.0,0.0,1.9,1.9,7.4,129.0,122.0,9.4,0.5,0.5,0.0,8.4,8.2,8.3,23.3,0.0,0.0,20.0,8.1,0.0,0.0,0.0,0.084,-3.4,-3.1,-6.4,0.0
whiteda01,Dariq Whitehead,2023-24,19.0,BRK,BRK,False,SF,2.0,0.0,24.0,12.0,2.1,10.3,0.2,0.0,6.2,0.0,2.1,4.1,0.5,0.2,2.1,4.1,0.5,0.0,8.3,8.3,6.2,0.0,2.1,0.0,0.0,6.2,83.0,118.0,4.9,0.255,0.6,0.4,0.0,18.8,9.1,15.6,0.0,3.8,0.0,10.6,0.0,0.0,0.0,-0.03,-5.5,-2.4,-7.9,0.0
diakima01,Mamadi Diakite,2023-24,27.0,,2TM,True,PF,6.0,0.0,24.0,4.0,8.1,12.1,0.667,0.0,2.0,0.0,8.1,10.1,0.8,0.667,8.1,12.1,0.667,2.0,6.1,8.1,4.0,2.0,2.0,2.0,4.0,24.2,133.0,114.0,18.6,0.694,0.167,1.0,4.5,13.8,9.1,13.5,2.1,3.5,10.4,17.0,0.1,0.0,0.1,0.168,0.8,2.7,3.5,0.0
liddeej01,E.J. Liddell,2023-24,23.0,NOP,NOP,False,PF,8.0,0.0,23.0,2.88,2.1,12.8,0.167,0.0,10.7,0.0,2.1,2.1,1.0,0.167,4.3,4.3,1.0,0.0,10.7,10.7,2.1,4.3,4.3,4.3,4.3,8.5,56.0,101.0,4.3,0.291,0.833,0.333,0.0,23.9,12.1,5.2,4.3,8.6,22.5,16.8,-0.1,0.1,0.0,-0.091,-8.7,4.0,-4.7,0.0
peterdr01,Drew Peterson,2023-24,24.0,BOS,BOS,False,PF,3.0,0.0,23.0,7.67,8.6,12.9,0.667,6.4,10.7,0.6,2.1,2.1,1.0,0.917,0.0,0.0,,0.0,2.1,2.1,2.1,4.3,0.0,2.1,2.1,23.6,144.0,110.0,18.5,0.917,0.833,0.0,0.0,4.5,2.3,5.9,4.3,0.0,14.3,13.3,0.1,0.0,0.1,0.194,3.8,1.6,5.3,0.0
fordjo01,Jordan Ford,2023-24,25.0,SAC,SAC,False,PG,6.0,0.0,22.0,3.67,8.8,15.5,0.571,4.4,6.6,0.667,4.4,8.8,0.5,0.714,4.4,4.4,1.0,0.0,4.4,4.4,4.4,0.0,0.0,2.2,0.0,26.5,138.0,121.0,16.8,0.761,0.429,0.286,0.0,10.4,5.1,12.8,0.0,0.0,11.3,17.3,0.1,0.0,0.1,0.157,3.3,-1.1,2.2,0.0
thomais02,Isaiah Thomas,2023-24,34.0,PHO,PHO,False,PG,6.0,0.0,19.0,3.17,7.7,25.7,0.3,5.1,10.3,0.5,2.6,15.4,0.167,0.4,0.0,0.0,,0.0,0.0,0.0,7.7,0.0,0.0,0.0,0.0,20.6,101.0,124.0,6.7,0.4,0.4,0.0,0.0,0.0,0.0,21.9,0.0,0.0,0.0,22.8,0.0,0.0,0.0,-0.03,-1.6,-5.2,-6.9,0.0
garubus01,Usman Garuba,2023-24,21.0,GSW,GSW,False,PF,6.0,0.0,18.0,3.0,2.7,16.1,0.167,0.0,2.7,0.0,2.7,13.4,0.2,0.167,2.7,5.4,0.5,8.1,10.8,18.8,2.7,2.7,8.1,5.4,5.4,8.1,65.0,101.0,7.0,0.218,0.167,0.333,18.2,23.7,21.0,6.6,2.7,15.1,22.5,20.8,-0.1,0.0,0.0,-0.124,-10.8,-0.1,-10.9,0.0
greenda02,Danny Green,2023-24,36.0,PHI,PHI,False,SG,2.0,0.0,18.0,9.0,0.0,5.5,0.0,0.0,2.7,0.0,0.0,2.7,0.0,0.0,0.0,0.0,,0.0,5.5,5.5,2.7,2.7,0.0,0.0,2.7,0.0,33.0,114.0,0.7,0.0,0.5,0.0,0.0,12.5,6.1,6.5,2.7,0.0,0.0,4.8,0.0,0.0,0.0,-0.035,-7.4,0.8,-6.6,0.0
willial06,Alondes Williams,2023-24,24.0,MIA,MIA,False,SG,7.0,0.0,16.0,2.29,6.2,24.9,0.25,0.0,12.5,0.0,6.2,12.5,0.5,0.25,3.1,3.1,1.0,0.0,3.1,3.1,0.0,0.0,3.1,6.2,6.2,15.6,50.0,115.0,-7.9,0.296,0.5,0.125,0.0,7.1,3.5,0.0,0.0,6.1,19.2,29.1,-0.1,0.0,-0.1,-0.357,-17.8,-5.4,-23.2,-0.1
jeromty01,Ty Jerome,2023-24,26.0,CLE,CLE,False,SG,2.0,0.0,15.0,7.5,6.6,13.2,0.5,0.0,3.3,0.0,6.6,9.9,0.667,0.5,0.0,0.0,,3.3,0.0,3.3,9.9,0.0,0.0,3.3,6.6,13.2,111.0,121.0,7.6,0.5,0.25,0.0,7.6,0.0,3.7,27.3,0.0,0.0,20.0,14.7,0.0,0.0,0.0,0.04,-4.1,-0.8,-4.9,0.0
wilsodj01,D.J. Wilson,2023-24,27.0,PHI,PHI,False,PF,2.0,0.0,15.0,7.5,13.1,19.7,0.667,6.6,6.6,1.0,6.6,13.1,0.5,0.833,0.0,0.0,,3.3,3.3,6.6,6.6,0.0,6.6,0.0,3.3,32.8,173.0,114.0,31.6,0.833,0.333,0.0,7.2,7.5,7.4,22.5,0.0,12.2,0.0,17.3,0.1,0.0,0.1,0.355,15.5,7.0,22.4,0.1
flaglad01,Adam Flagler,2023-24,24.0,OKC,OKC,False,SG,2.0,0.0,14.0,7.0,3.4,24.0,0.143,3.4,20.6,0.167,0.0,3.4,0.0,0.214,0.0,0.0,,0.0,0.0,0.0,13.7,0.0,0.0,0.0,0.0,10.3,78.0,122.0,0.6,0.214,0.857,0.0,0.0,0.0,0.0,33.6,0.0,0.0,0.0,21.7,0.0,0.0,0.0,-0.159,-6.7,-3.9,-10.6,0.0
funkan01,Andrew Funk,2023-24,24.0,CHI,CHI,False,SG,5.0,0.0,13.0,2.6,0.0,15.3,0.0,0.0,11.5,0.0,0.0,3.8,0.0,0.0,0.0,0.0,,0.0,0.0,0.0,0.0,3.8,3.8,0.0,0.0,0.0,0.0,112.0,-5.0,0.0,0.75,0.0,0.0,0.0,0.0,0.0,3.8,7.9,0.0,13.5,-0.1,0.0,-0.1,-0.252,-12.4,-2.0,-14.4,0.0
jacksqu01,Quenton Jackson,2023-24,25.0,IND,IND,False,PG,3.0,0.0,11.0,3.67,0.0,4.3,0.0,0.0,0.0,,0.0,4.3,0.0,0.0,8.6,8.6,1.0,0.0,17.2,17.2,8.6,4.3,0.0,0.0,4.3,8.6,152.0,107.0,16.1,0.532,0.0,2.0,0.0,41.2,20.6,18.6,4.3,0.0,0.0,7.2,0.0,0.0,0.0,0.203,-3.5,6.8,3.3,0.0
primojo01,Joshua Primo,2023-24,21.0,LAC,LAC,False,SG,2.0,0.0,10.0,5.0,4.9,14.8,0.333,0.0,4.9,0.0,4.9,9.9,0.5,0.333,0.0,0.0,,4.9,0.0,4.9,0.0,0.0,4.9,19.7,0.0,9.9,37.0,119.0,-12.8,0.333,0.333,0.0,11.7,0.0,5.6,0.0,0.0,9.0,57.1,30.7,-0.1,0.0,-0.1,-0.585,-16.8,-8.2,-25.0,-0.1
petrufi01,Filip Petrušev,2023-24,23.0,,2TM,True,C,3.0,0.0,10.0,3.33,4.9,9.8,0.5,0.0,0.0,,4.9,9.8,0.5,0.5,4.9,9.8,0.5,0.0,4.9,4.9,0.0,0.0,0.0,0.0,4.9,14.6,108.0,120.0,5.1,0.521,0.0,1.0,0.0,11.2,5.5,0.0,0.0,0.0,0.0,12.3,0.0,0.0,0.0,0.029,-4.7,-3.3,-8.0,0.0
wiggili01,Lindell Wigginton,2023-24,25.0,MIL,MIL,False,PG,3.0,0.0,8.0,2.67,12.0,30.0,0.4,0.0,12.0,0.0,12.0,18.0,0.667,0.4,12.0,12.0,1.0,0.0,0.0,0.0,0.0,0.0,0.0,6.0,6.0,36.0,89.0,124.0,5.6,0.51,0.4,0.4,0.0,0.0,0.0,0.0,0.0,0.0,14.5,37.1,0.0,0.0,0.0,-0.154,-14.6,-9.2,-23.9,0.0
gateska01,Kaiser Gates,2023-24,27.0,NOP,NOP,False,SF,1.0,0.0,7.0,7.0,0.0,28.0,0.0,0.0,14.0,0.0,0.0,14.0,0.0,0.0,0.0,0.0,,0.0,7.0,7.0,0.0,0.0,0.0,0.0,0.0,0.0,0.0,118.0,-19.9,0.0,0.5,0.0,0.0,15.7,8.0,0.0,0.0,0.0,0.0,24.9,-0.1,0.0,-0.1,-0.558,-18.6,-10.1,-28.8,-0.1
harrish01,Shaquille Harrison,2023-24,30.0,MEM,MEM,False,SG,3.0,0.0,6.0,2.0,8.1,16.3,0.5,0.0,0.0,,8.1,16.3,0.5,0.5,0.0,0.0,,0.0,16.3,16.3,0.0,0.0,8.1,0.0,0.0,16.3,100.0,104.0,15.9,0.5,0.0,0.0,0.0,38.0,18.2,0.0,0.0,15.6,0.0,14.3,0.0,0.0,0.0,0.09,-0.7,5.2,4.6,0.0
harrike01,Kevon Harris,2023-24,26.0,ORL,ORL,False,SG,2.0,0.0,6.0,3.0,16.5,24.8,0.667,0.0,0.0,,16.5,24.8,0.667,0.667,0.0,0.0,,0.0,16.5,16.5,8.3,0.0,0.0,8.3,24.8,33.0,101.0,110.0,11.1,0.667,0.0,0.0,0.0,39.5,19.6,33.0,0.0,0.0,25.0,29.1,0.0,0.0,0.0,0.038,-15.5,-0.3,-15.8,0.0
diallha01,Hamidou Diallo,2023-24,25.0,WAS,WAS,False,SG,2.0,0.0,5.0,2.5,9.4,18.7,0.5,0.0,0.0,,9.4,18.7,0.5,0.5,0.0,0.0,,18.7,0.0,18.7,9.4,18.7,0.0,9.4,9.4,18.7,106.0,86.0,33.2,0.5,0.0,0.0,41.8,0.0,21.4,28.9,18.7,0.0,33.3,25.3,0.0,0.0,0.0,0.204,2.7,16.0,18.7,0.0
harpero02,Ron Harper Jr.,2023-24,23.0,TOR,TOR,False,PF,1.0,0.0,4.0,4.0,0.0,0.0,,0.0,0.0,,0.0,0.0,,,0.0,0.0,,0.0,0.0,0.0,12.1,0.0,0.0,0.0,24.1,0.0,227.0,127.0,0.0,,,,0.0,0.0,0.0,28.6,0.0,0.0,,0.0,0.0,0.0,0.0,0.087,-11.7,2.8,-8.8,0.0
nowelma01,Markquis Nowell,2023-24,24.0,TOR,TOR,False,SG,1.0,0.0,4.0,4.0,0.0,12.1,0.0,0.0,0.0,,0.0,12.1,0.0,0.0,24.1,24.1,1.0,24.1,0.0,24.1,24.1,12.1,0.0,0.0,0.0,24.1,169.0,100.0,55.5,0.532,0.0,2.0,53.9,0.0,27.5,57.1,12.1,0.0,0.0,20.1,0.0,0.0,0.1,0.665,29.1,14.2,43.3,0.0
wongis01,Isaiah Wong,2023-24,23.0,IND,IND,False,SG,1.0,0.0,4.0,4.0,11.8,35.4,0.333,0.0,11.8,0.0,11.8,23.6,0.5,0.333,0.0,0.0,,0.0,0.0,0.0,0.0,0.0,0.0,0.0,0.0,23.6,70.0,127.0,-1.1,0.333,0.333,0.0,0.0,0.0,0.0,0.0,0.0,0.0,0.0,31.4,0.0,0.0,0.0,-0.277,-11.3,-7.7,-19.0,0.0
brockiz01,Izaiah Brockington,2023-24,24.0,NOP,NOP,False,PG,1.0,0.0,3.0,3.0,32.7,81.7,0.4,0.0,16.3,0.0,32.7,65.4,0.5,0.4,0.0,0.0,,16.3,16.3,32.7,0.0,0.0,0.0,0.0,0.0,65.4,93.0,113.0,26.6,0.4,0.2,0.0,37.6,36.7,37.1,0.0,0.0,0.0,0.0,72.5,0.0,0.0,0.0,-0.177,-9.2,-8.5,-17.8,0.0
cazalma01,Malcolm Cazalon,2023-24,22.0,DET,DET,False,SG,1.0,0.0,3.0,3.0,0.0,0.0,,0.0,0.0,,0.0,0.0,,,0.0,0.0,,0.0,0.0,0.0,0.0,0.0,0.0,0.0,0.0,0.0,,127.0,0.0,,,,0.0,0.0,0.0,0.0,0.0,0.0,,0.0,0.0,0.0,0.0,-0.012,-6.0,-3.2,-9.1,0.0
crutcja01,Jalen Crutcher,2023-24,24.0,NOP,NOP,False,PG,1.0,0.0,3.0,3.0,0.0,16.3,0.0,0.0,0.0,,0.0,16.3,0.0,0.0,0.0,0.0,,0.0,0.0,0.0,0.0,0.0,0.0,0.0,0.0,0.0,0.0,122.0,-12.6,0.0,0.0,0.0,0.0,0.0,0.0,0.0,0.0,0.0,0.0,14.5,0.0,0.0,0.0,-0.334,-18.5,-7.8,-26.2,0.0
skapidm01,Dmytro Skapintsev,2023-24,25.0,NYK,NYK,False,C,2.0,0.0,2.0,1.0,0.0,25.2,0.0,0.0,0.0,,0.0,25.2,0.0,0.0,0.0,0.0,,0.0,0.0,0.0,0.0,0.0,0.0,0.0,0.0,0.0,0.0,122.0,-19.3,0.0,0.0,0.0,0.0,0.0,0.0,0.0,0.0,0.0,0.0,21.6,0.0,0.0,0.0,-0.483,-16.0,-9.8,-25.9,0.0
jacksju01,Justin Jackson,2023-24,28.0,MIN,MIN,False,SF,2.0,0.0,1.0,0.5,0.0,0.0,,0.0,0.0,,0.0,0.0,,,0.0,0.0,,0.0,0.0,0.0,0.0,0.0,0.0,0.0,0.0,0.0,,119.0,0.0,,,,0.0,0.0,0.0,0.0,0.0,0.0,,0.0,0.0,0.0,0.0,0.031,-6.3,-1.2,-7.5,0.0
smartja01,Javonte Smart,2023-24,24.0,PHI,PHI,False,PG,1.0,0.0,1.0,1.0,0.0,0.0,,0.0,0.0,,0.0,0.0,,,0.0,0.0,,0.0,0.0,0.0,0.0,0.0,0.0,0.0,0.0,0.0,,124.0,0.0,,,,0.0,0.0,0.0,0.0,0.0,0.0,,0.0,0.0,0.0,0.0,0.005,-6.2,-2.1,-8.3,0.0
bridgmi01,Mikal Bridges,2024-25,28.0,NYK,NYK,False,SF,82.0,82.0,3036.0,37.02,9.7,19.3,0.5,2.7,7.6,0.354,7.0,11.8,0.594,0.57,1.6,1.9,0.814,1.2,3.1,4.2,5.0,1.2,0.7,2.2,2.1,23.6,117.0,118.0,14.0,0.585,0.391,0.1,2.7,7.0,4.9,14.4,1.2,1.3,9.7,19.6,3.7,2.0,5.7,0.09,0.4,-0.9,-0.5,1.2
hartjo01,Josh Hart,2024-25,29.0,NYK,NYK,False,SG,77.0,77.0,2897.0,37.62,6.9,13.2,0.525,1.4,4.3,0.333,5.5,8.9,0.618,0.579,2.7,3.5,0.776,2.8,9.9,12.6,7.8,2.0,0.5,2.7,3.4,18.0,125.0,112.0,16.5,0.611,0.327,0.266,6.4,22.6,14.6,20.7,2.0,0.9,15.5,15.3,5.4,3.8,9.2,0.153,1.1,1.8,2.8,3.6
edwaran01,Anthony Edwards,2024-25,23.0,MIN,MIN,False,SG,79.0,79.0,2871.0,36.34,12.4,27.7,0.447,5.5,13.9,0.395,6.9,13.8,0.501,0.547,7.1,8.5,0.837,1.0,6.7,7.7,6.2,1.6,0.9,4.3,2.6,37.4,115.0,112.0,20.1,0.595,0.503,0.308,2.4,14.8,8.7,20.9,1.6,1.7,12.0,31.4,4.6,3.8,8.4,0.14,4.4,0.0,4.3,4.6
bookede01,Devin Booker,2024-25,28.0,PHO,PHO,False,SG,75.0,75.0,2795.0,37.27,11.6,25.1,0.461,3.2,9.7,0.332,8.3,15.4,0.542,0.525,7.6,8.5,0.894,1.3,4.1,5.4,9.4,1.2,0.3,3.9,3.5,34.0,119.0,123.0,19.3,0.589,0.388,0.34,3.1,8.9,6.1,30.6,1.2,0.5,11.9,29.3,6.1,0.3,6.4,0.111,2.8,-2.4,0.4,1.7
hardeja01,James Harden,2024-25,35.0,LAC,LAC,False,PG,79.0,79.0,2789.0,35.3,9.4,22.9,0.41,4.1,11.8,0.352,5.2,11.1,0.472,0.501,8.9,10.2,0.874,1.0,7.1,8.1,12.1,2.1,1.0,6.0,2.9,31.8,114.0,110.0,20.0,0.582,0.516,0.446,2.3,16.1,9.3,36.8,2.1,2.0,18.0,29.6,4.0,4.3,8.3,0.143,3.5,0.8,4.3,4.4
derozde01,DeMar DeRozan,2024-25,35.0,SAC,SAC,False,SF,77.0,77.0,2768.0,35.95,11.0,23.1,0.477,1.5,4.5,0.328,9.5,18.6,0.513,0.509,6.7,7.8,0.857,0.9,4.4,5.3,6.0,1.1,0.6,1.9,2.7,30.2,120.0,119.0,17.7,0.569,0.196,0.337,2.0,10.1,6.0,18.7,1.1,1.1,6.5,25.0,5.7,1.4,7.1,0.123,1.2,-1.2,-0.1,1.3
youngtr01,Trae Young,2024-25,26.0,ATL,ATL,False,PG,76.0,76.0,2739.0,36.04,9.7,23.5,0.411,3.7,11.0,0.34,5.9,12.5,0.474,0.491,8.4,9.6,0.875,0.6,3.4,4.0,15.0,1.6,0.2,6.1,2.5,31.4,114.0,119.0,18.3,0.567,0.467,0.408,1.4,8.2,4.7,46.4,1.6,0.4,17.9,29.6,4.4,1.3,5.7,0.1,3.3,-2.7,0.5,1.7
herroty01,Tyler Herro,2024-25,25.0,MIA,MIA,False,SG,77.0,77.0,2725.0,35.39,11.9,25.2,0.472,4.6,12.3,0.375,7.3,13.0,0.565,0.563,5.3,6.0,0.878,0.6,6.7,7.3,7.8,1.3,0.3,3.6,1.6,33.7,117.0,115.0,19.7,0.605,0.486,0.237,1.4,14.6,8.1,26.2,1.3,0.6,11.5,28.0,4.7,2.7,7.4,0.131,3.8,-0.7,3.1,3.5
anunoog01,OG Anunoby,2024-25,27.0,NYK,NYK,False,PF,74.0,74.0,2706.0,36.57,9.0,18.8,0.476,3.1,8.4,0.372,5.8,10.4,0.561,0.559,3.4,4.1,0.81,1.8,4.8,6.6,3.0,2.0,1.2,1.9,3.2,24.4,118.0,114.0,15.4,0.591,0.448,0.22,4.2,11.0,7.6,8.5,2.0,2.2,8.3,19.7,3.7,2.8,6.5,0.116,0.7,0.1,0.7,1.9
greenja05,Jalen Green,2024-25,22.0,HOU,HOU,False,SG,82.0,82.0,2697.0,32.89,11.0,25.9,0.423,4.2,11.9,0.354,6.8,14.0,0.482,0.505,4.9,6.1,0.813,0.8,6.0,6.8,5.1,1.3,0.5,3.7,2.3,31.1,110.0,113.0,15.1,0.544,0.46,0.234,1.7,13.4,7.4,16.0,1.3,0.9,11.4,27.3,1.9,3.2,5.1,0.092,1.1,-0.5,0.5,1.7
braunch01,Christian Braun,2024-25,23.0,DEN,DEN,False,SG,79.0,77.0,2675.0,33.86,8.6,14.8,0.58,1.6,4.0,0.397,7.0,10.7,0.648,0.634,3.2,3.8,0.827,1.8,5.6,7.4,3.7,1.5,0.7,1.5,3.1,21.9,133.0,118.0,16.0,0.665,0.273,0.261,4.2,12.2,8.4,10.1,1.5,1.2,8.1,15.8,6.2,1.9,8.0,0.144,0.8,-0.5,0.3,1.6
adebaba01,Bam Adebayo,2024-25,27.0,MIA,MIA,False,C,78.0,78.0,2674.0,34.28,10.1,20.8,0.485,1.5,4.1,0.357,8.6,16.6,0.517,0.521,4.7,6.1,0.765,3.5,10.5,14.0,6.3,1.8,1.0,3.0,3.0,26.3,115.0,110.0,18.9,0.561,0.199,0.295,7.7,23.1,15.5,20.0,1.8,1.9,11.4,23.5,3.5,4.0,7.5,0.135,1.0,1.0,2.0,2.7
zubaciv01,Ivica Zubac,2024-25,27.0,LAC,LAC,False,C,80.0,80.0,2624.0,32.8,11.1,17.7,0.628,0.0,0.0,,11.1,17.7,0.628,0.628,2.9,4.4,0.661,5.6,13.3,19.0,4.0,1.0,1.7,2.4,3.2,25.1,129.0,108.0,22.3,0.641,0.0,0.251,13.1,30.2,21.8,12.8,1.0,3.4,10.8,19.5,7.0,4.7,11.7,0.215,2.3,0.8,3.1,3.4
tatumja01,Jayson Tatum,2024-25,26.0,BOS,BOS,False,PF,72.0,72.0,2624.0,36.44,12.7,28.0,0.452,4.8,13.9,0.343,7.9,14.1,0.559,0.537,6.8,8.4,0.814,0.9,11.0,11.9,8.2,1.5,0.7,4.0,3.0,36.9,117.0,110.0,21.7,0.582,0.497,0.3,2.0,23.7,12.9,27.0,1.5,1.3,11.2,31.2,5.3,4.2,9.5,0.174,4.4,0.8,5.2,4.8
mcdanja02,Jaden McDaniels,2024-25,24.0,MIN,MIN,False,PF,82.0,82.0,2614.0,31.88,7.5,15.7,0.477,1.9,5.7,0.33,5.6,10.0,0.561,0.537,2.0,2.4,0.813,2.4,6.4,8.9,3.1,2.1,1.4,1.8,4.2,18.9,115.0,110.0,13.3,0.562,0.363,0.153,5.6,14.2,10.0,9.0,2.1,2.6,9.6,16.3,2.3,3.9,6.3,0.115,-1.4,1.4,0.0,1.4
murrake02,Keegan Murray,2024-25,24.0,SAC,SAC,False,PF,76.0,76.0,2610.0,34.34,6.8,15.4,0.444,2.9,8.4,0.343,3.9,7.0,0.566,0.538,1.1,1.3,0.833,2.7,6.8,9.5,2.0,1.1,1.3,1.1,3.5,17.7,116.0,117.0,12.0,0.553,0.548,0.088,6.3,15.5,10.9,5.6,1.1,2.6,6.6,15.0,2.4,2.1,4.4,0.082,-0.8,-0.8,-1.6,0.2
lavinza01,Zach LaVine,2024-25,29.0,,2TM,True,SG,74.0,74.0,2602.0,35.16,11.4,22.4,0.511,4.4,9.8,0.446,7.1,12.6,0.562,0.609,4.3,5.2,0.825,0.4,5.4,5.8,5.7,1.1,0.2,3.8,2.2,31.6,116.0,119.0,17.3,0.639,0.438,0.233,0.9,12.0,6.5,18.3,1.1,0.4,13.4,25.3,3.7,1.4,5.1,0.094,2.3,-1.6,0.7,1.8
gilgesh01,Shai Gilgeous-Alexander,2024-25,26.0,OKC,OKC,False,PG,76.0,76.0,2598.0,34.18,15.9,30.6,0.519,3.0,8.0,0.375,12.9,22.6,0.571,0.569,11.1,12.4,0.898,1.2,5.8,7.0,9.0,2.4,1.4,3.4,3.0,45.9,129.0,107.0,30.7,0.637,0.263,0.404,2.8,12.6,7.8,31.3,2.4,3.0,8.6,34.8,11.9,4.8,16.7,0.309,8.9,2.6,11.5,8.9
portemi01,Michael Porter Jr.,2024-25,26.0,DEN,DEN,False,SF,77.0,77.0,2593.0,33.68,9.8,19.4,0.504,3.6,9.1,0.395,6.2,10.4,0.599,0.596,2.8,3.6,0.768,2.6,7.5,10.0,3.1,0.9,0.7,1.9,2.9,25.9,122.0,118.0,16.2,0.617,0.467,0.185,6.1,16.2,11.4,8.7,0.9,1.3,8.4,20.2,4.6,1.8,6.4,0.118,1.6,-1.7,-0.1,1.2
whitede01,Derrick White,2024-25,30.0,BOS,BOS,False,SG,76.0,76.0,2574.0,33.87,8.3,18.7,0.442,5.2,13.5,0.384,3.1,5.2,0.593,0.58,2.6,3.1,0.839,1.3,5.3,6.6,7.0,1.4,1.6,2.6,2.7,24.3,123.0,112.0,16.6,0.606,0.721,0.168,2.8,11.5,7.2,20.2,1.4,2.9,11.3,19.8,5.1,3.4,8.5,0.158,2.7,0.8,3.5,3.6
daniedy01,Dyson Daniels,2024-25,21.0,ATL,ATL,False,SG,76.0,76.0,2571.0,33.83,8.3,16.8,0.493,1.5,4.3,0.34,6.8,12.5,0.545,0.536,1.5,2.5,0.593,2.3,5.9,8.2,6.1,4.2,1.0,2.8,3.2,19.5,110.0,111.0,15.6,0.545,0.255,0.152,5.1,14.2,9.6,17.9,4.2,2.0,13.6,18.2,1.3,3.7,5.0,0.093,-1.1,2.6,1.5,2.3
jokicni01,Nikola Jokić,2024-25,29.0,DEN,DEN,False,C,70.0,70.0,2571.0,36.73,14.7,25.5,0.576,2.6,6.2,0.417,12.1,19.3,0.627,0.627,6.8,8.4,0.8,3.7,12.9,16.7,13.4,2.4,0.8,4.3,3.0,38.7,133.0,111.0,32.0,0.663,0.243,0.331,9.0,28.2,19.1,44.1,2.4,1.6,12.8,29.5,12.7,3.8,16.4,0.307,9.9,3.3,13.3,9.8
reaveau01,Austin Reaves,2024-25,26.0,LAL,LAL,False,SG,73.0,73.0,2550.0,34.93,9.2,20.0,0.46,3.9,10.2,0.377,5.3,9.8,0.547,0.556,6.2,7.1,0.877,1.2,5.2,6.3,8.1,1.6,0.4,3.4,2.9,28.5,122.0,117.0,18.1,0.616,0.512,0.353,2.8,11.5,7.3,24.9,1.6,0.8,12.9,23.7,5.6,2.1,7.6,0.144,2.4,-0.5,1.9,2.6
camarto01,Toumani Camara,2024-25,24.0,POR,POR,False,PF,78.0,78.0,2548.0,32.67,6.3,13.7,0.458,2.6,6.9,0.375,3.7,6.8,0.542,0.552,1.7,2.4,0.722,3.3,5.3,8.6,3.3,2.2,1.0,2.1,4.4,16.8,117.0,115.0,12.5,0.572,0.503,0.176,7.2,12.1,9.6,9.6,2.2,1.8,12.4,14.4,2.5,2.6,5.2,0.097,-0.9,0.8,-0.1,1.2
siakapa01,Pascal Siakam,2024-25,30.0,IND,IND,False,PF,78.0,78.0,2548.0,32.67,11.6,22.3,0.519,2.4,6.1,0.389,9.2,16.2,0.568,0.572,4.3,5.8,0.734,2.5,7.7,10.2,5.0,1.3,0.8,2.1,3.6,29.8,120.0,115.0,19.2,0.599,0.274,0.261,5.9,17.6,11.8,15.7,1.3,1.5,7.6,24.2,5.0,2.5,7.5,0.142,2.2,-0.5,1.7,2.4
lopezbr01,Brook Lopez,2024-25,36.0,MIL,MIL,False,C,80.0,80.0,2546.0,31.82,7.5,14.7,0.509,2.6,7.1,0.373,4.8,7.6,0.636,0.599,2.2,2.6,0.826,2.1,5.5,7.6,2.7,0.9,2.8,1.6,3.2,19.8,122.0,114.0,14.8,0.624,0.482,0.178,5.0,11.8,8.6,7.8,0.9,5.4,9.1,15.8,3.6,2.9,6.6,0.124,0.4,0.4,0.8,1.8
townska01,Karl-Anthony Towns,2024-25,29.0,NYK,NYK,False,C,72.0,72.0,2517.0,34.96,12.6,24.0,0.526,2.8,6.7,0.42,9.8,17.3,0.567,0.584,6.7,8.1,0.829,4.2,14.0,18.1,4.4,1.4,1.0,3.8,4.9,34.7,122.0,110.0,23.4,0.63,0.278,0.337,9.8,32.0,21.0,13.8,1.4,1.9,12.1,27.4,6.3,3.8,10.1,0.193,3.5,0.1,3.6,3.5
carrica01,Bub Carrington,2024-25,19.0,WAS,WAS,False,PG,82.0,57.0,2458.0,29.98,5.8,14.5,0.401,2.7,7.9,0.339,3.1,6.6,0.475,0.493,1.3,1.6,0.812,0.6,6.0,6.6,7.0,1.0,0.4,2.7,3.7,15.6,104.0,121.0,9.0,0.514,0.544,0.114,1.4,13.1,7.2,21.2,1.0,0.8,15.2,15.8,-0.4,0.6,0.2,0.005,-3.3,-1.3,-4.6,-1.6
cunnica01,Cade Cunningham,2024-25,23.0,DET,DET,False,PG,70.0,70.0,2452.0,35.03,13.4,28.6,0.469,2.9,8.2,0.356,10.5,20.4,0.515,0.521,6.1,7.3,0.846,1.1,7.2,8.3,12.5,1.4,1.0,6.1,3.8,35.9,112.0,113.0,20.6,0.565,0.287,0.254,2.5,16.5,9.6,43.0,1.4,2.1,16.0,33.2,3.0,2.9,5.9,0.115,3.8,0.1,3.9,3.7
halibty01,Tyrese Haliburton,2024-25,24.0,IND,IND,False,PG,73.0,73.0,2451.0,33.58,9.3,19.7,0.473,4.3,11.0,0.388,5.1,8.7,0.581,0.582,3.7,4.4,0.851,0.8,4.2,5.1,13.2,2.1,1.0,2.4,1.8,26.6,131.0,115.0,21.8,0.616,0.559,0.221,1.9,9.7,5.9,38.9,2.1,1.8,9.8,21.6,8.1,2.3,10.4,0.204,5.7,0.2,5.8,4.9
whiteco01,Coby White,2024-25,24.0,CHI,CHI,False,SG,74.0,73.0,2450.0,33.11,9.7,21.4,0.453,4.1,11.1,0.37,5.6,10.2,0.544,0.55,5.3,5.8,0.902,0.5,4.7,5.2,6.3,1.3,0.3,3.4,2.9,28.8,114.0,118.0,15.5,0.601,0.521,0.274,1.1,10.4,5.8,19.5,1.3,0.6,12.4,24.4,3.0,1.5,4.5,0.088,0.5,-1.4,-0.9,0.7
jamesle01,LeBron James,2024-25,40.0,LAL,LAL,False,SF,70.0,70.0,2444.0,34.91,13.1,25.6,0.513,3.0,8.0,0.376,10.1,17.6,0.574,0.571,5.2,6.7,0.782,1.4,9.5,11.0,11.6,1.4,0.8,5.2,2.0,34.4,117.0,114.0,22.7,0.604,0.312,0.261,3.4,21.2,12.6,40.3,1.4,1.5,15.5,30.1,4.9,2.8,7.7,0.152,4.9,0.7,5.6,4.7
sabondo01,Domantas Sabonis,2024-25,28.0,SAC,SAC,False,C,70.0,70.0,2429.0,34.7,10.6,18.0,0.59,1.3,3.1,0.417,9.3,14.8,0.627,0.627,4.4,5.8,0.754,5.4,14.2,19.6,8.5,1.0,0.5,4.1,4.6,26.9,128.0,114.0,22.9,0.655,0.175,0.324,12.3,32.6,22.4,26.0,1.0,1.0,16.5,21.6,7.4,2.7,10.1,0.199,4.2,1.1,5.2,4.4
murraja01,Jamal Murray,2024-25,27.0,DEN,DEN,False,PG,67.0,67.0,2418.0,36.09,10.6,22.3,0.474,3.1,7.9,0.393,7.5,14.4,0.518,0.543,4.3,4.9,0.886,0.9,4.3,5.2,8.0,1.8,0.7,2.7,2.5,28.6,120.0,118.0,17.8,0.584,0.354,0.219,2.2,9.3,5.9,23.2,1.8,1.2,10.1,24.0,4.6,1.6,6.2,0.123,1.8,-1.0,0.8,1.7
sengual01,Alperen Şengün,2024-25,22.0,HOU,HOU,False,C,76.0,76.0,2395.0,31.51,11.5,23.2,0.496,0.4,1.8,0.233,11.1,21.4,0.519,0.505,6.0,8.7,0.692,5.3,10.7,16.0,7.6,1.7,1.2,3.9,4.2,29.5,116.0,108.0,21.4,0.545,0.079,0.374,11.4,23.8,17.5,24.1,1.7,2.3,12.7,26.2,4.1,4.2,8.3,0.166,2.6,1.8,4.4,3.9
goberru01,Rudy Gobert,2024-25,32.0,MIN,MIN,False,C,72.0,72.0,2389.0,33.18,7.0,10.5,0.669,0.0,0.0,,7.0,10.5,0.669,0.669,3.8,5.6,0.674,5.5,10.7,16.2,2.6,1.2,2.1,1.8,3.8,17.9,138.0,109.0,18.3,0.687,0.0,0.535,12.5,23.8,18.2,7.5,1.2,4.1,12.4,13.0,6.1,4.0,10.1,0.204,0.6,1.3,1.9,2.4
brookdi01,Dillon Brooks,2024-25,29.0,HOU,HOU,False,SF,75.0,75.0,2388.0,31.84,7.8,18.2,0.429,3.8,9.6,0.397,4.0,8.7,0.465,0.533,2.0,2.5,0.818,1.5,4.1,5.6,2.6,1.2,0.3,1.5,4.9,21.5,117.0,114.0,11.0,0.555,0.524,0.135,3.3,9.1,6.1,7.4,1.2,0.6,7.4,17.7,2.7,2.5,5.1,0.103,-1.4,0.0,-1.4,0.4
harrito02,Tobias Harris,2024-25,32.0,DET,DET,False,PF,73.0,73.0,2306.0,31.59,8.0,16.8,0.477,1.9,5.5,0.345,6.1,11.3,0.542,0.534,3.0,3.5,0.861,1.4,7.7,9.0,3.4,1.5,1.2,1.8,2.9,20.9,116.0,113.0,13.9,0.571,0.328,0.206,3.1,17.5,10.4,9.8,1.5,2.4,8.8,17.6,2.3,2.9,5.2,0.108,-0.5,0.6,0.1,1.2
garlada01,Darius Garland,2024-25,25.0,CLE,CLE,False,PG,75.0,75.0,2301.0,30.68,11.6,24.5,0.472,4.4,11.1,0.401,7.1,13.5,0.53,0.562,4.7,5.3,0.878,1.0,3.5,4.5,10.6,1.9,0.2,4.0,3.0,32.3,121.0,115.0,19.9,0.6,0.451,0.217,2.3,7.6,5.0,32.2,1.9,0.4,12.8,27.2,5.8,2.3,8.1,0.169,3.9,-0.8,3.1,3.0
brunsja01,Jalen Brunson,2024-25,28.0,NYK,NYK,False,PG,65.0,65.0,2301.0,35.4,12.6,25.9,0.488,3.3,8.6,0.383,9.3,17.3,0.539,0.551,7.9,9.7,0.821,0.6,3.5,4.0,10.2,1.3,0.2,3.5,3.0,36.4,123.0,118.0,21.6,0.605,0.331,0.373,1.4,7.9,4.7,32.3,1.3,0.3,10.5,29.5,6.8,1.4,8.3,0.172,4.7,-1.3,3.3,3.1
allenja01,Jarrett Allen,2024-25,26.0,CLE,CLE,False,C,82.0,82.0,2296.0,28.0,9.5,13.4,0.706,0.0,0.1,0.0,9.5,13.3,0.712,0.706,4.2,5.8,0.718,4.5,12.2,16.7,3.3,1.6,1.5,2.0,2.7,23.1,142.0,108.0,22.1,0.724,0.008,0.433,10.5,26.7,18.8,9.5,1.6,2.9,11.3,15.9,7.6,4.0,11.6,0.243,3.0,1.2,4.2,3.6
paulch01,Chris Paul,2024-25,39.0,SAS,SAS,False,PG,82.0,82.0,2292.0,27.95,5.3,12.3,0.427,3.0,7.8,0.377,2.3,4.5,0.514,0.547,1.8,1.9,0.924,0.7,5.5,6.2,12.8,2.2,0.5,2.7,3.2,15.2,125.0,118.0,14.7,0.58,0.636,0.158,1.5,12.3,6.9,34.8,2.2,0.9,17.1,14.0,4.2,1.6,5.7,0.12,0.3,0.5,0.8,1.6
simonan01,Anfernee Simons,2024-25,25.0,POR,POR,False,SG,70.0,70.0,2292.0,32.74,10.2,23.9,0.426,4.6,12.6,0.363,5.6,11.3,0.496,0.521,3.7,4.1,0.902,0.5,3.5,4.0,7.1,1.3,0.1,3.0,2.5,28.6,115.0,119.0,14.9,0.557,0.527,0.172,1.2,8.0,4.5,23.3,1.3,0.2,10.6,24.6,2.9,1.2,4.2,0.087,1.5,-1.5,-0.1,1.1
antetgi01,Giannis Antetokounmpo,2024-25,30.0,MIL,MIL,False,PF,67.0,67.0,2289.0,34.16,16.8,27.9,0.601,0.3,1.3,0.222,16.5,26.5,0.62,0.607,9.2,14.9,0.617,3.1,13.8,16.9,9.1,1.2,1.6,4.4,3.3,43.0,122.0,109.0,30.5,0.625,0.048,0.536,7.3,29.7,19.0,36.0,1.2,3.2,11.2,35.2,7.8,3.7,11.5,0.241,6.9,2.5,9.5,6.6
beaslma01,Malik Beasley,2024-25,28.0,DET,DET,False,SG,82.0,18.0,2283.0,27.84,9.7,22.6,0.43,6.7,16.1,0.416,3.0,6.4,0.466,0.579,2.0,2.9,0.679,1.0,3.5,4.5,2.9,1.5,0.1,1.7,2.6,28.1,116.0,117.0,14.4,0.59,0.715,0.131,2.3,8.0,5.2,8.9,1.5,0.2,6.8,22.5,2.9,1.8,4.7,0.1,2.0,-1.2,0.8,1.6
caldwke01,Kentavious Caldwell-Pope,2024-25,31.0,ORL,ORL,False,SG,77.0,77.0,2279.0,29.6,5.2,11.9,0.439,2.5,7.2,0.342,2.8,4.7,0.589,0.543,1.8,2.1,0.863,0.7,3.0,3.7,3.0,2.2,0.7,1.4,3.0,14.7,115.0,112.0,9.9,0.574,0.607,0.175,1.6,7.2,4.3,8.7,2.2,1.4,9.6,12.4,1.5,3.1,4.6,0.096,-3.0,1.6,-1.4,0.3
vucevni01,Nikola Vučević,2024-25,34.0,CHI,CHI,False,C,73.0,72.0,2278.0,31.21,11.3,21.3,0.53,2.6,6.6,0.402,8.6,14.7,0.587,0.592,2.5,3.1,0.805,3.6,11.4,15.1,5.2,1.2,1.1,2.4,3.3,27.6,122.0,113.0,20.3,0.611,0.309,0.144,8.3,25.2,16.9,17.1,1.2,2.0,9.7,22.4,4.7,2.6,7.3,0.153,2.5,0.1,2.6,2.7
pritcpa01,Payton Pritchard,2024-25,27.0,BOS,BOS,False,PG,80.0,3.0,2271.0,28.39,9.0,19.1,0.472,5.6,13.8,0.407,3.4,5.3,0.642,0.62,1.6,1.9,0.845,2.3,4.5,6.8,6.2,1.5,0.3,1.8,2.6,25.3,131.0,114.0,17.6,0.633,0.723,0.097,4.9,9.8,7.3,18.1,1.5,0.6,8.4,19.0,6.1,2.5,8.6,0.183,3.4,0.2,3.5,3.2
duranke01,Kevin Durant,2024-25,36.0,PHO,PHO,False,PF,62.0,62.0,2265.0,36.53,12.9,24.5,0.527,3.5,8.1,0.43,9.4,16.4,0.574,0.598,6.6,7.9,0.839,0.5,7.7,8.2,5.7,1.1,1.7,4.1,2.3,36.0,117.0,119.0,21.2,0.642,0.331,0.321,1.2,16.9,9.2,19.6,1.1,3.2,12.9,28.7,4.0,1.2,5.2,0.111,3.9,-0.7,3.2,3.0
sharpsh01,Shaedon Sharpe,2024-25,21.0,POR,POR,False,SG,72.0,52.0,2252.0,31.28,10.8,23.8,0.452,3.2,10.2,0.311,7.6,13.6,0.557,0.519,4.1,5.2,0.785,1.5,5.5,7.0,4.3,1.3,0.3,3.2,2.6,28.8,110.0,117.0,14.5,0.551,0.428,0.219,3.2,12.7,7.8,14.2,1.3,0.6,11.0,25.1,1.3,1.7,3.0,0.064,0.0,-1.3,-1.3,0.4
curryst01,Stephen Curry,2024-25,36.0,GSW,GSW,False,PG,70.0,70.0,2252.0,32.17,12.2,27.2,0.448,6.7,16.9,0.397,5.5,10.2,0.534,0.572,6.0,6.5,0.933,0.9,5.8,6.7,9.1,1.7,0.6,4.3,2.1,37.1,120.0,113.0,21.5,0.618,0.623,0.238,1.9,13.3,7.4,31.3,1.7,1.3,12.6,29.8,5.2,2.7,7.9,0.168,6.4,0.0,6.3,4.8
foxde01,De'Aaron Fox,2024-25,27.0,,2TM,True,PG,62.0,62.0,2241.0,36.15,11.7,25.3,0.463,2.6,8.3,0.31,9.2,17.0,0.538,0.514,5.7,6.9,0.827,1.2,5.3,6.5,8.5,2.0,0.5,3.8,3.6,31.7,113.0,117.0,18.3,0.56,0.328,0.273,2.7,12.1,7.4,27.2,2.0,1.1,11.8,28.3,2.6,1.7,4.3,0.093,1.3,-1.0,0.4,1.3
willija06,Jalen Williams,2024-25,23.0,OKC,OKC,False,SG,69.0,69.0,2237.0,32.42,12.1,25.1,0.484,2.7,7.3,0.365,9.5,17.8,0.533,0.537,5.1,6.4,0.789,1.3,6.7,7.9,7.6,2.4,1.0,3.2,3.4,32.0,116.0,107.0,20.3,0.573,0.291,0.256,2.9,14.6,8.8,23.4,2.4,2.1,10.3,27.5,3.7,4.1,7.8,0.168,2.7,1.4,4.0,3.4
mitchdo01,Donovan Mitchell,2024-25,28.0,CLE,CLE,False,SG,71.0,71.0,2232.0,31.44,12.6,28.4,0.443,5.0,13.6,0.368,7.6,14.8,0.512,0.531,6.4,7.8,0.823,1.2,5.7,6.9,7.6,2.0,0.4,3.2,3.0,36.7,118.0,113.0,20.9,0.575,0.48,0.274,2.8,12.5,7.8,23.9,2.0,0.7,9.2,30.9,4.8,2.8,7.6,0.163,3.8,-0.2,3.7,3.2
barneha02,Harrison Barnes,2024-25,32.0,SAS,SAS,False,PF,82.0,82.0,2230.0,27.2,7.5,14.8,0.508,3.4,7.8,0.433,4.1,7.0,0.591,0.622,3.5,4.3,0.809,2.1,4.6,6.7,2.9,0.8,0.3,1.1,1.6,21.9,132.0,122.0,14.9,0.656,0.527,0.291,4.7,10.3,7.4,8.6,0.8,0.6,6.1,15.7,5.0,0.5,5.6,0.12,1.7,-1.7,0.0,1.2
randlju01,Julius Randle,2024-25,30.0,MIN,MIN,False,PF,69.0,69.0,2226.0,32.26,10.1,20.8,0.485,2.4,7.0,0.344,7.7,13.9,0.555,0.542,6.0,7.4,0.806,3.2,7.6,10.8,7.2,1.0,0.4,4.3,3.9,28.5,117.0,113.0,17.5,0.593,0.334,0.357,7.3,16.8,12.1,22.5,1.0,0.7,15.3,25.0,3.6,2.6,6.2,0.134,1.5,-0.2,1.3,1.8
thompam01,Amen Thompson,2024-25,22.0,HOU,HOU,False,SF,69.0,42.0,2225.0,32.25,8.5,15.2,0.557,0.5,2.0,0.275,7.9,13.3,0.599,0.575,3.7,5.4,0.684,4.2,8.1,12.3,5.8,2.1,1.9,3.0,3.7,21.2,123.0,108.0,18.7,0.602,0.131,0.354,9.0,18.2,13.5,16.9,2.1,3.6,14.6,17.5,4.1,3.9,8.0,0.172,1.4,2.6,4.1,3.4
jacksja02,Jaren Jackson Jr.,2024-25,25.0,MEM,MEM,False,C,74.0,74.0,2207.0,29.82,12.5,25.5,0.488,3.1,8.2,0.375,9.4,17.4,0.541,0.548,6.6,8.4,0.781,1.9,6.9,8.8,3.1,1.9,2.4,3.2,5.4,34.6,115.0,111.0,19.6,0.591,0.321,0.328,4.4,15.5,10.0,10.1,1.9,4.7,9.9,28.1,3.2,3.2,6.4,0.139,1.6,0.8,2.3,2.4
banede01,Desmond Bane,2024-25,26.0,MEM,MEM,False,SG,69.0,68.0,2205.0,31.96,10.4,21.5,0.484,3.5,8.8,0.392,6.9,12.6,0.548,0.565,3.7,4.2,0.894,1.3,7.5,8.8,7.8,1.7,0.6,3.6,3.5,28.0,119.0,113.0,17.9,0.6,0.411,0.194,3.0,16.9,10.0,23.6,1.7,1.2,13.3,23.3,4.0,2.6,6.5,0.142,2.6,0.6,3.2,2.9
reidna01,Naz Reid,2024-25,25.0,MIN,MIN,False,C,80.0,17.0,2200.0,27.5,9.6,20.7,0.462,3.9,10.4,0.379,5.6,10.3,0.544,0.556,2.5,3.2,0.776,2.1,8.7,10.8,4.1,1.3,1.6,2.4,4.2,25.5,115.0,110.0,15.8,0.577,0.501,0.155,4.7,19.3,12.1,12.6,1.3,3.0,9.9,21.5,2.4,3.3,5.7,0.125,0.8,0.8,1.6,2.0
jonesty01,Tyus Jones,2024-25,28.0,PHO,PHO,False,PG,81.0,58.0,2174.0,26.84,7.0,15.5,0.448,3.8,9.1,0.414,3.2,6.4,0.496,0.57,1.2,1.3,0.895,0.9,3.5,4.5,9.8,1.6,0.2,2.1,1.4,18.9,124.0,122.0,14.5,0.585,0.587,0.083,2.1,7.8,5.0,27.7,1.6,0.3,11.4,16.2,4.0,0.3,4.4,0.096,1.4,-1.3,0.1,1.1
turnemy01,Myles Turner,2024-25,28.0,IND,IND,False,C,72.0,72.0,2174.0,30.19,8.6,17.9,0.481,3.4,8.7,0.396,5.2,9.2,0.561,0.577,4.1,5.3,0.773,2.0,8.4,10.4,2.5,1.2,3.2,2.7,4.0,24.8,113.0,112.0,16.1,0.612,0.486,0.293,4.7,19.4,12.1,7.1,1.2,6.0,11.8,20.7,1.8,2.9,4.7,0.104,0.0,0.4,0.4,1.3
mobleev01,Evan Mobley,2024-25,23.0,CLE,CLE,False,PF,71.0,71.0,2167.0,30.52,11.2,20.1,0.557,1.9,5.1,0.37,9.3,15.0,0.621,0.604,4.9,6.8,0.725,3.6,11.0,14.6,5.0,1.4,2.5,3.2,3.1,29.2,124.0,108.0,22.3,0.633,0.254,0.337,8.4,24.0,16.5,15.1,1.4,4.7,12.2,23.2,5.3,3.8,9.0,0.2,3.1,1.5,4.6,3.6
princta02,Taurean Prince,2024-25,30.0,MIL,MIL,False,SF,80.0,73.0,2166.0,27.07,5.2,11.5,0.457,3.3,7.5,0.439,2.0,4.0,0.492,0.6,0.9,1.1,0.813,0.8,5.6,6.4,3.5,1.7,0.3,1.8,3.7,14.6,114.0,115.0,9.8,0.613,0.652,0.093,1.8,12.2,7.2,9.4,1.7,0.6,13.3,12.5,1.3,2.2,3.5,0.077,-2.0,0.3,-1.7,0.1
castlst01,Stephon Castle,2024-25,20.0,SAS,SAS,False,SG,81.0,47.0,2162.0,26.69,9.5,22.1,0.428,2.1,7.4,0.285,7.3,14.6,0.501,0.476,5.6,7.7,0.724,2.0,4.6,6.6,7.4,1.7,0.5,4.0,3.7,26.6,106.0,119.0,13.7,0.522,0.337,0.348,4.4,10.3,7.4,22.8,1.7,0.9,13.4,26.0,0.1,1.0,1.1,0.025,-1.5,-1.7,-3.2,-0.6
avdijde01,Deni Avdija,2024-25,24.0,POR,POR,False,SF,72.0,54.0,2161.0,30.01,9.0,19.0,0.476,2.8,7.7,0.365,6.2,11.3,0.552,0.55,6.5,8.4,0.78,2.5,9.3,11.7,6.3,1.6,0.8,4.4,3.8,27.4,116.0,113.0,17.7,0.605,0.405,0.441,5.4,21.2,13.1,19.9,1.6,1.5,16.3,23.2,3.1,2.5,5.6,0.124,1.5,0.6,2.1,2.2
brownja02,Jaylen Brown,2024-25,28.0,BOS,BOS,False,SF,63.0,63.0,2158.0,34.25,12.0,26.0,0.463,2.7,8.3,0.324,9.3,17.7,0.529,0.515,5.7,7.5,0.764,1.9,6.6,8.6,6.6,1.7,0.4,3.8,3.6,32.5,112.0,112.0,17.8,0.555,0.32,0.288,4.1,14.4,9.3,21.4,1.7,0.8,11.4,28.9,2.3,2.9,5.2,0.115,0.4,-0.4,0.0,1.1
hardati02,Tim Hardaway Jr.,2024-25,32.0,DET,DET,False,SG,77.0,77.0,2153.0,27.96,6.2,15.2,0.406,3.8,10.2,0.368,2.4,5.0,0.484,0.529,2.8,3.2,0.855,0.4,3.7,4.1,2.7,0.8,0.2,1.1,2.1,18.9,117.0,118.0,9.8,0.567,0.672,0.213,0.9,8.4,4.7,7.6,0.8,0.3,6.1,15.5,2.1,1.4,3.5,0.077,-1.1,-0.9,-2.1,0.0
mathube01,Bennedict Mathurin,2024-25,22.0,IND,IND,False,SF,72.0,49.0,2149.0,29.85,8.7,19.1,0.458,2.2,6.4,0.34,6.6,12.6,0.519,0.516,6.2,7.4,0.831,1.9,6.6,8.6,3.0,1.1,0.5,3.0,3.6,25.9,110.0,116.0,13.6,0.579,0.338,0.389,4.6,15.2,9.9,8.8,1.1,1.0,11.9,22.8,1.3,1.8,3.0,0.068,-1.3,-1.5,-2.9,-0.5
dinwisp01,Spencer Dinwiddie,2024-25,31.0,DAL,DAL,False,PG,79.0,30.0,2136.0,27.04,6.4,15.4,0.416,2.5,7.4,0.334,4.0,8.1,0.492,0.496,4.4,5.5,0.802,0.4,4.3,4.7,7.9,1.6,0.4,2.3,2.7,19.7,116.0,119.0,13.0,0.553,0.478,0.356,0.9,9.5,5.3,22.1,1.6,0.7,11.4,17.9,2.4,1.2,3.7,0.082,-0.9,-0.7,-1.6,0.2
barnesc01,Scottie Barnes,2024-25,23.0,TOR,TOR,False,PF,65.0,65.0,2134.0,32.83,10.7,24.0,0.446,1.7,6.3,0.271,9.0,17.7,0.508,0.482,5.1,6.8,0.755,2.5,8.9,11.3,8.5,2.1,1.4,4.2,2.5,28.2,107.0,112.0,17.8,0.523,0.263,0.284,5.3,20.2,12.6,27.7,2.1,2.8,13.4,27.0,0.6,2.9,3.5,0.078,1.5,0.9,2.4,2.3
chrisma02,Max Christie,2024-25,21.0,,2TM,True,SG,78.0,36.0,2127.0,27.27,5.8,13.5,0.427,2.6,7.2,0.366,3.1,6.3,0.496,0.525,3.0,3.5,0.855,0.9,5.0,5.9,3.4,1.5,0.7,2.0,2.6,17.2,111.0,117.0,10.4,0.57,0.532,0.258,2.0,11.2,6.7,9.2,1.5,1.3,11.8,15.2,1.1,1.6,2.7,0.06,-2.1,-0.5,-2.5,-0.3
giddejo01,Josh Giddey,2024-25,22.0,CHI,CHI,False,PG,70.0,69.0,2117.0,30.24,8.2,17.6,0.465,2.3,6.1,0.378,5.9,11.5,0.512,0.531,3.9,4.9,0.781,2.8,9.7,12.5,11.1,1.9,1.0,4.5,2.7,22.5,115.0,113.0,18.1,0.57,0.348,0.281,6.4,21.4,14.0,32.9,1.9,1.8,18.4,21.7,2.8,2.5,5.3,0.121,1.9,1.1,3.0,2.7
vanvlfr01,Fred VanVleet,2024-25,30.0,HOU,HOU,False,PG,60.0,60.0,2111.0,35.18,6.6,17.5,0.378,3.7,10.6,0.345,3.0,6.9,0.43,0.483,2.6,3.2,0.81,0.7,4.4,5.1,7.7,2.2,0.6,2.0,3.2,19.5,117.0,112.0,12.8,0.515,0.607,0.181,1.6,9.7,5.6,21.2,2.2,1.1,9.6,17.7,2.4,2.8,5.2,0.119,-0.4,1.3,0.9,1.5
georgke01,Keyonte George,2024-25,21.0,UTA,UTA,False,PG,67.0,35.0,2109.0,31.48,8.2,20.9,0.391,4.0,11.5,0.343,4.2,9.4,0.449,0.485,5.3,6.5,0.818,0.6,5.2,5.8,8.6,1.0,0.2,4.2,2.5,25.6,109.0,123.0,12.9,0.539,0.552,0.31,1.3,11.5,6.5,26.9,1.0,0.4,14.9,24.3,0.9,0.1,1.1,0.024,-0.2,-2.5,-2.7,-0.3
schrode01,Dennis Schröder,2024-25,31.0,,3TM,True,PG,75.0,49.0,2105.0,28.07,7.8,19.2,0.406,2.9,8.6,0.342,4.9,10.6,0.458,0.483,4.2,5.0,0.838,0.6,4.0,4.6,9.4,1.5,0.3,3.3,4.2,22.7,111.0,117.0,12.7,0.531,0.449,0.261,1.4,9.2,5.2,28.7,1.5,0.6,13.3,21.6,1.5,1.7,3.2,0.073,-1.3,-0.9,-2.2,-0.1
lillada01,Damian Lillard,2024-25,34.0,MIL,MIL,False,PG,58.0,58.0,2093.0,36.09,10.3,22.9,0.448,4.6,12.1,0.376,5.7,10.8,0.528,0.547,8.4,9.1,0.921,0.7,5.6,6.3,9.5,1.6,0.2,3.7,2.2,33.4,122.0,115.0,21.3,0.621,0.528,0.396,1.6,12.1,7.1,29.7,1.6,0.4,12.2,27.8,5.6,2.0,7.6,0.175,4.7,-0.6,4.0,3.2
westbru01,Russell Westbrook,2024-25,36.0,DEN,DEN,False,PG,75.0,36.0,2092.0,27.89,8.6,19.1,0.449,2.2,6.7,0.323,6.4,12.4,0.517,0.505,3.5,5.4,0.661,2.3,6.2,8.5,10.5,2.4,0.9,5.6,4.3,22.8,105.0,115.0,14.3,0.532,0.35,0.28,5.6,13.4,9.7,28.8,2.4,1.6,20.6,23.8,-0.1,2.1,1.9,0.045,-0.9,-0.2,-1.1,0.5
oubreke01,Kelly Oubre Jr.,2024-25,29.0,PHI,PHI,False,SF,60.0,57.0,2078.0,34.63,8.3,17.6,0.47,1.7,5.7,0.293,6.6,11.8,0.555,0.518,3.3,4.4,0.751,2.3,6.4,8.7,2.6,2.2,0.7,1.9,4.3,21.5,111.0,118.0,13.5,0.551,0.327,0.25,5.1,15.4,10.0,7.9,2.2,1.4,8.9,18.9,1.2,1.4,2.6,0.061,-1.7,-0.6,-2.3,-0.1
alexani01,Nickeil Alexander-Walker,2024-25,26.0,MIN,MIN,False,SG,82.0,10.0,2073.0,25.28,6.4,14.7,0.438,3.4,8.8,0.381,3.1,5.9,0.524,0.553,2.2,2.8,0.78,1.3,5.0,6.3,5.3,1.2,0.8,2.4,3.3,18.4,116.0,114.0,11.6,0.579,0.601,0.192,2.9,11.1,7.1,15.0,1.2,1.5,12.9,16.0,2.0,2.3,4.3,0.099,-0.8,0.4,-0.4,0.8
dortlu01,Luguentz Dort,2024-25,25.0,OKC,OKC,False,SF,71.0,71.0,2073.0,29.2,6.0,13.7,0.435,3.9,9.6,0.412,2.0,4.2,0.489,0.578,0.8,1.1,0.717,2.1,4.7,6.8,2.7,1.8,0.9,1.2,4.8,16.6,120.0,110.0,11.3,0.586,0.696,0.078,4.7,10.3,7.6,6.9,1.8,1.9,7.7,13.6,2.4,3.2,5.6,0.129,-0.6,0.8,0.2,1.2
okongon01,Onyeka Okongwu,2024-25,24.0,ATL,ATL,False,C,74.0,40.0,2064.0,27.89,8.8,15.5,0.567,1.1,3.4,0.324,7.7,12.1,0.634,0.602,3.7,4.9,0.759,5.0,10.0,15.0,3.8,1.6,1.5,2.0,4.4,22.4,129.0,114.0,19.0,0.634,0.216,0.316,11.4,24.0,17.5,11.4,1.6,3.0,10.4,17.3,4.9,2.3,7.2,0.168,1.2,0.2,1.3,1.7
monkma01,Malik Monk,2024-25,26.0,SAC,SAC,False,SG,65.0,45.0,2054.0,31.6,9.8,22.4,0.439,3.3,10.2,0.325,6.5,12.2,0.534,0.513,3.7,4.2,0.865,0.7,5.1,5.8,8.6,1.5,0.9,3.8,3.8,26.6,110.0,117.0,15.0,0.549,0.456,0.19,1.6,11.7,6.7,25.7,1.5,1.8,13.5,24.6,1.3,1.4,2.8,0.065,0.3,-1.1,-0.8,0.6
wellsja01,Jaylen Wells,2024-25,21.0,MEM,MEM,False,SG,79.0,74.0,2043.0,25.86,6.5,15.4,0.425,3.1,8.9,0.352,3.4,6.5,0.525,0.527,2.5,3.1,0.822,2.0,4.1,6.1,3.1,1.0,0.2,1.6,3.3,18.7,117.0,118.0,10.5,0.56,0.58,0.2,4.6,9.3,6.9,8.4,1.0,0.4,8.6,15.9,2.1,1.4,3.5,0.083,-1.2,-1.0,-2.2,-0.1
durenja01,Jalen Duren,2024-25,21.0,DET,DET,False,C,78.0,78.0,2034.0,26.08,8.9,12.9,0.692,0.0,0.0,,8.9,12.9,0.692,0.692,3.8,5.7,0.669,6.5,12.5,19.1,4.9,1.3,2.1,3.2,5.9,21.7,134.0,109.0,21.4,0.703,0.0,0.443,15.2,28.7,22.0,14.7,1.3,4.2,17.2,16.4,5.9,3.4,9.2,0.218,1.6,1.5,3.1,2.7
wilsoja03,Jalen Wilson,2024-25,24.0,BRK,BRK,False,PF,79.0,22.0,2031.0,25.71,6.0,15.2,0.397,3.0,8.9,0.337,3.0,6.3,0.481,0.495,3.3,4.0,0.818,1.8,4.8,6.6,3.6,1.0,0.1,1.9,4.0,18.4,110.0,119.0,9.5,0.541,0.584,0.266,4.0,11.4,7.5,10.8,1.0,0.2,10.2,16.6,0.9,1.0,1.9,0.046,-2.6,-1.3,-3.9,-1.0
bridgmi02,Miles Bridges,2024-25,26.0,CHO,CHO,False,PF,64.0,64.0,2029.0,31.7,11.4,26.4,0.431,3.4,10.9,0.313,8.0,15.5,0.513,0.495,5.4,6.2,0.87,1.7,9.9,11.7,6.0,1.1,1.1,3.3,2.3,31.5,110.0,116.0,17.7,0.541,0.413,0.233,3.7,21.9,12.6,21.7,1.1,2.2,10.2,28.0,1.3,1.8,3.2,0.075,2.3,-0.5,1.8,2.0
mitchda01,Davion Mitchell,2024-25,26.0,,2TM,True,PG,74.0,37.0,2027.0,27.39,5.4,11.5,0.468,2.0,5.1,0.398,3.4,6.4,0.525,0.557,1.4,2.0,0.69,0.8,3.2,4.0,8.8,1.7,0.4,3.1,4.5,14.2,113.0,117.0,10.2,0.573,0.443,0.176,1.9,7.1,4.5,24.2,1.7,0.8,20.0,13.6,1.3,1.6,3.0,0.07,-2.8,0.2,-2.6,-0.3
wagnefr01,Franz Wagner,2024-25,23.0,ORL,ORL,False,SF,60.0,60.0,2023.0,33.72,13.3,28.7,0.463,2.6,8.7,0.295,10.7,20.0,0.535,0.507,6.7,7.7,0.871,1.4,7.1,8.4,7.0,1.9,0.5,3.4,3.6,35.8,113.0,110.0,20.1,0.558,0.303,0.268,3.0,17.1,9.7,26.6,1.9,1.0,9.6,31.0,2.6,3.1,5.6,0.133,2.6,0.5,3.1,2.6
grimequ01,Quentin Grimes,2024-25,24.0,,2TM,True,SG,75.0,37.0,2013.0,26.84,9.3,20.0,0.467,3.9,10.2,0.385,5.4,9.7,0.552,0.565,3.9,5.2,0.757,1.4,6.4,7.9,5.5,1.8,0.5,3.4,3.3,26.5,113.0,118.0,15.9,0.595,0.512,0.26,3.2,14.7,8.9,17.7,1.8,1.0,13.3,22.8,2.0,1.4,3.4,0.081,1.3,-0.9,0.4,1.2
poolejo01,Jordan Poole,2024-25,25.0,WAS,WAS,False,SG,68.0,68.0,2001.0,29.43,10.9,25.1,0.432,5.6,14.8,0.378,5.3,10.3,0.51,0.544,5.8,6.5,0.883,0.7,4.1,4.8,7.2,2.0,0.6,4.9,4.8,33.1,109.0,120.0,16.6,0.591,0.588,0.259,1.6,9.0,5.3,25.6,2.0,1.2,14.8,29.0,1.2,0.8,2.0,0.047,2.0,-1.6,0.4,1.2
greendr01,Draymond Green,2024-25,34.0,GSW,GSW,False,PF,68.0,66.0,1983.0,29.16,5.3,12.5,0.424,2.0,6.0,0.325,3.3,6.5,0.517,0.503,2.5,3.6,0.687,1.8,8.3,10.2,9.4,2.4,1.7,4.3,5.4,15.0,107.0,109.0,12.4,0.534,0.483,0.289,3.9,19.0,11.2,26.2,2.4,3.4,23.3,15.9,0.3,3.4,3.7,0.088,-2.3,2.8,0.5,1.3
vassede01,Devin Vassell,2024-25,24.0,SAS,SAS,False,SG,64.0,53.0,1983.0,30.98,9.6,21.7,0.443,3.9,10.5,0.368,5.8,11.2,0.513,0.532,2.3,2.9,0.792,0.8,5.4,6.2,4.5,2.0,0.8,2.1,2.6,25.4,109.0,118.0,14.2,0.553,0.483,0.135,1.8,12.0,6.9,13.8,2.0,1.5,8.5,22.1,0.9,1.3,2.2,0.054,-0.3,-0.8,-1.1,0.4
thompkl01,Klay Thompson,2024-25,34.0,DAL,DAL,False,SF,72.0,72.0,1965.0,27.29,8.9,21.6,0.412,5.3,13.6,0.391,3.6,8.0,0.448,0.535,1.6,1.8,0.905,1.1,5.0,6.1,3.6,1.2,0.7,2.2,2.0,24.7,108.0,119.0,12.9,0.552,0.631,0.084,2.5,11.0,6.8,10.7,1.2,1.3,8.8,21.8,0.7,1.1,1.8,0.045,0.7,-1.6,-1.0,0.5
maxeyty01,Tyrese Maxey,2024-25,24.0,PHI,PHI,False,PG,52.0,52.0,1960.0,37.69,12.0,27.4,0.437,4.0,12.0,0.337,7.9,15.4,0.515,0.511,6.4,7.3,0.879,0.4,4.0,4.4,8.0,2.3,0.5,3.1,2.9,34.4,114.0,119.0,19.5,0.562,0.438,0.265,0.8,9.6,5.0,28.0,2.3,1.1,9.2,29.8,2.9,1.0,3.8,0.094,3.2,-1.1,2.0,2.0
powelno01,Norman Powell,2024-25,31.0,LAC,LAC,False,SG,60.0,60.0,1958.0,32.63,11.5,23.8,0.484,4.5,10.8,0.418,7.0,13.0,0.538,0.578,5.4,6.7,0.804,0.5,4.2,4.8,3.1,1.8,0.2,2.7,2.9,32.8,116.0,113.0,17.5,0.615,0.453,0.28,1.2,9.6,5.5,10.2,1.8,0.5,9.2,26.1,2.9,2.3,5.3,0.129,1.7,-0.2,1.5,1.8
missiyv01,Yves Missi,2024-25,20.0,NOP,NOP,False,C,73.0,67.0,1956.0,26.79,6.7,12.2,0.547,0.0,0.0,0.0,6.7,12.2,0.548,0.547,3.1,5.1,0.623,6.3,8.6,14.9,2.5,0.9,2.4,2.0,3.6,16.5,120.0,119.0,15.4,0.572,0.002,0.415,13.7,19.7,16.6,7.2,0.9,4.8,12.4,14.3,2.5,1.1,3.6,0.089,-1.6,-1.4,-3.0,-0.5
elliske01,Keon Ellis,2024-25,25.0,SAC,SAC,False,SG,80.0,28.0,1948.0,24.35,5.7,11.6,0.489,3.5,8.1,0.433,2.2,3.6,0.615,0.639,1.8,2.2,0.849,1.5,3.8,5.3,3.0,3.0,1.6,1.8,4.4,16.7,125.0,114.0,13.5,0.664,0.692,0.185,3.4,8.8,6.1,8.0,3.0,3.2,12.4,12.7,2.7,2.2,5.0,0.122,-0.1,2.0,1.9,1.9
coulibi01,Bilal Coulibaly,2024-25,20.0,WAS,WAS,False,SF,59.0,59.0,1948.0,33.02,6.4,15.2,0.421,1.5,5.5,0.281,4.9,9.8,0.5,0.472,3.4,4.5,0.746,2.2,5.0,7.2,4.9,1.9,1.0,3.1,3.4,17.8,103.0,120.0,10.8,0.515,0.359,0.296,4.8,10.9,7.8,14.9,1.9,1.9,15.1,17.9,-0.6,0.9,0.3,0.008,-3.0,-0.7,-3.7,-0.8
kuzmaky01,Kyle Kuzma,2024-25,29.0,,2TM,True,PF,65.0,62.0,1936.0,29.78,9.2,21.0,0.436,2.4,7.8,0.307,6.8,13.3,0.512,0.493,3.2,5.0,0.634,1.3,7.8,9.2,3.8,0.9,0.5,3.6,2.9,23.9,96.0,118.0,10.6,0.514,0.369,0.238,3.0,17.1,10.2,12.1,0.9,0.9,13.5,24.0,-2.3,1.3,-0.9,-0.024,-2.9,-2.0,-4.9,-1.4
champju02,Julian Champagnie,2024-25,23.0,SAS,SAS,False,SF,82.0,29.0,1932.0,23.56,6.9,16.6,0.415,4.5,12.0,0.371,2.5,4.6,0.53,0.549,2.1,2.4,0.904,1.7,6.3,8.0,2.8,1.5,0.9,1.9,2.9,20.4,113.0,118.0,12.2,0.577,0.722,0.141,3.7,13.9,8.8,7.9,1.5,1.6,9.5,17.2,1.3,1.2,2.5,0.062,-0.3,-0.9,-1.3,0.4
johnske07,Keon Johnson,2024-25,22.0,BRK,BRK,False,SG,79.0,56.0,1925.0,24.37,7.8,20.1,0.389,3.3,10.4,0.314,4.6,9.8,0.468,0.47,2.8,3.6,0.77,1.6,6.1,7.7,4.5,2.1,0.8,3.0,5.4,21.7,100.0,115.0,10.4,0.499,0.515,0.178,3.5,14.5,8.8,14.6,2.1,1.5,12.1,21.7,-1.3,1.9,0.5,0.014,-3.1,-0.1,-3.3,-0.6
marshna01,Naji Marshall,2024-25,27.0,DAL,DAL,False,SF,69.0,31.0,1919.0,27.81,9.1,17.9,0.508,1.5,5.5,0.275,7.6,12.5,0.611,0.551,3.3,4.0,0.813,1.9,6.4,8.3,5.2,1.8,0.3,2.8,2.7,23.0,115.0,117.0,15.1,0.584,0.306,0.225,4.4,14.0,9.3,15.8,1.8,0.5,12.5,20.0,2.0,1.5,3.5,0.087,-0.3,-0.5,-0.8,0.6
holidjr01,Jrue Holiday,2024-25,34.0,BOS,BOS,False,PG,62.0,62.0,1896.0,30.58,6.7,15.2,0.443,2.9,8.1,0.353,3.9,7.1,0.547,0.538,1.9,2.0,0.909,2.0,5.0,7.0,6.3,1.7,0.7,2.0,2.7,18.1,121.0,113.0,13.5,0.565,0.534,0.134,4.4,10.8,7.6,17.3,1.7,1.3,11.3,15.8,2.8,2.4,5.1,0.13,-0.3,1.0,0.7,1.3
yabusgu01,Guerschon Yabusele,2024-25,29.0,PHI,PHI,False,C,70.0,43.0,1895.0,27.07,7.3,14.6,0.501,2.7,7.1,0.38,4.6,7.5,0.616,0.593,2.6,3.6,0.725,3.5,6.8,10.3,3.9,1.5,0.6,2.3,4.3,20.0,122.0,119.0,14.7,0.616,0.487,0.245,7.7,16.3,11.8,11.6,1.5,1.2,12.2,16.3,2.9,1.0,3.9,0.099,0.1,-1.1,-1.0,0.5
trentga02,Gary Trent Jr.,2024-25,26.0,MIL,MIL,False,SG,74.0,9.0,1893.0,25.58,7.2,16.8,0.431,4.6,11.1,0.416,2.6,5.7,0.46,0.568,2.0,2.3,0.848,0.5,3.8,4.3,2.2,1.8,0.1,1.1,3.2,21.0,115.0,116.0,11.7,0.591,0.659,0.14,1.2,8.2,4.8,6.4,1.8,0.2,5.7,17.1,1.6,1.7,3.3,0.084,-1.2,-0.4,-1.6,0.2
blackan01,Anthony Black,2024-25,21.0,ORL,ORL,False,PG,78.0,10.0,1887.0,24.19,6.9,16.4,0.423,1.6,5.2,0.318,5.3,11.2,0.471,0.473,4.0,5.2,0.761,1.4,4.7,6.1,6.4,2.3,1.3,3.7,4.4,19.5,103.0,110.0,11.6,0.521,0.315,0.318,3.0,11.4,7.0,19.4,2.3,2.4,16.4,19.6,-0.6,3.0,2.4,0.061,-3.1,1.2,-1.9,0.0
greenjo02,Josh Green,2024-25,24.0,CHO,CHO,False,SG,68.0,67.0,1887.0,27.75,4.7,11.0,0.428,2.5,6.5,0.391,2.2,4.5,0.48,0.543,1.3,1.9,0.681,1.5,3.0,4.5,2.8,1.9,0.4,1.8,4.3,13.2,109.0,119.0,7.8,0.559,0.589,0.171,3.1,6.7,4.9,8.2,1.9,0.8,13.4,11.8,0.4,1.0,1.5,0.037,-4.5,0.2,-4.3,-1.1
claxtni01,Nic Claxton,2024-25,25.0,BRK,BRK,False,C,70.0,62.0,1882.0,26.89,8.5,15.0,0.563,0.1,0.6,0.238,8.3,14.5,0.576,0.568,2.1,4.1,0.513,4.2,9.5,13.6,4.2,1.6,2.6,2.3,4.0,19.2,115.0,112.0,16.5,0.569,0.037,0.271,9.0,22.7,15.5,13.7,1.6,5.3,12.0,16.8,1.8,2.5,4.3,0.11,-1.1,1.5,0.4,1.1
nembhan01,Andrew Nembhard,2024-25,25.0,IND,IND,False,SG,65.0,65.0,1881.0,28.94,6.3,13.8,0.458,1.3,4.5,0.291,5.0,9.3,0.538,0.506,2.8,3.5,0.794,0.9,4.7,5.5,8.3,2.0,0.3,2.9,3.8,16.7,111.0,116.0,11.7,0.545,0.325,0.252,2.0,10.7,6.4,22.5,2.0,0.5,15.8,16.3,1.1,1.7,2.8,0.071,-2.6,0.3,-2.3,-0.1
wallaca01,Cason Wallace,2024-25,21.0,OKC,OKC,False,SG,68.0,43.0,1876.0,27.59,5.9,12.5,0.474,1.9,5.3,0.356,4.0,7.2,0.562,0.55,0.8,0.9,0.811,1.8,4.0,5.9,4.4,3.1,0.9,1.5,3.7,14.5,118.0,108.0,12.3,0.562,0.425,0.076,4.1,8.8,6.5,11.5,3.1,1.9,10.5,12.8,1.8,3.4,5.2,0.133,-1.5,2.6,1.0,1.5
jonesde02,Derrick Jones Jr.,2024-25,27.0,LAC,LAC,False,SF,77.0,55.0,1873.0,24.32,8.1,15.5,0.526,2.1,5.8,0.356,6.1,9.7,0.627,0.593,2.2,3.1,0.703,2.4,4.5,6.9,1.6,2.1,0.9,1.7,4.0,20.5,118.0,112.0,13.5,0.609,0.372,0.2,5.7,10.1,8.0,4.6,2.1,1.7,9.3,16.5,2.1,2.6,4.7,0.12,-1.0,0.7,-0.3,0.8
hachiru01,Rui Hachimura,2024-25,26.0,LAL,LAL,False,PF,59.0,57.0,1869.0,31.68,7.7,15.2,0.509,2.7,6.5,0.413,5.0,8.7,0.581,0.597,2.3,3.0,0.77,2.1,5.7,7.8,2.2,1.2,0.7,1.3,2.8,20.4,123.0,117.0,13.6,0.619,0.429,0.196,4.9,12.6,8.9,6.4,1.2,1.3,7.3,15.8,2.8,1.5,4.3,0.11,-0.1,-0.6,-0.7,0.6
barrerj01,RJ Barrett,2024-25,24.0,TOR,TOR,False,SF,58.0,58.0,1869.0,32.22,11.8,25.3,0.468,2.8,7.9,0.35,9.1,17.4,0.522,0.523,5.0,8.0,0.63,1.6,7.9,9.4,8.1,1.2,0.4,4.2,3.5,31.5,108.0,116.0,16.5,0.547,0.312,0.317,3.4,17.9,10.5,27.3,1.2,0.9,12.9,28.7,0.6,1.7,2.4,0.061,1.2,-0.7,0.6,1.2
hieldbu01,Buddy Hield,2024-25,32.0,GSW,GSW,False,SG,82.0,22.0,1863.0,22.72,8.6,20.5,0.417,5.3,14.3,0.37,3.3,6.2,0.527,0.546,1.4,1.7,0.828,1.3,5.6,6.9,3.5,1.8,0.6,2.4,3.4,23.8,108.0,113.0,12.3,0.56,0.698,0.081,2.9,12.7,7.6,10.7,1.8,1.2,10.1,20.5,0.6,2.2,2.8,0.073,-0.7,-0.3,-1.0,0.5
murphtr02,Trey Murphy III,2024-25,24.0,NOP,NOP,False,SF,53.0,51.0,1854.0,34.98,10.0,21.9,0.454,4.1,11.4,0.361,5.8,10.5,0.556,0.548,5.3,6.0,0.887,1.2,5.8,7.0,4.9,1.5,1.0,2.7,2.9,29.4,118.0,121.0,17.3,0.598,0.522,0.274,2.7,13.2,7.8,15.9,1.5,2.0,9.9,23.7,3.0,0.5,3.5,0.091,2.1,-1.4,0.8,1.3
risacza01,Zaccharie Risacher,2024-25,19.0,ATL,ATL,False,SF,75.0,73.0,1843.0,24.57,9.1,19.8,0.458,3.1,8.7,0.355,6.0,11.0,0.54,0.537,2.7,3.8,0.711,2.2,4.6,6.8,2.3,1.3,0.9,2.3,3.8,23.9,108.0,118.0,12.2,0.558,0.442,0.191,5.0,11.1,8.0,7.1,1.3,1.8,9.8,20.9,0.6,1.1,1.8,0.046,-1.7,-1.8,-3.5,-0.7
wiggian01,Andrew Wiggins,2024-25,29.0,,2TM,True,SF,60.0,60.0,1842.0,30.7,10.0,22.3,0.448,3.5,9.3,0.374,6.5,13.1,0.501,0.526,5.2,6.8,0.763,2.4,4.8,7.2,4.2,1.6,1.3,2.6,2.7,28.7,113.0,113.0,16.4,0.566,0.415,0.306,5.1,10.8,7.9,13.5,1.6,2.6,9.4,24.5,1.9,2.1,4.0,0.104,1.2,-0.3,0.9,1.4
colliis01,Isaiah Collier,2024-25,20.0,UTA,UTA,False,PG,71.0,46.0,1839.0,25.9,6.1,14.5,0.422,1.1,4.4,0.249,5.0,10.1,0.497,0.459,2.7,4.0,0.682,0.8,5.3,6.1,11.6,1.7,0.4,5.4,3.9,16.0,99.0,121.0,9.7,0.494,0.305,0.277,1.9,11.8,6.9,34.3,1.7,0.8,25.0,18.9,-1.3,0.5,-0.8,-0.021,-3.8,-1.5,-5.3,-1.6
johnske04,Keldon Johnson,2024-25,25.0,SAS,SAS,False,SF,77.0,0.0,1838.0,23.87,9.8,20.2,0.482,2.3,7.2,0.318,7.5,13.0,0.573,0.538,3.9,5.1,0.773,2.9,6.8,9.8,3.3,1.3,0.6,2.0,3.0,25.7,115.0,119.0,15.6,0.572,0.356,0.252,6.5,15.1,10.8,10.2,1.3,1.1,8.3,21.6,2.2,1.0,3.2,0.083,0.0,-1.6,-1.6,0.2
onealro01,Royce O'Neale,2024-25,31.0,PHO,PHO,False,SF,75.0,22.0,1837.0,24.49,6.5,15.3,0.423,4.8,11.9,0.406,1.7,3.5,0.481,0.58,0.5,0.7,0.731,1.4,8.0,9.4,4.4,1.8,0.9,1.8,4.1,18.3,115.0,118.0,12.6,0.585,0.774,0.046,3.3,17.5,10.6,12.3,1.8,1.7,10.1,15.5,1.6,1.2,2.8,0.073,0.2,-0.1,0.1,1.0
washipj01,P.J. Washington,2024-25,26.0,DAL,DAL,False,PF,57.0,56.0,1835.0,32.19,7.9,17.5,0.453,2.4,6.3,0.381,5.5,11.2,0.493,0.521,3.8,5.2,0.722,2.2,9.5,11.7,3.5,1.7,1.6,3.1,3.5,22.0,107.0,114.0,14.0,0.556,0.359,0.298,5.0,20.9,13.1,10.1,1.7,2.8,13.6,20.4,0.3,2.1,2.4,0.062,-1.1,0.2,-0.9,0.5
mccolcj01,CJ McCollum,2024-25,33.0,NOP,NOP,False,PG,56.0,56.0,1832.0,32.71,11.7,26.4,0.444,4.5,12.1,0.373,7.2,14.3,0.505,0.53,3.3,4.6,0.717,1.1,4.5,5.6,6.0,1.2,0.6,2.8,3.3,31.3,110.0,123.0,15.8,0.55,0.459,0.173,2.4,10.3,6.2,20.6,1.2,1.3,9.0,27.2,1.3,0.2,1.5,0.038,1.2,-2.6,-1.4,0.3
highsha01,Haywood Highsmith,2024-25,28.0,MIA,MIA,False,SF,74.0,42.0,1818.0,24.57,4.9,10.7,0.458,2.4,6.4,0.382,2.5,4.3,0.57,0.572,0.9,1.2,0.721,2.0,4.9,6.9,3.1,1.9,1.0,1.5,4.5,13.1,116.0,114.0,9.9,0.583,0.596,0.11,4.4,10.8,7.7,8.4,1.9,2.0,11.6,11.3,1.3,2.1,3.3,0.088,-2.7,0.9,-1.9,0.1
finnedo01,Dorian Finney-Smith,2024-25,31.0,,2TM,True,PF,63.0,40.0,1818.0,28.86,5.3,11.8,0.448,3.5,8.5,0.411,1.8,3.3,0.545,0.597,0.8,1.2,0.667,2.2,4.5,6.7,2.4,1.6,0.6,1.5,3.7,14.9,118.0,117.0,10.1,0.604,0.722,0.103,5.0,10.4,7.7,6.9,1.6,1.2,11.0,12.3,1.5,1.4,2.9,0.078,-1.1,0.1,-1.0,0.5
sarral01,Alex Sarr,2024-25,19.0,WAS,WAS,False,C,67.0,67.0,1814.0,27.07,8.5,21.7,0.394,2.8,8.9,0.308,5.8,12.8,0.454,0.457,2.9,4.3,0.679,3.3,8.2,11.4,4.2,1.2,2.6,3.0,3.8,22.8,99.0,117.0,12.9,0.482,0.412,0.199,7.1,17.9,12.5,13.9,1.2,5.0,11.2,23.5,-1.6,1.3,-0.3,-0.007,-2.2,-1.0,-3.3,-0.6
irvinky01,Kyrie Irving,2024-25,32.0,DAL,DAL,False,SG,50.0,50.0,1804.0,36.08,12.0,25.3,0.473,3.9,9.6,0.401,8.1,15.7,0.517,0.549,5.3,5.7,0.916,1.6,4.8,6.4,6.2,1.8,0.6,3.0,2.7,33.1,118.0,118.0,19.9,0.594,0.38,0.226,3.7,10.6,7.2,20.5,1.8,1.1,9.7,27.4,3.4,1.3,4.6,0.124,3.9,-0.5,3.4,2.5
georgky01,Kyshawn George,2024-25,21.0,WAS,WAS,False,SG,68.0,38.0,1802.0,26.5,5.4,14.4,0.372,3.0,9.3,0.322,2.3,5.1,0.464,0.476,1.8,2.5,0.753,1.3,6.2,7.5,4.5,1.8,1.3,2.6,5.3,15.6,100.0,118.0,8.8,0.503,0.648,0.17,2.8,13.7,8.2,13.3,1.8,2.5,14.2,15.9,-0.9,1.1,0.1,0.003,-3.8,-0.3,-4.1,-0.9
johnsca02,Cameron Johnson,2024-25,28.0,BRK,BRK,False,PF,57.0,57.0,1800.0,31.58,9.8,20.7,0.475,4.4,11.3,0.39,5.4,9.4,0.578,0.582,5.6,6.2,0.893,1.5,5.3,6.8,5.4,1.5,0.7,2.7,2.9,29.6,122.0,117.0,18.2,0.632,0.546,0.301,3.3,12.8,7.8,18.5,1.5,1.4,10.5,22.9,3.8,1.3,5.1,0.137,3.5,-0.4,3.1,2.3
robindu01,Duncan Robinson,2024-25,30.0,MIA,MIA,False,SF,74.0,37.0,1786.0,24.14,8.1,18.5,0.437,5.3,13.5,0.393,2.8,5.0,0.556,0.581,1.3,1.5,0.887,0.5,4.2,4.7,4.9,1.1,0.2,2.4,3.8,22.8,112.0,117.0,11.8,0.595,0.729,0.08,1.1,9.1,5.2,14.7,1.1,0.3,11.1,19.2,1.3,1.4,2.7,0.071,-0.7,-1.1,-1.7,0.1
dunnkr01,Kris Dunn,2024-25,30.0,LAC,LAC,False,PG,74.0,58.0,1783.0,24.09,5.3,12.1,0.439,2.1,6.2,0.335,3.2,5.9,0.549,0.525,0.4,0.6,0.682,1.5,5.5,6.9,5.8,3.5,0.7,2.0,5.4,13.1,111.0,108.0,11.3,0.531,0.513,0.05,3.4,12.4,8.0,15.6,3.5,1.5,14.2,12.7,0.8,3.2,4.0,0.108,-2.8,3.4,0.6,1.2
doncilu01,Luka Dončić,2024-25,25.0,,2TM,True,PG,50.0,50.0,1769.0,35.38,12.7,28.3,0.45,4.9,13.3,0.368,7.8,15.0,0.522,0.536,8.5,10.9,0.782,1.1,10.2,11.3,10.6,2.5,0.6,4.9,3.5,38.9,116.0,112.0,24.1,0.587,0.469,0.385,2.6,22.6,12.8,36.1,2.5,1.1,13.0,33.9,3.5,2.4,5.9,0.16,5.5,1.2,6.7,3.9
hendesc01,Scoot Henderson,2024-25,20.0,POR,POR,False,PG,66.0,10.0,1759.0,26.65,7.9,18.9,0.419,2.9,8.2,0.354,5.0,10.7,0.469,0.496,4.4,5.7,0.767,1.4,4.0,5.5,9.3,1.9,0.4,4.9,5.0,23.1,107.0,117.0,12.5,0.54,0.434,0.301,3.1,9.2,6.1,28.1,1.9,0.7,18.6,22.5,0.4,1.4,1.8,0.049,-1.4,-0.8,-2.2,-0.1
cartewe01,Wendell Carter Jr.,2024-25,25.0,ORL,ORL,False,C,68.0,51.0,1758.0,25.85,6.4,13.9,0.46,1.1,4.5,0.234,5.4,9.5,0.568,0.498,3.7,5.0,0.737,4.3,9.7,14.0,3.8,1.5,1.2,2.2,5.7,17.6,115.0,109.0,13.7,0.544,0.322,0.356,9.4,23.4,16.0,11.5,1.5,2.2,11.9,16.0,1.6,3.0,4.6,0.125,-2.2,0.9,-1.2,0.3
sextoco01,Collin Sexton,2024-25,26.0,UTA,UTA,False,SG,63.0,61.0,1758.0,27.9,11.4,23.7,0.48,3.0,7.4,0.406,8.4,16.3,0.513,0.543,5.9,6.9,0.865,1.6,3.0,4.7,7.2,1.3,0.2,4.4,3.9,31.6,115.0,124.0,16.6,0.593,0.313,0.29,3.7,6.8,5.2,25.1,1.3,0.3,14.1,27.0,2.5,-0.1,2.4,0.066,1.7,-2.3,-0.6,0.6
conlemi01,Mike Conley,2024-25,37.0,MIN,MIN,False,PG,71.0,64.0,1756.0,24.73,5.3,13.1,0.4,3.6,8.7,0.41,1.7,4.4,0.38,0.535,2.3,2.5,0.9,0.9,4.2,5.1,9.0,2.2,0.4,2.1,3.1,16.4,125.0,113.0,13.3,0.573,0.662,0.192,2.1,9.3,5.7,24.5,2.2,0.7,12.9,14.4,3.0,2.2,5.2,0.142,-0.1,1.3,1.2,1.4
coffeam01,Amir Coffey,2024-25,27.0,LAC,LAC,False,SG,72.0,13.0,1748.0,24.28,6.8,14.4,0.471,2.8,7.0,0.409,3.9,7.4,0.529,0.57,3.2,3.6,0.891,0.9,3.6,4.5,2.2,1.1,0.2,1.3,3.4,19.6,122.0,115.0,11.2,0.614,0.484,0.253,2.1,8.2,5.2,6.1,1.1,0.4,7.4,15.3,2.4,1.7,4.0,0.111,-1.5,-0.2,-1.7,0.1
butleji01,Jimmy Butler,2024-25,35.0,,2TM,True,SF,55.0,55.0,1746.0,31.75,8.5,16.8,0.504,0.9,2.9,0.308,7.6,13.9,0.546,0.531,9.3,11.0,0.842,3.5,4.8,8.3,8.4,2.2,0.5,2.1,1.5,27.2,136.0,113.0,22.4,0.626,0.174,0.657,7.7,10.8,9.2,25.5,2.2,1.0,8.8,20.8,6.6,2.0,8.7,0.238,4.0,1.0,4.9,3.0
wiggiaa01,Aaron Wiggins,2024-25,26.0,OKC,OKC,False,SG,76.0,26.0,1744.0,22.95,9.8,20.0,0.488,3.6,9.3,0.383,6.2,10.7,0.578,0.577,2.0,2.4,0.831,2.2,5.9,8.1,3.7,1.7,0.5,1.9,2.8,25.2,119.0,110.0,16.1,0.596,0.466,0.122,5.1,12.9,9.1,10.6,1.7,1.0,8.3,20.3,2.7,2.7,5.4,0.148,1.3,-0.2,1.1,1.4
kesslwa01,Walker Kessler,2024-25,23.0,UTA,UTA,False,C,58.0,58.0,1740.0,30.0,7.7,11.6,0.663,0.2,0.9,0.176,7.5,10.6,0.706,0.671,2.2,4.2,0.52,7.3,12.2,19.5,2.7,1.0,3.8,2.4,3.6,17.7,130.0,115.0,20.0,0.66,0.081,0.363,16.6,27.1,21.9,8.3,1.0,7.4,15.0,13.7,3.6,1.8,5.4,0.149,1.1,0.7,1.8,1.7
huntede01,De'Andre Hunter,2024-25,27.0,,2TM,True,SF,64.0,9.0,1740.0,27.19,9.7,20.7,0.47,4.3,10.5,0.405,5.5,10.2,0.537,0.573,5.8,6.9,0.846,1.2,5.8,7.0,2.5,1.4,0.4,2.2,4.2,29.6,120.0,117.0,15.9,0.623,0.509,0.333,2.7,13.4,8.1,7.5,1.4,0.7,8.6,22.8,3.0,1.4,4.4,0.122,1.2,-0.8,0.4,1.0
agbajoc01,Ochai Agbaji,2024-25,24.0,TOR,TOR,False,SG,64.0,45.0,1739.0,27.17,7.4,14.8,0.498,2.8,7.0,0.399,4.6,7.8,0.587,0.593,0.9,1.3,0.708,1.7,5.0,6.7,2.7,1.6,0.8,1.5,3.5,18.5,117.0,116.0,12.0,0.601,0.474,0.09,3.7,11.4,7.5,7.9,1.6,1.6,8.9,14.6,1.6,1.5,3.1,0.087,-0.9,0.2,-0.7,0.5
podzibr01,Brandin Podziemski,2024-25,21.0,GSW,GSW,False,SG,64.0,33.0,1716.0,26.81,7.9,17.8,0.445,3.3,8.8,0.372,4.7,9.1,0.516,0.537,2.0,2.7,0.758,1.8,7.4,9.2,6.2,2.0,0.4,2.1,2.7,21.2,116.0,112.0,14.4,0.557,0.491,0.151,4.0,16.8,10.2,18.7,2.0,0.7,10.1,18.3,1.9,2.3,4.2,0.117,-0.1,0.8,0.7,1.2
smithja05,Jabari Smith Jr.,2024-25,21.0,HOU,HOU,False,PF,57.0,39.0,1716.0,30.11,7.0,16.1,0.438,2.8,7.9,0.354,4.3,8.2,0.519,0.525,3.0,3.6,0.825,3.0,8.3,11.3,1.7,0.7,1.2,1.7,3.5,19.8,118.0,112.0,12.6,0.562,0.489,0.223,6.4,18.6,12.4,4.7,0.7,2.1,8.9,16.4,1.9,2.2,4.2,0.117,-0.8,0.1,-0.7,0.6
davisan02,Anthony Davis,2024-25,31.0,,2TM,True,C,51.0,51.0,1706.0,33.45,13.5,26.2,0.516,1.0,3.6,0.282,12.5,22.6,0.553,0.536,8.2,10.6,0.775,3.9,13.1,17.0,5.2,1.7,3.2,3.2,2.8,36.3,118.0,108.0,26.3,0.588,0.136,0.405,9.1,29.1,19.4,18.3,1.7,6.0,9.5,30.4,3.7,3.0,6.7,0.188,3.9,1.5,5.4,3.2
bealbr01,Bradley Beal,2024-25,31.0,PHO,PHO,False,SG,53.0,38.0,1702.0,32.11,10.0,20.2,0.497,3.0,7.7,0.386,7.1,12.5,0.565,0.571,3.2,4.0,0.803,1.0,4.2,5.1,5.7,1.7,0.8,2.9,4.0,26.2,114.0,121.0,15.2,0.598,0.38,0.197,2.3,9.1,5.8,17.6,1.7,1.5,11.6,22.1,1.9,0.6,2.4,0.068,-0.1,-1.0,-1.1,0.4
niangge01,Georges Niang,2024-25,31.0,,2TM,True,PF,79.0,3.0,1697.0,21.48,8.0,17.4,0.461,4.7,11.5,0.406,3.4,5.9,0.569,0.595,1.3,1.6,0.793,1.3,6.3,7.6,3.1,0.8,0.4,2.3,5.6,22.0,115.0,117.0,11.2,0.607,0.66,0.094,3.1,14.3,8.7,8.8,0.8,0.8,11.3,17.9,1.5,1.4,2.9,0.081,-1.1,-1.2,-2.3,-0.1
poeltja01,Jakob Poeltl,2024-25,29.0,TOR,TOR,False,C,57.0,56.0,1686.0,29.58,10.4,16.5,0.627,0.0,0.1,0.333,10.3,16.4,0.628,0.628,2.8,4.1,0.674,5.4,10.2,15.6,4.5,1.9,2.0,3.2,5.0,23.5,122.0,110.0,20.0,0.641,0.005,0.249,11.7,23.3,17.4,14.5,1.9,4.0,14.7,18.7,3.0,2.5,5.5,0.158,0.7,1.3,2.0,1.7
pippesc02,Scotty Pippen Jr.,2024-25,24.0,MEM,MEM,False,PG,79.0,21.0,1683.0,21.3,7.9,16.4,0.48,2.4,6.0,0.397,5.5,10.4,0.528,0.553,3.4,4.7,0.713,1.8,5.4,7.2,9.6,2.8,0.8,3.8,5.6,21.5,118.0,112.0,15.8,0.582,0.369,0.288,4.1,12.1,8.1,27.1,2.8,1.6,17.1,19.3,2.4,2.3,4.7,0.133,0.0,1.8,1.9,1.7
huertke01,Kevin Huerter,2024-25,26.0,,2TM,True,SG,69.0,31.0,1679.0,24.33,7.3,17.2,0.425,3.8,11.1,0.338,3.6,6.1,0.587,0.535,1.0,1.4,0.714,0.9,5.0,5.8,4.4,1.9,0.7,1.9,3.4,19.4,109.0,117.0,11.3,0.544,0.647,0.081,2.0,11.3,6.7,12.6,1.9,1.3,9.7,17.5,0.6,1.3,1.9,0.054,-1.8,-0.2,-2.0,0.0
aldamsa01,Santi Aldama,2024-25,24.0,MEM,MEM,False,PF,65.0,16.0,1660.0,25.54,8.8,18.1,0.483,3.4,9.1,0.368,5.4,9.0,0.599,0.576,1.8,2.6,0.691,2.6,9.0,11.6,5.3,1.5,0.8,2.0,2.1,22.7,123.0,113.0,16.8,0.588,0.503,0.145,6.1,20.3,13.3,15.2,1.5,1.6,9.3,18.5,2.9,2.0,5.0,0.144,2.5,0.7,3.2,2.2
greenaj01,A.J. Green,2024-25,25.0,MIL,MIL,False,SG,73.0,7.0,1659.0,22.73,5.3,12.4,0.429,4.5,10.6,0.427,0.8,1.8,0.443,0.612,0.6,0.8,0.815,0.5,4.5,5.1,3.1,1.1,0.2,1.2,4.6,15.8,119.0,117.0,9.2,0.621,0.856,0.064,1.2,9.8,5.7,8.5,1.1,0.4,8.4,12.6,1.6,1.3,2.8,0.082,-1.7,-0.4,-2.2,-0.1
horfoal01,Al Horford,2024-25,38.0,BOS,BOS,False,C,60.0,42.0,1659.0,27.65,5.9,13.9,0.423,3.4,9.5,0.363,2.4,4.4,0.551,0.547,1.0,1.1,0.895,2.4,8.8,11.2,3.9,1.1,1.5,1.4,2.4,16.3,121.0,111.0,12.9,0.563,0.681,0.082,5.2,18.9,12.1,10.4,1.1,2.8,8.8,13.8,2.0,2.4,4.4,0.129,0.1,1.1,1.2,1.3
roziete01,Terry Rozier,2024-25,30.0,MIA,MIA,False,PG,64.0,23.0,1658.0,25.91,7.5,19.1,0.391,2.7,9.3,0.295,4.7,9.8,0.48,0.462,2.8,3.2,0.852,1.3,5.8,7.2,5.0,1.1,0.4,2.3,2.2,20.4,103.0,116.0,10.5,0.497,0.485,0.17,3.0,12.8,7.9,14.8,1.1,0.8,10.3,20.4,-0.5,1.5,1.0,0.029,-2.6,-1.0,-3.7,-0.7
watsope01,Peyton Watson,2024-25,22.0,DEN,DEN,False,SF,68.0,18.0,1656.0,24.35,5.9,12.4,0.477,1.4,3.9,0.353,4.5,8.5,0.534,0.533,2.8,4.0,0.693,1.4,5.4,6.8,2.7,1.4,2.7,1.6,3.6,16.0,113.0,116.0,11.4,0.564,0.318,0.32,3.3,11.8,7.7,7.0,1.4,5.0,10.3,13.9,1.0,1.5,2.5,0.073,-2.1,0.3,-1.8,0.1
moodymo01,Moses Moody,2024-25,22.0,GSW,GSW,False,SG,74.0,34.0,1649.0,22.28,7.3,16.8,0.433,3.7,9.9,0.374,3.5,6.8,0.519,0.544,3.1,3.9,0.797,1.5,4.0,5.6,2.8,1.7,0.9,1.6,3.4,21.4,116.0,114.0,12.4,0.578,0.593,0.234,3.3,9.2,6.2,8.3,1.7,1.8,7.9,17.4,1.7,1.8,3.5,0.102,-0.9,0.0,-0.9,0.5
dasiltr01,Tristan Da Silva,2024-25,23.0,ORL,ORL,False,SF,74.0,38.0,1629.0,22.01,6.1,14.8,0.412,2.5,7.3,0.335,3.6,7.5,0.488,0.495,1.7,1.9,0.873,2.2,5.3,7.5,3.5,1.0,0.6,1.7,2.9,16.3,109.0,113.0,9.9,0.522,0.495,0.13,4.9,12.7,8.6,10.3,1.0,1.1,9.9,15.2,0.5,1.9,2.5,0.073,-2.3,-0.3,-2.6,-0.3
divindo01,Donte DiVincenzo,2024-25,28.0,MIN,MIN,False,SG,62.0,10.0,1606.0,25.9,7.7,18.2,0.422,5.3,13.5,0.397,2.3,4.8,0.49,0.568,1.5,1.9,0.778,1.0,6.0,7.0,6.9,2.2,0.5,3.0,3.5,22.2,115.0,111.0,14.1,0.582,0.739,0.106,2.2,13.3,7.9,20.2,2.2,1.0,13.8,19.4,1.6,2.2,3.9,0.115,0.8,1.1,1.9,1.6
joeis01,Isaiah Joe,2024-25,25.0,OKC,OKC,False,SG,74.0,16.0,1604.0,21.68,7.8,17.6,0.44,5.7,13.9,0.412,2.0,3.7,0.549,0.604,1.4,1.7,0.821,1.2,4.6,5.9,3.6,1.4,0.3,1.1,3.4,22.6,125.0,112.0,14.0,0.617,0.793,0.095,2.8,10.1,6.6,9.7,1.4,0.6,5.8,17.2,2.9,2.2,5.1,0.153,1.4,-0.1,1.3,1.4
kispeco01,Corey Kispert,2024-25,25.0,WAS,WAS,False,SF,61.0,0.0,1602.0,26.26,7.6,16.8,0.451,3.6,9.8,0.364,4.0,7.0,0.574,0.558,2.2,2.6,0.852,1.1,4.3,5.4,3.1,0.8,0.4,1.9,2.9,20.9,112.0,123.0,11.0,0.584,0.584,0.156,2.3,9.5,5.9,9.7,0.8,0.8,9.6,17.5,1.0,0.1,1.1,0.032,-1.4,-2.2,-3.7,-0.7
leverca01,Caris LeVert,2024-25,30.0,,2TM,True,SG,64.0,3.0,1596.0,24.94,8.3,17.8,0.467,3.2,8.5,0.373,5.2,9.4,0.552,0.556,3.3,4.6,0.71,1.2,4.8,6.0,6.4,1.7,1.0,2.3,2.9,23.1,119.0,115.0,15.2,0.582,0.474,0.259,2.8,11.0,6.9,18.1,1.7,1.9,10.2,19.4,2.4,1.6,4.0,0.119,0.8,0.1,0.9,1.2
mcbrimi01,Miles McBride,2024-25,24.0,NYK,NYK,False,SG,64.0,10.0,1593.0,24.89,6.9,17.0,0.406,3.6,9.7,0.369,3.3,7.3,0.455,0.511,1.6,2.0,0.813,1.5,3.6,5.0,5.8,2.1,0.5,1.3,3.4,19.0,117.0,116.0,12.6,0.531,0.57,0.117,3.4,8.1,5.8,15.6,2.1,1.0,6.7,16.8,1.8,1.4,3.2,0.098,-0.4,0.4,0.0,0.8
harteis01,Isaiah Hartenstein,2024-25,26.0,OKC,OKC,False,C,57.0,53.0,1590.0,27.89,8.4,14.5,0.581,0.0,0.6,0.0,8.4,13.9,0.605,0.581,2.4,3.5,0.675,4.9,13.5,18.4,6.6,1.4,1.9,2.9,5.2,19.2,124.0,104.0,18.9,0.599,0.04,0.244,11.2,29.6,20.6,18.3,1.4,3.9,15.3,16.7,3.2,3.6,6.8,0.205,0.6,2.6,3.2,2.1
dickgr01,Gradey Dick,2024-25,21.0,TOR,TOR,False,SG,54.0,54.0,1587.0,29.39,8.0,19.6,0.41,3.5,9.9,0.35,4.6,9.7,0.47,0.498,4.0,4.7,0.858,1.3,4.5,5.9,3.0,1.5,0.3,2.5,3.6,23.6,107.0,117.0,10.9,0.543,0.504,0.24,2.9,10.3,6.5,8.9,1.5,0.6,10.4,21.0,0.2,1.2,1.4,0.042,-1.9,-1.3,-3.2,-0.5
banchpa01,Paolo Banchero,2024-25,22.0,ORL,ORL,False,PF,46.0,46.0,1582.0,34.39,13.0,28.8,0.452,2.7,8.6,0.32,10.3,20.2,0.509,0.5,8.8,12.2,0.727,1.6,9.3,10.9,6.9,1.1,0.9,4.3,3.1,37.6,109.0,110.0,20.0,0.551,0.299,0.423,3.5,22.4,12.5,26.0,1.1,1.7,11.2,33.6,1.1,2.4,3.5,0.106,3.4,0.2,3.5,2.2
willipa01,Patrick Williams,2024-25,23.0,CHI,CHI,False,PF,63.0,36.0,1576.0,25.02,6.1,15.3,0.397,2.8,8.1,0.353,3.2,7.2,0.447,0.49,1.8,2.5,0.723,1.3,5.7,7.0,3.7,1.4,0.9,2.5,2.6,16.8,100.0,117.0,9.0,0.512,0.527,0.161,2.9,12.7,7.9,10.3,1.4,1.8,13.5,16.9,-0.9,1.3,0.4,0.012,-3.0,-0.7,-3.7,-0.7
toppiob01,Obi Toppin,2024-25,26.0,IND,IND,False,PF,79.0,4.0,1545.0,19.56,9.9,18.6,0.529,3.4,9.4,0.365,6.4,9.3,0.695,0.621,2.8,3.5,0.781,1.7,8.2,9.9,4.0,1.4,0.9,2.1,3.4,25.9,122.0,114.0,17.4,0.642,0.503,0.19,4.1,18.7,11.5,11.9,1.4,1.6,9.5,20.1,2.7,1.6,4.3,0.135,1.8,-0.1,1.7,1.4
allengr01,Grayson Allen,2024-25,29.0,PHO,PHO,False,SG,64.0,7.0,1544.0,24.12,7.0,15.7,0.448,4.8,11.2,0.426,2.2,4.5,0.504,0.6,3.0,3.7,0.816,1.1,5.1,6.2,4.4,1.7,0.6,2.4,3.0,21.8,119.0,120.0,13.7,0.631,0.716,0.233,2.5,11.3,7.0,12.5,1.7,1.2,12.2,17.6,2.0,0.6,2.5,0.079,0.7,-1.0,-0.3,0.7
hausesa01,Sam Hauser,2024-25,27.0,BOS,BOS,False,PF,71.0,19.0,1541.0,21.7,7.0,15.4,0.451,5.4,13.0,0.416,1.6,2.4,0.64,0.627,0.4,0.4,1.0,1.4,5.9,7.3,2.1,1.3,0.4,0.7,2.8,19.7,128.0,113.0,12.8,0.632,0.842,0.023,3.1,12.7,7.9,5.8,1.3,0.8,4.6,14.3,2.6,1.8,4.4,0.136,0.9,-0.1,0.8,1.1
willizi02,Ziaire Williams,2024-25,23.0,BRK,BRK,False,SF,63.0,45.0,1541.0,24.46,6.9,16.8,0.412,3.3,9.8,0.341,3.6,7.0,0.509,0.511,3.3,4.0,0.821,2.0,7.3,9.3,2.7,2.0,0.9,2.2,4.8,20.4,109.0,114.0,11.9,0.55,0.581,0.237,4.3,17.5,10.6,8.5,2.0,1.8,10.5,18.2,0.5,1.6,2.1,0.065,-2.2,-0.1,-2.3,-0.1
vincega01,Gabe Vincent,2024-25,28.0,LAL,LAL,False,PG,72.0,11.0,1527.0,21.21,5.4,13.5,0.4,3.5,10.0,0.353,1.9,3.6,0.532,0.53,0.5,0.7,0.714,0.6,2.3,3.0,3.2,1.6,0.4,1.3,4.9,14.8,108.0,118.0,7.4,0.536,0.736,0.05,1.5,5.2,3.4,8.7,1.6,0.8,8.7,13.5,0.3,1.0,1.3,0.039,-3.8,-0.1,-4.0,-0.8
wembavi01,Victor Wembanyama,2024-25,21.0,SAS,SAS,False,C,46.0,46.0,1527.0,33.2,12.9,27.1,0.476,4.5,12.8,0.352,8.4,14.4,0.586,0.559,5.0,6.0,0.836,2.6,13.4,16.0,5.3,1.6,5.6,4.7,3.3,35.3,109.0,108.0,24.2,0.594,0.47,0.221,5.7,29.8,17.7,18.3,1.6,10.4,13.7,30.4,1.0,2.8,3.8,0.118,3.6,2.9,6.5,3.3
grantje01,Jerami Grant,2024-25,30.0,POR,POR,False,PF,47.0,47.0,1524.0,32.43,6.8,18.3,0.373,3.4,9.4,0.365,3.4,8.9,0.381,0.467,4.5,5.3,0.849,0.8,4.4,5.2,3.2,1.3,1.5,2.1,3.5,21.6,109.0,117.0,10.9,0.523,0.516,0.289,1.8,10.0,5.8,9.5,1.3,2.7,9.1,19.4,0.6,1.2,1.8,0.057,-1.4,-0.3,-1.6,0.1
valanjo01,Jonas Valančiūnas,2024-25,32.0,,2TM,True,C,81.0,21.0,1524.0,18.81,10.9,19.8,0.55,0.3,1.2,0.216,10.6,18.6,0.571,0.557,4.6,5.2,0.879,6.0,13.8,19.8,5.2,1.2,1.4,3.8,5.7,26.6,118.0,114.0,20.8,0.602,0.059,0.263,13.3,30.7,22.0,17.6,1.2,2.8,14.6,22.8,2.6,1.7,4.3,0.137,0.8,-0.1,0.6,1.0
filipky01,Kyle Filipowski,2024-25,21.0,UTA,UTA,False,C,72.0,27.0,1522.0,21.14,8.2,16.3,0.502,2.4,6.9,0.35,5.8,9.4,0.614,0.576,2.9,4.5,0.65,3.5,10.3,13.9,4.4,1.5,0.7,3.2,5.4,21.8,115.0,118.0,14.9,0.594,0.425,0.276,8.0,23.1,15.6,13.9,1.5,1.4,14.9,18.7,1.5,1.0,2.5,0.078,-0.6,-0.3,-1.0,0.4
moranja01,Ja Morant,2024-25,25.0,MEM,MEM,False,PG,50.0,50.0,1519.0,30.38,12.4,27.2,0.454,2.7,8.7,0.309,9.7,18.5,0.523,0.504,8.0,9.8,0.824,1.0,5.2,6.3,11.1,1.9,0.4,5.7,3.5,35.5,113.0,115.0,19.3,0.563,0.321,0.359,2.4,11.8,7.1,36.0,1.9,0.7,15.2,32.2,2.0,1.5,3.5,0.112,3.1,-0.7,2.4,1.7
buzelma01,Matas Buzelis,2024-25,20.0,CHI,CHI,False,SF,80.0,31.0,1511.0,18.89,7.8,17.1,0.454,3.0,8.2,0.361,4.8,8.9,0.54,0.541,2.7,3.3,0.815,1.7,6.9,8.6,2.4,0.9,2.3,2.3,4.0,21.3,108.0,115.0,12.5,0.571,0.479,0.195,3.9,15.2,9.6,7.2,0.9,4.3,10.9,18.7,0.5,1.4,1.9,0.06,-2.0,-0.5,-2.5,-0.2
ballla01,LaMelo Ball,2024-25,23.0,CHO,CHO,False,PG,47.0,47.0,1505.0,32.02,13.3,32.8,0.405,5.8,17.3,0.339,7.4,15.5,0.478,0.494,6.3,7.5,0.843,1.5,6.0,7.6,11.3,1.8,0.4,5.5,5.1,38.7,108.0,117.0,19.1,0.536,0.526,0.228,3.3,13.4,8.2,43.8,1.8,0.8,13.1,35.9,0.9,1.1,2.0,0.065,4.1,-0.9,3.2,2.0
knechda01,Dalton Knecht,2024-25,23.0,LAL,LAL,False,SF,78.0,16.0,1494.0,19.15,8.5,18.3,0.461,4.2,11.2,0.376,4.2,7.1,0.594,0.576,2.1,2.8,0.762,1.2,5.9,7.1,2.2,0.8,0.3,1.2,3.1,23.2,117.0,118.0,12.7,0.594,0.61,0.151,2.9,13.1,8.1,6.5,0.8,0.5,5.9,18.5,1.7,1.0,2.7,0.086,-0.1,-1.7,-1.8,0.1
porteke02,Kevin Porter Jr.,2024-25,24.0,,2TM,True,SG,75.0,4.0,1482.0,19.76,9.7,21.5,0.449,1.8,5.8,0.311,7.8,15.7,0.501,0.492,4.3,5.6,0.769,1.4,7.8,9.2,8.4,2.7,0.4,4.5,3.9,25.4,105.0,110.0,15.4,0.531,0.271,0.259,3.2,17.3,10.4,25.9,2.7,0.9,15.8,25.4,-0.1,2.3,2.2,0.072,-1.6,0.9,-0.6,0.5
russeda01,D'Angelo Russell,2024-25,28.0,,2TM,True,PG,58.0,36.0,1480.0,25.52,8.3,21.3,0.39,3.8,12.0,0.314,4.5,9.3,0.489,0.479,4.0,4.8,0.834,0.7,4.7,5.4,9.9,1.9,0.8,3.6,3.8,24.5,109.0,116.0,14.0,0.522,0.564,0.227,1.5,11.0,6.2,31.2,1.9,1.5,13.3,24.0,0.7,1.3,1.9,0.063,0.0,-0.4,-0.4,0.6
markkla01,Lauri Markkanen,2024-25,27.0,UTA,UTA,False,PF,47.0,47.0,1476.0,31.4,9.6,22.8,0.423,4.5,13.0,0.346,5.1,9.8,0.525,0.521,5.3,6.0,0.876,2.3,6.7,9.0,2.3,1.1,0.6,2.1,2.6,29.0,115.0,122.0,15.6,0.571,0.57,0.264,5.3,14.9,10.1,7.5,1.1,1.1,7.8,24.0,1.8,0.3,2.2,0.07,1.8,-2.1,-0.3,0.7
kennalu01,Luke Kennard,2024-25,28.0,MEM,MEM,False,SG,65.0,11.0,1472.0,22.65,6.5,13.6,0.478,3.6,8.2,0.433,2.9,5.4,0.547,0.609,1.6,1.8,0.895,1.2,4.6,5.8,6.8,1.6,0.2,2.3,1.9,18.2,127.0,116.0,13.6,0.631,0.606,0.132,2.7,10.4,6.6,18.5,1.6,0.3,13.6,14.5,2.6,1.3,3.9,0.127,0.9,0.2,1.1,1.2
sheadja01,Jamal Shead,2024-25,22.0,TOR,TOR,False,PG,75.0,11.0,1467.0,19.56,6.7,16.5,0.405,2.4,7.3,0.323,4.3,9.2,0.47,0.476,1.7,2.3,0.768,1.0,2.8,3.8,10.4,1.9,0.3,3.8,5.2,17.5,104.0,117.0,9.9,0.499,0.442,0.137,2.1,6.4,4.2,29.8,1.9,0.7,18.0,18.6,-0.2,1.1,0.8,0.027,-3.2,-0.9,-4.1,-0.8
gordoaa01,Aaron Gordon,2024-25,29.0,DEN,DEN,False,PF,51.0,42.0,1447.0,28.37,8.8,16.5,0.531,2.5,5.7,0.436,6.3,10.8,0.582,0.607,4.8,5.9,0.81,2.7,5.5,8.2,5.5,0.8,0.5,2.4,2.7,24.9,129.0,120.0,17.0,0.65,0.346,0.36,6.4,12.1,9.4,15.0,0.8,0.9,11.3,19.0,3.6,0.7,4.3,0.143,2.7,-1.5,1.2,1.2
stewais01,Isaiah Stewart,2024-25,23.0,DET,DET,False,C,72.0,4.0,1434.0,19.92,5.9,10.6,0.559,0.6,1.8,0.321,5.3,8.8,0.607,0.586,2.2,2.9,0.759,4.4,9.0,13.4,4.1,0.9,3.4,2.3,6.1,14.6,125.0,110.0,14.6,0.616,0.168,0.276,10.1,20.6,15.4,11.3,0.9,6.7,16.1,12.4,2.1,2.2,4.3,0.144,-1.6,2.1,0.6,0.9
sensabr01,Brice Sensabaugh,2024-25,21.0,UTA,UTA,False,SF,71.0,15.0,1432.0,20.17,9.2,20.1,0.459,5.3,12.5,0.422,4.0,7.6,0.52,0.59,2.2,2.4,0.89,1.4,5.6,7.0,3.7,1.5,0.3,3.6,3.7,25.9,111.0,122.0,13.4,0.612,0.621,0.122,3.2,12.6,7.9,12.0,1.5,0.5,14.5,21.5,0.9,0.3,1.2,0.042,0.4,-1.6,-1.2,0.3
bitadgo01,Goga Bitadze,2024-25,25.0,ORL,ORL,False,C,70.0,42.0,1430.0,20.43,7.2,11.8,0.611,0.1,1.0,0.107,7.1,10.9,0.656,0.615,3.0,4.6,0.639,5.8,10.3,16.2,4.8,1.7,3.4,2.5,5.2,17.5,127.0,105.0,19.2,0.631,0.083,0.392,12.7,25.0,18.6,14.8,1.7,6.6,15.3,14.3,2.8,3.0,5.8,0.195,-0.3,2.8,2.5,1.6
wareke01,Kel'el Ware,2024-25,20.0,MIA,MIA,False,C,64.0,36.0,1422.0,22.22,9.0,16.3,0.554,1.2,3.9,0.315,7.8,12.4,0.629,0.592,1.6,2.4,0.687,4.1,12.5,16.6,2.1,1.4,2.5,2.0,3.9,20.9,118.0,108.0,17.4,0.603,0.239,0.144,9.1,27.5,18.4,6.5,1.4,4.8,10.4,17.2,1.7,2.5,4.1,0.14,-0.7,0.6,-0.1,0.7
easonta01,Tari Eason,2024-25,23.0,HOU,HOU,False,PF,57.0,16.0,1420.0,24.91,9.3,19.2,0.487,2.2,6.3,0.342,7.2,12.9,0.557,0.543,2.7,3.6,0.76,4.4,8.0,12.4,2.8,3.3,1.7,2.2,4.7,23.5,119.0,106.0,18.5,0.567,0.329,0.186,9.4,17.9,13.6,8.5,3.3,3.2,9.7,19.4,2.1,2.9,5.0,0.169,1.0,2.6,3.6,2.0
edeyza01,Zach Edey,2024-25,22.0,MEM,MEM,False,C,66.0,55.0,1416.0,21.45,8.2,14.2,0.58,0.6,1.7,0.346,7.6,12.5,0.612,0.6,3.0,4.2,0.709,7.6,10.4,18.0,2.1,1.2,2.8,2.9,6.0,20.0,124.0,110.0,18.2,0.624,0.12,0.293,17.5,23.4,20.5,6.1,1.2,5.5,15.3,16.4,2.7,2.2,4.9,0.165,-0.2,0.1,-0.1,0.7
mccontj01,T.J. McConnell,2024-25,32.0,IND,IND,False,PG,79.0,1.0,1415.0,17.91,11.0,21.2,0.519,0.5,1.7,0.306,10.5,19.5,0.537,0.531,1.9,2.6,0.74,1.5,5.1,6.6,11.9,2.8,0.7,3.7,2.7,24.5,113.0,113.0,18.4,0.547,0.079,0.123,3.5,11.6,7.6,37.0,2.8,1.3,14.2,23.4,1.5,1.7,3.2,0.109,0.6,0.6,1.2,1.2
mannte01,Terance Mann,2024-25,28.0,,2TM,True,SG,67.0,13.0,1414.0,21.1,7.0,14.0,0.496,2.0,5.5,0.368,4.9,8.5,0.58,0.569,1.6,2.3,0.691,2.3,4.4,6.8,4.1,1.6,0.5,1.6,4.3,17.6,120.0,116.0,12.0,0.584,0.395,0.165,5.3,10.4,7.8,11.7,1.6,1.0,9.6,14.7,1.7,1.3,3.0,0.101,-1.4,0.0,-1.3,0.2
dunnry01,Ryan Dunn,2024-25,22.0,PHO,PHO,False,SF,74.0,44.0,1410.0,19.05,7.2,16.7,0.43,2.9,9.3,0.311,4.3,7.5,0.577,0.516,0.7,1.4,0.487,3.2,6.1,9.4,2.0,1.5,1.4,1.4,5.7,17.9,107.0,119.0,10.7,0.517,0.553,0.082,7.5,13.5,10.6,5.7,1.5,2.7,7.5,16.7,0.2,0.7,1.0,0.034,-2.9,-1.2,-4.1,-0.7
merrisa01,Sam Merrill,2024-25,28.0,CLE,CLE,False,SG,71.0,4.0,1401.0,19.73,5.9,14.6,0.406,4.7,12.6,0.372,1.2,1.9,0.625,0.567,1.0,1.0,0.966,1.3,4.1,5.4,3.7,1.8,0.5,1.2,4.3,17.5,122.0,114.0,11.1,0.583,0.868,0.068,3.0,8.9,6.1,9.6,1.8,0.9,7.4,14.3,1.8,1.5,3.3,0.113,-0.4,0.7,0.3,0.8
dosunay01,Ayo Dosunmu,2024-25,25.0,CHI,CHI,False,SG,46.0,26.0,1394.0,30.3,7.4,15.0,0.492,2.1,6.3,0.328,5.3,8.7,0.612,0.561,2.1,2.6,0.785,0.9,4.5,5.4,7.0,1.4,0.6,2.3,3.5,19.0,117.0,118.0,12.8,0.585,0.421,0.176,2.0,10.0,6.1,20.2,1.4,1.1,12.5,16.6,1.6,1.0,2.5,0.087,-1.4,-0.2,-1.6,0.1
jeromty01,Ty Jerome,2024-25,27.0,CLE,CLE,False,SG,70.0,3.0,1393.0,19.9,11.0,21.4,0.516,3.8,8.7,0.439,7.2,12.6,0.57,0.606,4.5,5.1,0.872,1.7,4.3,6.0,8.2,2.7,0.1,3.2,3.5,30.3,128.0,113.0,21.0,0.643,0.409,0.239,4.0,9.3,6.7,24.5,2.7,0.2,11.9,23.6,4.2,1.8,5.9,0.204,3.5,0.8,4.3,2.2
strawju01,Julian Strawther,2024-25,22.0,DEN,DEN,False,SG,65.0,4.0,1384.0,21.29,7.3,16.9,0.432,3.3,9.3,0.349,4.0,7.5,0.535,0.529,2.6,3.1,0.822,0.6,4.3,4.9,2.9,1.4,0.6,2.0,5.2,20.4,109.0,119.0,9.5,0.559,0.553,0.185,1.4,9.5,5.6,7.6,1.4,1.0,9.8,17.8,0.5,0.8,1.3,0.043,-3.1,-1.4,-4.5,-0.9
smithni01,Nick Smith Jr.,2024-25,20.0,CHO,CHO,False,SG,60.0,27.0,1369.0,22.82,8.0,20.4,0.391,3.7,11.0,0.34,4.2,9.4,0.45,0.482,1.5,1.7,0.935,0.5,4.1,4.6,5.2,0.6,0.2,2.9,2.8,21.2,100.0,121.0,8.3,0.502,0.539,0.081,1.0,9.1,5.0,16.7,0.6,0.4,12.2,20.8,-0.9,0.3,-0.5,-0.019,-3.2,-2.6,-5.7,-1.3
jaqueja01,Jaime Jaquez Jr.,2024-25,23.0,MIA,MIA,False,SF,66.0,17.0,1368.0,20.73,7.8,16.8,0.461,1.3,4.3,0.311,6.4,12.5,0.513,0.501,3.9,5.2,0.754,3.1,7.5,10.6,6.1,2.2,0.5,3.6,3.0,20.8,108.0,112.0,14.3,0.543,0.258,0.307,6.8,16.5,11.7,17.9,2.2,1.0,15.7,20.2,0.5,1.8,2.3,0.081,-1.4,0.5,-0.9,0.4
batumni01,Nicolas Batum,2024-25,36.0,LAC,LAC,False,PF,78.0,8.0,1367.0,17.53,3.7,8.6,0.437,3.2,7.3,0.433,0.6,1.3,0.457,0.622,0.6,0.8,0.81,1.7,6.2,7.9,3.0,1.9,1.3,1.2,4.0,11.3,126.0,111.0,10.3,0.633,0.853,0.088,4.0,14.0,9.0,7.8,1.9,2.6,12.1,9.0,1.5,2.0,3.5,0.124,-1.2,2.0,0.8,1.0
alvarjo01,Jose Alvarado,2024-25,26.0,NOP,NOP,False,PG,56.0,23.0,1366.0,24.39,7.2,18.5,0.392,3.9,11.0,0.359,3.3,7.5,0.439,0.498,2.1,2.6,0.811,1.0,3.9,4.8,9.2,2.6,0.5,3.0,3.2,20.5,110.0,120.0,13.4,0.523,0.593,0.142,2.1,8.9,5.4,27.3,2.6,1.0,13.4,19.8,0.7,0.5,1.2,0.043,-0.6,-0.8,-1.4,0.2
sochaje01,Jeremy Sochan,2024-25,21.0,SAS,SAS,False,PF,54.0,23.0,1364.0,25.26,8.9,16.6,0.535,1.0,3.2,0.308,7.9,13.4,0.59,0.565,3.1,4.4,0.696,4.5,8.0,12.5,4.5,1.6,1.0,3.0,4.6,21.9,116.0,117.0,15.9,0.589,0.194,0.267,10.0,17.7,13.8,13.7,1.6,1.8,13.8,19.0,1.7,1.1,2.7,0.096,-0.8,-0.4,-1.2,0.3
kornelu01,Luke Kornet,2024-25,29.0,BOS,BOS,False,C,73.0,16.0,1361.0,18.64,6.9,10.3,0.668,0.0,0.1,0.0,6.9,10.2,0.675,0.668,2.5,3.6,0.691,7.0,7.3,14.3,4.3,1.3,2.6,1.1,4.4,16.2,152.0,110.0,19.6,0.683,0.011,0.346,15.2,15.8,15.5,11.9,1.3,4.8,8.8,11.4,4.8,2.2,7.0,0.246,1.6,1.7,3.3,1.8
lylestr01,Trey Lyles,2024-25,29.0,SAC,SAC,False,PF,69.0,5.0,1349.0,19.55,5.7,13.6,0.42,2.9,8.6,0.34,2.8,4.9,0.559,0.528,2.0,2.9,0.7,2.9,8.6,11.5,3.0,1.5,0.8,1.4,3.1,16.3,117.0,116.0,12.3,0.551,0.636,0.214,6.6,19.6,13.1,7.9,1.5,1.7,8.7,14.3,1.3,1.2,2.6,0.091,-0.4,-0.3,-0.7,0.4
laravja01,Jake LaRavia,2024-25,23.0,,2TM,True,PF,66.0,0.0,1349.0,20.44,5.6,11.8,0.475,2.1,5.0,0.423,3.5,6.8,0.513,0.564,2.7,4.0,0.678,3.1,5.9,9.0,5.5,2.2,0.8,3.0,4.6,16.0,117.0,114.0,12.6,0.591,0.421,0.341,7.2,13.3,10.3,14.6,2.2,1.6,18.2,14.4,1.4,1.5,2.9,0.104,-0.8,1.1,0.2,0.8
bogdabo01,Bogdan Bogdanović,2024-25,32.0,,2TM,True,SG,54.0,4.0,1348.0,24.96,7.5,17.6,0.427,3.7,10.3,0.363,3.7,7.2,0.517,0.534,2.1,2.4,0.879,0.9,4.8,5.7,5.2,1.5,0.4,2.6,4.5,20.8,110.0,116.0,11.1,0.559,0.587,0.134,2.0,11.2,6.6,15.2,1.5,0.8,12.4,18.7,0.7,1.2,1.9,0.069,-1.8,-0.2,-2.0,0.0
champju01,Justin Champagnie,2024-25,23.0,WAS,WAS,False,SF,62.0,31.0,1340.0,21.61,7.5,14.6,0.511,2.6,6.9,0.383,4.8,7.7,0.624,0.601,1.8,2.6,0.685,4.0,8.5,12.5,2.1,2.3,1.4,1.9,3.9,19.3,119.0,116.0,15.7,0.614,0.47,0.178,8.6,18.6,13.6,6.8,2.3,2.6,10.9,15.6,1.6,1.2,2.8,0.1,-0.3,-0.2,-0.5,0.5
georgpa01,Paul George,2024-25,34.0,PHI,PHI,False,PF,41.0,41.0,1334.0,32.54,9.1,21.1,0.43,3.5,9.9,0.358,5.5,11.2,0.493,0.514,2.9,3.6,0.814,0.9,7.2,8.1,6.6,2.8,0.7,3.9,3.7,24.6,104.0,116.0,14.5,0.543,0.47,0.17,2.0,17.2,9.3,20.9,2.8,1.5,14.7,23.5,-0.2,1.2,1.0,0.036,-0.5,0.1,-0.4,0.5
thompau01,Ausar Thompson,2024-25,22.0,DET,DET,False,SF,59.0,48.0,1328.0,22.51,8.9,16.7,0.535,0.4,1.8,0.224,8.5,14.9,0.572,0.547,3.3,5.1,0.641,4.0,7.0,11.0,4.9,3.5,1.4,2.9,5.9,21.5,115.0,108.0,17.2,0.568,0.107,0.309,9.3,15.9,12.6,14.4,3.5,2.9,13.3,19.1,1.5,2.4,3.8,0.138,-0.8,2.5,1.7,1.2
clingdo01,Donovan Clingan,2024-25,20.0,POR,POR,False,C,67.0,37.0,1324.0,19.76,6.6,12.3,0.539,0.5,1.8,0.286,6.1,10.5,0.582,0.56,2.3,3.8,0.596,8.0,11.4,19.3,2.8,1.2,4.0,2.6,6.9,16.0,120.0,109.0,17.4,0.574,0.147,0.311,17.3,26.1,21.6,8.3,1.2,7.5,15.9,14.2,1.8,2.2,4.0,0.144,-1.7,1.4,-0.3,0.6
hawkijo01,Jordan Hawkins,2024-25,22.0,NOP,NOP,False,SG,56.0,9.0,1321.0,23.59,7.6,20.4,0.372,4.0,12.2,0.331,3.6,8.2,0.433,0.471,2.9,3.6,0.816,0.9,4.9,5.8,2.4,1.1,0.8,2.1,1.9,22.1,101.0,123.0,9.6,0.504,0.597,0.176,2.0,11.2,6.5,7.3,1.1,1.7,8.8,21.0,-0.7,0.1,-0.5,-0.02,-2.4,-3.0,-5.4,-1.2
martity01,Tyrese Martin,2024-25,25.0,BRK,BRK,False,SG,60.0,11.0,1315.0,21.92,7.2,17.6,0.406,3.7,10.7,0.351,3.4,6.9,0.492,0.513,1.7,2.2,0.793,2.2,6.1,8.3,4.6,1.3,0.3,2.8,2.9,19.8,105.0,118.0,10.9,0.533,0.606,0.125,4.8,14.6,9.5,14.6,1.3,0.7,13.1,18.8,0.0,0.9,0.9,0.033,-1.4,-1.2,-2.6,-0.2
plumlma01,Mason Plumlee,2024-25,34.0,PHO,PHO,False,C,74.0,21.0,1300.0,17.57,4.8,7.7,0.619,0.0,0.2,0.0,4.8,7.5,0.631,0.619,3.2,4.9,0.648,4.4,12.9,17.3,5.1,1.3,1.8,2.2,5.9,12.7,131.0,115.0,14.8,0.645,0.02,0.634,10.2,28.4,19.5,13.6,1.3,3.4,18.6,10.8,2.4,1.3,3.7,0.136,-1.5,1.0,-0.6,0.5
mogbojo01,Jonathan Mogbo,2024-25,23.0,TOR,TOR,False,PF,63.0,18.0,1286.0,20.41,5.8,13.3,0.438,0.6,2.6,0.243,5.2,10.7,0.486,0.462,2.2,3.1,0.732,4.1,7.6,11.6,5.5,2.1,1.3,2.6,5.1,14.6,108.0,113.0,11.9,0.496,0.197,0.23,8.9,17.3,13.0,15.3,2.1,2.5,15.1,15.0,0.3,1.6,1.9,0.071,-2.9,1.0,-1.9,0.0
johnsja05,Jalen Johnson,2024-25,23.0,ATL,ATL,False,SF,36.0,36.0,1284.0,35.67,9.9,19.7,0.5,1.6,5.1,0.312,8.3,14.6,0.566,0.541,3.4,4.6,0.746,2.3,10.8,13.1,6.6,2.0,1.3,3.9,2.4,24.8,110.0,113.0,17.3,0.569,0.26,0.232,5.2,26.0,15.3,20.5,2.0,2.6,15.1,22.5,0.8,1.6,2.4,0.089,0.5,1.4,1.8,1.2
strusma01,Max Strus,2024-25,28.0,CLE,CLE,False,SF,50.0,37.0,1273.0,25.46,6.2,14.1,0.442,4.3,11.1,0.386,2.0,3.0,0.65,0.594,1.1,1.3,0.824,2.0,6.2,8.2,6.0,1.0,0.5,2.0,3.9,17.8,125.0,115.0,12.6,0.607,0.786,0.091,4.6,13.6,9.2,15.6,1.0,0.9,12.2,14.7,2.2,1.3,3.4,0.13,1.1,0.2,1.3,1.1
juzanjo01,Johnny Juzang,2024-25,23.0,UTA,UTA,False,SG,64.0,18.0,1270.0,19.84,7.7,17.9,0.429,4.5,11.9,0.376,3.2,6.1,0.534,0.554,1.7,2.0,0.849,1.6,5.4,7.0,2.6,1.5,0.3,1.4,4.8,21.6,117.0,122.0,11.8,0.573,0.661,0.112,3.6,12.0,7.8,7.9,1.5,0.6,6.7,17.6,1.3,0.3,1.6,0.06,-0.9,-1.4,-2.3,-0.1
hollaro01,Ron Holland,2024-25,19.0,DET,DET,False,SF,81.0,2.0,1266.0,15.63,7.5,15.8,0.474,1.4,5.7,0.238,6.1,10.1,0.608,0.517,3.5,4.6,0.754,1.5,6.8,8.3,3.1,1.9,0.6,2.7,5.4,19.8,107.0,113.0,11.1,0.556,0.363,0.293,3.5,15.5,9.5,8.9,1.9,1.3,13.3,18.1,0.2,1.5,1.8,0.067,-3.3,0.3,-3.0,-0.3
greenja02,Javonte Green,2024-25,31.0,,2TM,True,SG,68.0,19.0,1258.0,18.5,4.7,11.0,0.429,1.8,5.4,0.326,3.0,5.6,0.527,0.509,2.1,2.9,0.724,2.3,6.1,8.4,2.2,2.5,1.2,1.2,3.8,13.3,114.0,117.0,10.7,0.541,0.491,0.265,5.0,13.9,9.4,5.9,2.5,2.4,9.1,11.8,0.7,0.9,1.6,0.063,-2.8,0.5,-2.3,-0.1
richani01,Nick Richards,2024-25,27.0,,2TM,True,C,57.0,43.0,1256.0,22.04,8.1,13.6,0.591,0.0,0.1,0.0,8.1,13.6,0.594,0.591,4.7,6.3,0.744,5.8,12.5,18.3,1.9,0.6,2.2,3.2,5.5,20.8,120.0,115.0,16.6,0.634,0.006,0.461,13.1,27.5,20.4,5.9,0.5,4.2,16.3,17.3,1.8,1.2,3.0,0.114,-2.0,-1.3,-3.3,-0.4
wadede01,Dean Wade,2024-25,28.0,CLE,CLE,False,PF,59.0,30.0,1252.0,21.22,4.3,10.4,0.413,3.1,8.5,0.36,1.2,1.9,0.653,0.561,0.6,1.2,0.533,2.0,7.6,9.6,2.9,1.6,0.8,0.8,3.9,12.3,123.0,112.0,10.1,0.563,0.819,0.111,4.5,16.6,10.8,7.3,1.6,1.4,7.2,10.4,1.3,1.7,3.0,0.113,-1.0,1.2,0.3,0.7
councri01,Ricky Council IV,2024-25,23.0,PHI,PHI,False,SF,73.0,12.0,1250.0,17.12,7.0,18.3,0.382,2.2,8.4,0.258,4.8,9.9,0.488,0.442,4.9,6.0,0.804,2.0,6.4,8.4,3.8,1.3,0.5,2.1,2.6,21.0,106.0,120.0,11.6,0.502,0.46,0.33,4.4,15.4,9.7,11.4,1.3,1.0,8.9,20.3,0.1,0.5,0.6,0.023,-2.0,-2.3,-4.3,-0.7
salauti01,Tidjane Salaün,2024-25,19.0,CHO,CHO,False,PF,60.0,10.0,1244.0,20.73,4.5,13.6,0.33,2.3,8.1,0.283,2.2,5.5,0.4,0.414,2.6,3.7,0.713,2.8,8.3,11.1,2.9,1.1,0.6,2.3,3.3,14.0,97.0,117.0,7.7,0.457,0.594,0.272,5.9,18.4,12.0,8.5,1.1,1.1,13.1,15.2,-0.9,0.9,0.0,0.002,-4.3,-0.8,-5.2,-1.0
portibo01,Bobby Portis,2024-25,29.0,MIL,MIL,False,PF,49.0,7.0,1244.0,25.39,10.8,23.1,0.466,2.5,6.9,0.365,8.2,16.2,0.508,0.52,2.4,2.8,0.836,3.5,12.5,16.0,4.0,1.4,1.0,2.2,3.7,26.4,111.0,110.0,17.7,0.542,0.299,0.123,8.2,27.0,18.0,12.9,1.4,1.9,8.3,24.1,0.9,1.9,2.7,0.106,0.6,-0.4,0.2,0.7
diabamo01,Moussa Diabaté,2024-25,23.0,CHO,CHO,False,C,71.0,8.0,1241.0,17.48,6.6,11.1,0.596,0.0,0.2,0.0,6.6,10.9,0.609,0.596,2.7,4.6,0.595,7.4,9.9,17.4,2.2,1.8,1.6,2.4,4.3,16.0,122.0,113.0,16.5,0.609,0.021,0.414,15.7,22.0,18.8,6.8,1.8,3.2,15.6,13.4,1.8,1.5,3.2,0.125,-1.4,-0.4,-1.9,0.0
robinje02,Jeremiah Robinson-Earl,2024-25,24.0,NOP,NOP,False,PF,66.0,9.0,1239.0,18.77,6.2,13.6,0.455,2.2,6.4,0.341,4.0,7.2,0.557,0.536,1.8,2.2,0.836,4.3,8.0,12.3,3.4,1.5,0.3,2.0,3.1,16.3,117.0,120.0,12.9,0.563,0.473,0.159,9.3,18.4,13.7,9.9,1.5,0.5,12.1,14.4,1.3,0.5,1.7,0.067,-0.9,-1.6,-2.5,-0.2
fontesi01,Simone Fontecchio,2024-25,29.0,DET,DET,False,SF,75.0,0.0,1237.0,16.49,5.8,14.5,0.402,3.0,8.8,0.335,2.9,5.7,0.507,0.504,2.7,3.3,0.833,2.0,6.3,8.4,2.5,1.2,0.5,2.1,3.7,17.3,109.0,115.0,9.7,0.544,0.609,0.225,4.7,14.5,9.6,6.9,1.2,0.9,11.6,15.8,0.4,1.2,1.6,0.063,-2.2,-0.7,-2.9,-0.3
anthoco01,Cole Anthony,2024-25,24.0,ORL,ORL,False,PG,67.0,22.0,1234.0,18.42,9.3,22.0,0.424,3.1,8.8,0.353,6.2,13.2,0.471,0.494,3.8,4.6,0.823,1.9,6.4,8.3,7.7,1.8,1.3,4.2,6.1,25.5,106.0,110.0,14.2,0.531,0.401,0.208,4.1,15.5,9.5,25.5,1.8,2.5,14.8,24.6,0.0,2.0,2.0,0.078,-0.8,0.9,0.1,0.7
sheppbe01,Ben Sheppard,2024-25,23.0,IND,IND,False,SG,63.0,9.0,1229.0,19.51,4.7,11.2,0.418,2.7,7.8,0.342,2.0,3.4,0.591,0.537,0.9,1.1,0.889,1.7,5.2,6.9,3.3,1.5,0.5,0.9,4.9,13.0,119.0,116.0,9.2,0.555,0.693,0.094,4.0,12.0,8.0,8.6,1.5,1.0,6.9,11.3,1.0,1.0,2.1,0.081,-2.2,0.2,-2.0,0.0
gaffoda01,Daniel Gafford,2024-25,26.0,DAL,DAL,False,C,57.0,31.0,1226.0,21.51,11.2,15.9,0.702,0.0,0.0,,11.2,15.9,0.702,0.702,5.3,7.7,0.689,6.1,9.2,15.3,3.2,0.9,4.0,2.6,6.0,27.7,137.0,113.0,24.7,0.716,0.0,0.486,14.1,20.3,17.2,10.2,0.9,7.1,11.9,19.5,4.4,1.5,5.9,0.232,2.7,1.1,3.8,1.8
collijo01,John Collins,2024-25,27.0,UTA,UTA,False,PF,40.0,31.0,1220.0,30.5,11.0,20.9,0.527,2.3,5.8,0.399,8.7,15.1,0.577,0.583,5.5,6.5,0.848,3.5,9.4,12.9,3.1,1.5,1.6,4.1,4.6,29.8,116.0,118.0,19.0,0.628,0.279,0.309,7.9,20.9,14.4,10.8,1.5,3.1,14.6,24.2,1.7,0.8,2.5,0.098,1.4,-0.4,1.0,0.9
martica02,Caleb Martin,2024-25,29.0,,2TM,True,SF,45.0,24.0,1218.0,27.07,5.2,12.3,0.424,1.5,4.2,0.359,3.7,8.1,0.458,0.485,2.5,3.9,0.622,2.1,5.0,7.1,3.8,1.9,0.9,2.3,3.5,14.3,105.0,119.0,9.6,0.513,0.339,0.322,4.8,11.7,8.2,10.7,1.9,1.8,13.9,14.4,0.0,0.7,0.6,0.025,-2.9,-0.2,-3.2,-0.4
porzikr01,Kristaps Porziņģis,2024-25,29.0,BOS,BOS,False,C,42.0,42.0,1210.0,28.81,11.5,23.8,0.483,4.3,10.4,0.412,7.2,13.4,0.537,0.572,6.7,8.2,0.809,2.8,9.0,11.8,3.6,1.3,2.6,2.2,4.8,33.9,125.0,109.0,22.3,0.618,0.436,0.347,6.1,19.3,12.8,11.4,1.3,4.8,7.4,25.9,3.3,2.0,5.3,0.212,3.5,1.2,4.7,2.1
clarkbr01,Brandon Clarke,2024-25,28.0,MEM,MEM,False,PF,64.0,18.0,1207.0,18.86,9.1,14.6,0.621,0.0,0.7,0.059,9.1,14.0,0.647,0.622,2.3,3.4,0.701,4.9,7.7,12.6,2.5,2.0,1.4,1.6,5.6,20.6,131.0,112.0,17.6,0.638,0.045,0.229,11.3,17.3,14.3,7.4,2.0,2.7,8.9,15.3,2.7,1.7,4.4,0.174,0.0,0.8,0.8,0.9
aytonde01,Deandre Ayton,2024-25,26.0,POR,POR,False,C,40.0,40.0,1206.0,30.15,10.7,18.9,0.566,0.2,1.3,0.188,10.4,17.6,0.594,0.573,1.6,2.4,0.667,5.0,11.4,16.4,2.6,1.2,1.6,2.8,3.5,23.2,115.0,112.0,17.7,0.583,0.068,0.128,10.9,26.0,18.2,8.5,1.2,2.9,12.2,19.4,1.2,1.6,2.8,0.113,-0.3,-0.4,-0.7,0.4
walkeja02,Jarace Walker,2024-25,21.0,IND,IND,False,PF,75.0,5.0,1187.0,15.83,6.9,14.6,0.472,3.0,7.5,0.405,3.8,7.1,0.543,0.576,1.9,2.8,0.667,1.0,8.3,9.3,4.5,2.2,1.0,3.2,4.7,18.7,106.0,112.0,11.9,0.59,0.514,0.192,2.4,19.0,10.8,12.2,2.2,1.9,16.7,17.1,0.1,1.5,1.6,0.065,-1.8,0.8,-0.9,0.3
leonaka01,Kawhi Leonard,2024-25,33.0,LAC,LAC,False,SF,37.0,37.0,1180.0,31.89,12.9,26.0,0.498,3.3,7.9,0.411,9.7,18.1,0.536,0.56,4.1,5.0,0.81,1.5,7.7,9.1,4.8,2.5,0.7,3.0,2.3,33.2,114.0,109.0,20.5,0.589,0.305,0.194,3.4,17.4,10.5,16.4,2.5,1.4,9.6,27.7,1.5,1.9,3.5,0.141,2.5,0.6,3.1,1.5
capelca01,Clint Capela,2024-25,30.0,ATL,ATL,False,C,55.0,41.0,1176.0,21.38,8.7,15.5,0.559,0.0,0.0,0.0,8.7,15.5,0.56,0.559,2.1,3.9,0.536,6.9,11.7,18.7,2.5,1.4,2.1,1.9,4.2,19.4,120.0,113.0,17.7,0.564,0.003,0.249,15.8,28.2,21.8,7.4,1.4,4.1,9.8,16.7,1.7,1.5,3.2,0.131,-0.6,-0.4,-1.0,0.3
martico01,Cody Martin,2024-25,29.0,,2TM,True,SF,53.0,8.0,1173.0,22.13,5.7,13.6,0.418,1.8,6.3,0.285,3.9,7.3,0.534,0.485,1.8,2.6,0.705,2.2,7.2,9.4,4.4,2.4,1.3,2.1,4.0,15.0,106.0,115.0,11.3,0.509,0.465,0.188,4.8,15.9,10.3,13.0,2.4,2.7,12.7,14.7,0.1,1.2,1.3,0.054,-2.8,1.1,-1.7,0.1
willima07,Mark Williams,2024-25,23.0,CHO,CHO,False,C,44.0,41.0,1171.0,26.61,11.3,18.8,0.604,0.0,0.2,0.0,11.3,18.6,0.609,0.604,5.5,6.8,0.804,5.5,13.2,18.8,4.6,1.3,2.3,3.0,4.4,28.2,127.0,111.0,23.9,0.647,0.009,0.365,11.8,29.3,20.3,16.5,1.3,4.5,12.0,21.4,3.1,1.6,4.7,0.195,2.5,0.9,3.5,1.6
achiupr01,Precious Achiuwa,2024-25,25.0,NYK,NYK,False,C,57.0,10.0,1170.0,20.53,7.0,13.9,0.502,0.4,1.5,0.278,6.5,12.3,0.529,0.517,1.7,2.9,0.594,4.3,9.2,13.4,2.3,2.0,1.8,1.9,3.4,16.1,112.0,111.0,13.6,0.53,0.11,0.211,10.0,21.0,15.5,6.2,2.0,3.3,11.2,14.9,0.7,1.7,2.3,0.095,-2.1,0.2,-1.9,0.0
jovicni01,Nikola Jović,2024-25,21.0,MIA,MIA,False,PF,46.0,10.0,1156.0,25.13,7.4,16.3,0.456,3.4,9.1,0.371,4.1,7.2,0.563,0.56,3.1,3.8,0.828,1.1,6.6,7.8,5.7,1.6,0.6,2.6,3.5,21.3,115.0,114.0,13.8,0.595,0.557,0.231,2.5,14.6,8.6,16.6,1.6,1.1,12.6,18.3,1.2,1.3,2.5,0.104,-0.3,0.6,0.3,0.7
edwarju01,Justin Edwards,2024-25,21.0,PHI,PHI,False,SF,44.0,26.0,1155.0,26.25,7.3,16.1,0.455,2.9,8.1,0.363,4.4,8.0,0.548,0.546,1.4,2.0,0.696,2.0,4.4,6.3,2.9,1.9,0.7,2.1,4.2,19.0,109.0,120.0,11.3,0.559,0.503,0.122,4.3,10.4,7.3,8.9,1.9,1.4,11.0,16.9,0.4,0.5,0.9,0.039,-2.1,-1.6,-3.7,-0.5
krejcvi01,Vít Krejčí,2024-25,24.0,ATL,ATL,False,PG,57.0,16.0,1153.0,20.23,5.9,11.8,0.497,3.7,8.4,0.437,2.2,3.5,0.64,0.651,1.3,1.8,0.711,0.9,5.4,6.3,6.0,1.5,1.1,2.0,4.3,16.7,127.0,117.0,12.7,0.661,0.705,0.154,2.0,13.1,7.4,16.5,1.5,2.1,13.8,12.9,1.8,0.8,2.6,0.11,0.0,0.7,0.7,0.8
kuminjo01,Jonathan Kuminga,2024-25,22.0,GSW,GSW,False,PF,47.0,10.0,1144.0,24.34,11.0,24.2,0.454,2.0,6.4,0.305,9.0,17.7,0.508,0.495,6.7,10.0,0.668,2.4,6.8,9.2,4.4,1.6,0.9,3.0,3.8,30.6,108.0,112.0,15.7,0.535,0.266,0.414,5.1,15.6,10.2,14.6,1.6,1.7,9.6,27.4,0.5,1.5,1.9,0.08,-0.5,-0.1,-0.6,0.4
looneke01,Kevon Looney,2024-25,28.0,GSW,GSW,False,C,76.0,6.0,1142.0,15.03,6.1,11.8,0.514,0.1,0.2,0.4,6.0,11.6,0.516,0.518,2.4,4.2,0.566,7.9,11.8,19.7,5.0,2.0,1.6,1.7,6.6,14.7,128.0,108.0,17.0,0.535,0.018,0.356,16.9,26.9,21.8,14.3,2.0,3.1,10.8,13.3,2.2,2.1,4.3,0.182,-1.0,1.3,0.3,0.7
willike04,Kenrich Williams,2024-25,30.0,OKC,OKC,False,PF,69.0,7.0,1132.0,16.41,7.3,15.0,0.483,2.8,7.3,0.386,4.5,7.8,0.574,0.576,1.2,1.7,0.718,2.8,7.5,10.2,4.1,1.8,0.4,1.7,4.7,18.5,122.0,109.0,13.7,0.587,0.483,0.11,6.3,16.3,11.4,11.0,1.8,0.9,9.5,15.4,1.6,1.9,3.6,0.151,-0.4,0.9,0.6,0.7
phillju01,Julian Phillips,2024-25,21.0,CHI,CHI,False,SF,79.0,5.0,1123.0,14.22,5.3,11.9,0.446,2.1,6.4,0.327,3.2,5.6,0.582,0.533,2.5,3.2,0.789,2.8,4.2,7.0,1.6,1.6,0.8,1.1,4.5,15.2,118.0,117.0,10.2,0.571,0.533,0.265,6.4,9.4,7.9,4.4,1.6,1.5,7.8,12.9,1.0,0.8,1.9,0.08,-2.6,-0.4,-3.0,-0.3
nesmiaa01,Aaron Nesmith,2024-25,25.0,IND,IND,False,SF,45.0,37.0,1122.0,24.93,8.2,16.2,0.507,3.6,8.3,0.431,4.6,7.9,0.587,0.617,3.1,3.4,0.913,1.6,6.0,7.6,2.3,1.5,0.7,1.6,4.9,23.2,124.0,116.0,14.6,0.653,0.515,0.211,3.7,13.9,8.8,6.6,1.5,1.4,8.2,17.4,1.9,1.0,2.9,0.126,0.0,-0.5,-0.5,0.4
bantoda01,Dalano Banton,2024-25,25.0,POR,POR,False,PG,67.0,7.0,1120.0,16.72,8.6,22.0,0.391,3.1,9.6,0.324,5.5,12.4,0.442,0.462,3.9,5.4,0.728,1.3,4.6,5.9,6.9,1.9,1.5,3.7,2.5,24.3,103.0,115.0,12.9,0.497,0.438,0.247,2.8,10.4,6.5,21.5,1.9,2.8,13.3,24.1,-0.3,1.1,0.8,0.033,-0.6,-0.2,-0.8,0.3
simmobe01,Ben Simmons,2024-25,28.0,,2TM,True,PG,51.0,24.0,1120.0,21.96,5.1,9.9,0.52,0.0,0.0,,5.1,9.9,0.52,0.52,1.1,1.5,0.727,2.1,8.6,10.7,12.6,1.7,1.0,4.5,4.7,11.3,110.0,113.0,12.4,0.539,0.0,0.148,4.6,20.3,12.2,37.0,1.7,2.0,30.0,13.2,0.5,1.3,1.8,0.078,-2.3,1.8,-0.5,0.4
walteja01,Ja'Kobe Walter,2024-25,20.0,TOR,TOR,False,SG,52.0,18.0,1103.0,21.21,6.9,17.2,0.405,2.8,8.1,0.349,4.1,9.0,0.454,0.487,2.9,3.6,0.795,2.6,4.4,7.0,3.5,1.9,0.4,2.2,4.1,19.6,108.0,116.0,10.8,0.523,0.473,0.211,5.6,10.1,7.8,10.2,1.9,0.9,10.4,18.2,0.3,0.9,1.2,0.052,-2.3,-0.6,-3.0,-0.3
hayesja02,Jaxson Hayes,2024-25,24.0,LAL,LAL,False,C,56.0,35.0,1093.0,19.52,7.2,10.0,0.722,0.0,0.1,0.0,7.2,9.9,0.732,0.722,2.7,4.4,0.622,3.5,8.6,12.1,2.6,1.4,2.3,1.9,6.1,17.2,135.0,112.0,15.8,0.72,0.013,0.439,8.3,19.1,13.9,7.5,1.4,4.4,13.9,12.4,2.3,1.4,3.7,0.162,-1.6,1.3,-0.3,0.5
payneca01,Cameron Payne,2024-25,30.0,NYK,NYK,False,PG,72.0,5.0,1090.0,15.14,8.1,20.3,0.401,4.2,11.7,0.363,3.9,8.6,0.453,0.506,2.2,2.5,0.907,0.6,4.1,4.7,9.2,1.8,0.7,2.4,5.1,22.8,115.0,116.0,13.8,0.532,0.574,0.121,1.5,9.4,5.5,25.5,1.8,1.4,10.0,20.8,1.3,1.0,2.3,0.099,-0.1,-0.2,-0.2,0.5
isaacjo01,Jonathan Isaac,2024-25,27.0,ORL,ORL,False,PF,71.0,1.0,1090.0,15.35,6.1,14.8,0.414,1.8,6.9,0.258,4.4,7.9,0.549,0.474,3.3,4.9,0.682,5.5,8.9,14.4,1.8,2.8,3.7,1.5,4.1,17.4,113.0,103.0,16.6,0.512,0.466,0.33,12.0,21.5,16.5,5.5,2.8,7.0,8.2,16.2,0.8,2.5,3.4,0.148,-1.1,1.8,0.7,0.7
jeffrda01,DaQuan Jeffries,2024-25,27.0,CHO,CHO,False,SG,47.0,20.0,1071.0,22.79,5.4,13.4,0.405,2.5,7.5,0.335,2.9,5.8,0.496,0.5,1.1,1.4,0.8,1.7,4.5,6.2,2.4,1.2,1.1,1.6,4.5,14.5,105.0,119.0,7.9,0.518,0.564,0.103,3.6,10.0,6.7,7.2,1.2,2.3,10.3,13.5,0.0,0.6,0.6,0.027,-4.0,-0.7,-4.7,-0.7
nurkiju01,Jusuf Nurkić,2024-25,30.0,,2TM,True,C,51.0,32.0,1063.0,20.84,7.8,16.3,0.477,1.5,4.9,0.305,6.3,11.5,0.551,0.523,3.9,5.9,0.664,3.9,14.5,18.5,5.3,1.9,1.6,4.5,6.0,21.0,105.0,112.0,15.2,0.555,0.298,0.364,8.8,32.0,20.5,16.8,1.9,3.1,19.2,20.6,0.0,1.5,1.5,0.066,-2.2,0.9,-1.3,0.2
curryse01,Seth Curry,2024-25,34.0,CHO,CHO,False,SG,68.0,14.0,1062.0,15.62,7.6,15.9,0.478,3.8,8.4,0.456,3.8,7.5,0.503,0.599,1.5,1.8,0.846,1.1,4.1,5.2,2.8,1.3,0.3,1.5,2.7,20.6,120.0,120.0,12.2,0.616,0.531,0.114,2.4,9.1,5.7,8.8,1.3,0.6,8.2,15.7,1.3,0.5,1.8,0.08,-0.8,-0.9,-1.7,0.1
willico04,Cody Williams,2024-25,20.0,UTA,UTA,False,SG,50.0,21.0,1060.0,21.2,3.8,11.6,0.323,1.6,6.1,0.259,2.2,5.5,0.393,0.391,1.3,1.8,0.725,1.2,3.9,5.1,2.7,1.0,0.7,2.0,4.3,10.4,89.0,123.0,3.7,0.419,0.525,0.156,2.8,8.7,5.7,7.4,1.0,1.4,13.8,12.5,-1.2,0.1,-1.2,-0.053,-6.1,-1.2,-7.3,-1.4
okorois01,Isaac Okoro,2024-25,24.0,CLE,CLE,False,SG,55.0,22.0,1053.0,19.15,5.7,12.2,0.464,2.6,6.9,0.371,3.1,5.3,0.586,0.569,1.5,2.1,0.717,2.2,3.7,5.9,3.1,1.5,0.7,1.1,4.8,15.4,125.0,115.0,10.7,0.587,0.566,0.172,5.2,8.1,6.7,8.0,1.5,1.4,7.4,12.5,1.5,1.0,2.5,0.115,-1.1,0.6,-0.5,0.4
ighodos01,Oso Ighodaro,2024-25,22.0,PHO,PHO,False,PF,61.0,6.0,1045.0,17.13,5.3,8.9,0.604,0.0,0.1,0.0,5.3,8.8,0.611,0.604,1.4,2.4,0.58,3.1,7.4,10.5,3.4,1.3,1.4,1.8,4.8,12.1,121.0,119.0,11.1,0.61,0.011,0.267,7.2,16.2,11.9,9.1,1.3,2.6,15.7,10.5,1.1,0.6,1.6,0.075,-2.9,0.3,-2.6,-0.2
butleja02,Jared Butler,2024-25,24.0,,2TM,True,SG,60.0,17.0,1044.0,17.4,9.5,21.1,0.448,2.8,7.9,0.355,6.7,13.2,0.504,0.514,3.5,4.2,0.824,1.2,4.0,5.1,10.3,2.0,0.6,3.7,4.5,25.2,112.0,120.0,15.6,0.549,0.373,0.201,2.5,9.3,5.8,33.8,2.0,1.2,14.0,23.6,1.0,0.4,1.4,0.063,0.5,-1.5,-1.0,0.3
battlja01,Jamison Battle,2024-25,23.0,TOR,TOR,False,SF,59.0,10.0,1042.0,17.66,6.9,16.0,0.429,4.9,12.0,0.405,2.0,4.1,0.5,0.581,0.7,0.8,0.889,1.7,5.6,7.3,2.4,0.8,0.5,1.2,4.3,19.4,118.0,118.0,10.7,0.59,0.746,0.052,3.7,12.8,8.1,7.1,0.8,0.9,7.1,15.3,1.0,0.7,1.7,0.079,-0.9,-1.3,-2.3,-0.1
clownno01,Noah Clowney,2024-25,20.0,BRK,BRK,False,PF,46.0,20.0,1042.0,22.65,6.4,17.8,0.358,4.2,12.5,0.333,2.2,5.3,0.414,0.474,3.2,3.8,0.838,2.1,6.6,8.6,1.9,1.1,1.0,2.2,5.0,20.1,102.0,117.0,9.2,0.516,0.702,0.215,4.5,15.8,9.9,5.9,1.1,2.0,10.2,19.0,-0.3,0.8,0.5,0.023,-3.1,-1.0,-4.1,-0.5
carusal01,Alex Caruso,2024-25,30.0,OKC,OKC,False,SG,54.0,3.0,1041.0,19.28,6.5,14.5,0.446,2.8,7.8,0.353,3.7,6.6,0.556,0.541,1.9,2.4,0.824,1.8,5.6,7.3,6.3,4.0,1.4,1.7,4.7,17.6,122.0,104.0,15.9,0.568,0.541,0.162,4.0,12.2,8.2,16.6,4.0,2.9,9.9,15.2,1.6,2.3,3.9,0.18,0.1,3.9,4.0,1.6
murrakr01,Kris Murray,2024-25,24.0,POR,POR,False,SF,69.0,6.0,1040.0,15.07,5.5,13.0,0.419,1.3,5.6,0.225,4.2,7.4,0.566,0.468,1.2,2.7,0.456,3.6,5.0,8.5,3.2,1.6,0.8,2.0,3.1,13.4,103.0,116.0,9.1,0.472,0.43,0.204,7.7,11.3,9.5,9.0,1.6,1.5,12.4,13.9,-0.2,0.9,0.7,0.033,-3.1,0.1,-3.0,-0.3
murrade01,Dejounte Murray,2024-25,28.0,NOP,NOP,False,PG,31.0,31.0,1012.0,32.65,9.3,23.6,0.393,2.5,8.3,0.299,6.8,15.3,0.444,0.445,4.9,5.9,0.823,0.8,8.8,9.6,10.9,3.0,0.6,5.1,2.9,25.9,101.0,116.0,15.4,0.494,0.352,0.251,1.8,20.1,10.7,34.6,3.0,1.1,16.2,27.3,-0.7,0.9,0.2,0.009,-1.3,-0.3,-1.6,0.1
suggsja01,Jalen Suggs,2024-25,23.0,ORL,ORL,False,PG,35.0,35.0,1002.0,28.63,9.8,24.0,0.41,3.8,12.1,0.314,6.0,11.9,0.506,0.489,4.8,5.5,0.882,1.1,5.9,7.0,6.4,2.5,1.6,5.1,4.9,28.3,101.0,108.0,14.4,0.536,0.503,0.229,2.5,14.2,8.1,21.6,2.5,3.2,16.2,27.5,-0.7,1.8,1.1,0.052,-0.8,1.3,0.4,0.6
anderky01,Kyle Anderson,2024-25,31.0,,2TM,True,PF,61.0,4.0,1002.0,16.43,7.0,14.9,0.469,1.2,3.4,0.357,5.7,11.4,0.502,0.51,2.4,3.2,0.738,2.6,7.5,10.1,7.1,2.0,1.6,1.8,4.0,17.5,119.0,111.0,15.1,0.538,0.231,0.215,5.7,16.8,11.2,20.7,2.0,3.1,10.0,15.9,1.3,1.5,2.8,0.135,-0.6,2.2,1.5,0.9
bostobr01,Brandon Boston Jr.,2024-25,23.0,NOP,NOP,False,SG,42.0,10.0,993.0,23.64,8.1,18.6,0.436,2.4,6.8,0.35,5.7,11.8,0.485,0.5,3.3,4.1,0.788,1.4,5.2,6.5,4.5,2.6,0.4,2.5,3.6,21.9,107.0,120.0,12.7,0.535,0.367,0.223,3.0,11.9,7.3,13.7,2.6,0.9,11.1,20.0,0.2,0.5,0.7,0.033,-2.3,-0.2,-2.5,-0.1
terryda01,Dalen Terry,2024-25,22.0,CHI,CHI,False,SG,73.0,5.0,987.0,13.52,5.7,12.7,0.448,1.7,4.9,0.356,3.9,7.8,0.506,0.517,2.3,3.3,0.71,1.8,4.1,5.9,4.6,2.1,0.7,2.5,5.4,15.4,108.0,116.0,9.6,0.546,0.388,0.257,4.1,9.0,6.6,12.7,2.1,1.3,15.1,14.9,0.2,0.8,1.1,0.052,-4.0,0.2,-3.8,-0.5
jacksan01,Andre Jackson Jr.,2024-25,23.0,MIL,MIL,False,SG,67.0,43.0,980.0,14.63,4.6,9.7,0.477,1.5,3.7,0.395,3.2,6.0,0.529,0.553,0.6,1.2,0.5,3.2,5.8,9.0,4.1,1.7,0.7,2.9,5.6,11.3,107.0,114.0,8.6,0.554,0.386,0.122,7.5,12.5,10.1,10.9,1.7,1.3,21.8,11.9,0.1,1.0,1.2,0.059,-3.6,0.2,-3.4,-0.3
colliza01,Zach Collins,2024-25,27.0,,2TM,True,PF,64.0,12.0,977.0,15.27,7.4,14.6,0.507,1.6,5.1,0.302,5.9,9.5,0.617,0.56,3.3,3.8,0.885,4.9,9.0,14.0,5.4,1.4,1.4,2.9,6.4,19.7,122.0,115.0,16.0,0.605,0.351,0.258,11.1,19.9,15.6,15.6,1.4,2.6,15.1,17.1,1.7,1.0,2.7,0.132,-0.8,0.8,0.0,0.5
jackstr02,Trayce Jackson-Davis,2024-25,24.0,GSW,GSW,False,C,62.0,37.0,967.0,15.6,8.8,15.2,0.576,0.0,0.2,0.0,8.8,15.0,0.582,0.576,3.0,5.1,0.578,6.1,9.5,15.6,5.2,1.2,1.9,2.3,3.7,20.5,125.0,111.0,18.5,0.587,0.01,0.338,13.2,21.7,17.3,16.1,1.2,3.7,11.5,17.1,1.9,1.4,3.4,0.167,0.3,0.9,1.2,0.8
bryanth01,Thomas Bryant,2024-25,27.0,,2TM,True,C,66.0,8.0,963.0,14.59,8.2,16.1,0.508,2.4,7.4,0.324,5.8,8.7,0.665,0.583,2.8,3.2,0.859,4.2,8.4,12.6,2.7,1.4,2.1,1.5,3.8,21.5,125.0,113.0,17.2,0.614,0.461,0.199,9.7,19.2,14.5,7.6,1.4,3.9,7.9,17.1,1.8,1.2,3.1,0.152,0.7,0.0,0.6,0.6
smithja04,Jalen Smith,2024-25,24.0,CHI,CHI,False,C,64.0,2.0,962.0,15.03,9.2,19.8,0.466,3.5,10.8,0.324,5.7,9.0,0.634,0.554,3.5,4.3,0.809,4.3,13.0,17.3,3.2,0.8,2.1,1.8,4.6,25.4,120.0,112.0,18.7,0.586,0.544,0.218,9.9,28.7,19.5,9.7,0.8,4.0,7.6,21.0,1.7,1.3,2.9,0.146,1.5,-0.6,0.9,0.7
clarkjo01,Jordan Clarkson,2024-25,32.0,UTA,UTA,False,SG,37.0,9.0,962.0,26.0,10.0,24.6,0.408,4.2,11.6,0.362,5.8,13.0,0.448,0.493,5.7,7.1,0.797,1.2,4.6,5.9,6.9,1.5,0.4,4.3,2.6,29.9,107.0,122.0,14.5,0.54,0.471,0.29,2.8,10.4,6.6,22.9,1.5,0.9,13.4,27.8,0.2,0.2,0.4,0.021,0.6,-2.1,-1.5,0.1
paytoga02,Gary Payton II,2024-25,32.0,GSW,GSW,False,SG,62.0,11.0,927.0,14.95,9.0,15.6,0.574,1.6,5.0,0.326,7.3,10.7,0.69,0.626,1.4,2.0,0.711,2.8,6.9,9.7,4.4,2.7,0.9,2.0,5.7,21.0,124.0,110.0,16.2,0.635,0.319,0.128,6.0,15.8,10.7,13.5,2.7,1.7,11.0,16.1,1.5,1.5,3.0,0.155,-0.5,2.0,1.4,0.8
millebr02,Brandon Miller,2024-25,22.0,CHO,CHO,False,SF,27.0,27.0,924.0,34.22,10.5,26.1,0.403,5.5,15.6,0.355,5.0,10.5,0.475,0.509,3.6,4.2,0.861,1.3,5.6,7.0,5.2,1.5,1.1,4.0,3.9,30.2,104.0,117.0,14.0,0.54,0.597,0.161,2.8,12.5,7.6,18.3,1.5,2.1,12.6,27.7,-0.2,0.7,0.4,0.023,0.8,-0.8,0.0,0.4
brownbr01,Bruce Brown,2024-25,28.0,,2TM,True,PG,41.0,12.0,922.0,22.49,6.8,16.2,0.421,1.4,4.2,0.333,5.4,11.9,0.452,0.464,2.8,3.4,0.815,2.1,6.5,8.6,4.4,1.8,0.5,2.0,3.7,17.8,107.0,118.0,10.9,0.504,0.262,0.21,4.5,14.9,9.6,12.8,1.8,1.0,10.4,17.2,0.1,0.6,0.7,0.035,-3.2,-0.6,-3.8,-0.4
quickim01,Immanuel Quickley,2024-25,25.0,TOR,TOR,False,PG,33.0,33.0,918.0,27.82,9.6,23.0,0.42,4.5,11.8,0.378,5.2,11.2,0.465,0.517,5.8,6.7,0.867,0.8,5.3,6.1,10.0,1.2,0.2,3.0,3.2,29.6,119.0,117.0,17.5,0.57,0.514,0.292,1.8,12.1,6.8,31.5,1.2,0.4,10.5,25.1,1.8,0.6,2.5,0.128,3.2,-1.0,2.2,1.0
watfotr01,Trendon Watford,2024-25,24.0,BRK,BRK,False,PF,44.0,6.0,913.0,20.75,8.9,19.1,0.469,1.6,4.8,0.33,7.4,14.3,0.515,0.51,5.1,6.7,0.762,2.0,6.7,8.7,6.3,1.5,0.7,4.5,5.2,24.5,105.0,116.0,13.0,0.557,0.251,0.349,4.4,16.0,9.9,21.0,1.5,1.3,17.1,23.3,0.0,0.8,0.7,0.038,-2.3,-0.8,-3.1,-0.3
martike04,KJ Martin,2024-25,24.0,,2TM,True,PF,43.0,16.0,912.0,21.21,5.9,10.7,0.552,0.8,3.1,0.259,5.1,7.6,0.671,0.59,2.0,2.5,0.787,1.6,5.1,6.7,2.6,0.9,1.2,1.3,5.4,14.6,124.0,122.0,10.2,0.618,0.289,0.234,3.6,11.8,7.6,7.4,0.9,2.3,9.8,11.5,1.1,0.2,1.3,0.068,-3.2,-0.3,-3.6,-0.4
sharpda01,Day'Ron Sharpe,2024-25,23.0,BRK,BRK,False,C,50.0,2.0,908.0,18.16,9.1,17.4,0.521,0.6,2.5,0.244,8.5,14.9,0.566,0.538,3.1,4.1,0.757,8.2,9.9,18.1,5.0,2.3,2.3,3.5,6.2,21.8,117.0,111.0,19.7,0.568,0.142,0.233,17.8,23.8,20.7,16.8,2.3,4.6,15.3,19.9,1.3,1.4,2.7,0.141,0.0,0.9,0.9,0.7
hardyja02,Jaden Hardy,2024-25,22.0,DAL,DAL,False,SG,57.0,3.0,907.0,15.91,9.6,22.1,0.435,4.1,10.5,0.386,5.5,11.6,0.479,0.527,3.2,4.6,0.698,0.5,4.3,4.7,4.3,1.5,0.3,4.4,4.8,26.5,99.0,119.0,10.4,0.549,0.476,0.208,1.1,9.4,5.3,13.2,1.5,0.5,15.4,25.3,-0.8,0.5,-0.3,-0.016,-2.8,-1.9,-4.7,-0.6
bonaad01,Adem Bona,2024-25,21.0,PHI,PHI,False,C,58.0,11.0,905.0,15.6,7.4,10.5,0.703,0.0,0.1,0.0,7.4,10.4,0.707,0.703,3.6,5.4,0.67,5.0,8.3,13.3,1.5,1.4,3.8,3.3,6.8,18.4,123.0,115.0,16.5,0.714,0.005,0.521,11.1,19.9,15.3,4.4,1.4,7.5,20.5,14.3,1.4,0.9,2.3,0.121,-2.9,0.2,-2.7,-0.2
jonestr01,Tre Jones,2024-25,25.0,,2TM,True,PG,46.0,9.0,905.0,19.67,6.7,12.5,0.538,1.0,2.5,0.396,5.7,10.0,0.574,0.578,2.9,3.5,0.821,1.6,4.5,6.1,10.1,1.9,0.5,1.8,2.9,17.3,134.0,118.0,16.3,0.617,0.202,0.282,3.7,9.9,6.8,28.6,1.9,1.0,11.6,14.1,2.3,0.6,2.9,0.155,0.5,1.0,1.5,0.8
iveyja01,Jaden Ivey,2024-25,22.0,DET,DET,False,SG,30.0,30.0,898.0,29.93,10.2,22.1,0.46,3.4,8.2,0.409,6.8,13.9,0.49,0.536,4.6,6.2,0.733,2.1,4.5,6.6,6.4,1.5,0.6,4.8,3.6,28.3,108.0,115.0,14.7,0.569,0.373,0.281,5.0,10.3,7.6,19.7,1.5,1.2,16.1,26.0,0.3,0.8,1.2,0.062,0.8,-0.8,0.0,0.5
olynyke01,Kelly Olynyk,2024-25,33.0,,2TM,True,C,44.0,22.0,891.0,20.25,7.3,14.5,0.5,1.8,4.3,0.418,5.5,10.2,0.534,0.562,4.5,5.9,0.769,3.4,7.8,11.2,6.9,1.8,1.0,4.1,6.7,20.8,115.0,116.0,14.9,0.609,0.295,0.403,7.3,17.9,12.4,20.5,1.8,2.0,19.4,18.5,1.0,0.7,1.7,0.092,-1.1,0.4,-0.7,0.3
holmgch01,Chet Holmgren,2024-25,22.0,OKC,OKC,False,C,32.0,32.0,877.0,27.41,9.1,18.7,0.49,2.4,6.3,0.379,6.7,12.3,0.547,0.554,5.5,7.3,0.754,2.6,11.4,14.1,3.4,1.3,3.9,3.1,3.9,26.2,116.0,103.0,19.2,0.599,0.34,0.393,6.0,25.0,15.7,9.7,1.3,8.2,12.3,22.0,1.1,2.0,3.2,0.173,0.5,1.9,2.4,1.0
quetane01,Neemias Queta,2024-25,25.0,BOS,BOS,False,C,62.0,6.0,863.0,13.92,7.7,11.8,0.65,0.0,0.2,0.0,7.7,11.6,0.66,0.65,2.7,3.5,0.754,5.2,8.5,13.7,2.6,1.0,2.4,2.3,6.2,18.0,132.0,110.0,16.3,0.674,0.015,0.3,11.2,18.5,14.9,7.4,1.0,4.5,14.8,13.7,1.8,1.4,3.2,0.179,-1.7,1.0,-0.7,0.3
burksal01,Alec Burks,2024-25,33.0,MIA,MIA,False,SG,49.0,14.0,863.0,17.61,6.6,15.7,0.424,5.1,12.0,0.425,1.6,3.7,0.422,0.587,2.2,2.8,0.776,0.9,6.3,7.2,3.2,1.6,0.4,1.7,2.1,20.6,117.0,114.0,12.8,0.608,0.764,0.181,1.9,13.8,7.9,9.1,1.6,0.8,9.0,16.5,0.9,0.9,1.8,0.1,0.0,0.3,0.3,0.5
bouchch01,Chris Boucher,2024-25,32.0,TOR,TOR,False,PF,50.0,0.0,862.0,17.24,10.2,20.7,0.492,3.9,10.8,0.363,6.3,9.9,0.633,0.586,3.8,4.9,0.782,3.9,8.6,12.5,1.8,1.3,1.4,1.6,3.8,28.0,123.0,114.0,18.7,0.615,0.522,0.235,8.5,19.6,13.9,5.9,1.3,2.8,6.6,21.2,1.7,1.0,2.7,0.148,2.9,-0.6,2.3,0.9
willizi01,Zion Williamson,2024-25,24.0,NOP,NOP,False,PF,30.0,30.0,857.0,28.57,16.3,28.7,0.567,0.2,0.7,0.231,16.1,28.0,0.576,0.57,8.9,13.6,0.656,4.3,7.9,12.2,9.0,2.1,1.5,5.1,4.6,41.7,117.0,118.0,27.3,0.6,0.026,0.474,9.3,18.2,13.6,36.6,2.1,3.0,12.8,34.7,1.9,0.6,2.5,0.141,5.9,1.0,7.0,1.9
middlkh01,Khris Middleton,2024-25,33.0,,2TM,True,SF,37.0,21.0,843.0,22.78,9.1,19.2,0.475,2.7,7.6,0.361,6.4,11.6,0.549,0.546,4.1,4.8,0.857,0.7,7.1,7.8,8.6,2.0,0.5,3.2,4.3,25.1,117.0,115.0,16.7,0.588,0.395,0.249,1.7,15.4,8.7,26.8,2.0,0.9,13.0,22.0,1.2,0.8,2.0,0.116,0.4,0.3,0.7,0.6
simpskj01,KJ Simpson,2024-25,22.0,CHO,CHO,False,PG,36.0,15.0,842.0,23.39,6.1,17.6,0.346,1.9,7.6,0.254,4.1,10.0,0.415,0.4,2.4,2.9,0.82,2.3,4.1,6.4,6.5,2.0,0.4,3.3,3.3,16.5,95.0,118.0,8.3,0.437,0.432,0.166,4.8,9.0,6.9,19.8,2.0,0.7,14.8,19.1,-1.0,0.5,-0.4,-0.025,-4.5,-0.9,-5.4,-0.7
miltosh01,Shake Milton,2024-25,28.0,,2TM,True,SG,57.0,2.0,837.0,14.68,6.8,15.0,0.453,2.2,6.3,0.358,4.6,8.8,0.52,0.528,2.8,3.5,0.797,1.8,4.3,6.2,6.0,1.5,0.2,2.4,4.0,18.6,115.0,118.0,11.9,0.563,0.417,0.232,4.2,9.9,7.0,18.3,1.5,0.5,12.5,16.7,0.8,0.5,1.3,0.077,-1.7,-0.5,-2.2,0.0
livelde01,Dereck Lively II,2024-25,20.0,DAL,DAL,False,C,36.0,29.0,833.0,23.14,7.8,11.1,0.702,0.0,0.0,,7.8,11.1,0.702,0.702,2.7,4.2,0.63,6.0,9.6,15.7,4.9,1.2,3.3,2.4,5.8,18.2,138.0,113.0,20.1,0.704,0.0,0.382,13.9,21.3,17.7,14.3,1.2,5.7,15.5,13.6,2.4,1.0,3.4,0.199,1.1,2.2,3.3,1.1
mathega01,Garrison Mathews,2024-25,28.0,ATL,ATL,False,SG,47.0,2.0,830.0,17.66,5.7,14.5,0.397,4.8,12.3,0.39,1.0,2.2,0.436,0.562,3.6,4.4,0.821,0.7,4.2,4.9,3.4,1.5,0.8,1.7,4.6,19.9,119.0,118.0,11.2,0.606,0.848,0.304,1.7,10.0,5.7,9.3,1.5,1.7,9.6,15.9,1.0,0.5,1.5,0.087,-1.1,-0.5,-1.6,0.1
whitmca01,Cam Whitmore,2024-25,20.0,HOU,HOU,False,SF,51.0,3.0,827.0,16.22,10.5,23.7,0.444,3.8,10.8,0.355,6.7,12.9,0.518,0.525,3.2,4.2,0.75,2.1,6.8,8.9,2.9,1.8,0.8,2.7,2.6,28.1,112.0,111.0,15.5,0.549,0.454,0.179,4.5,15.1,9.7,8.9,1.8,1.4,9.6,23.9,0.6,1.2,1.8,0.106,0.7,-0.4,0.3,0.5
rolliry01,Ryan Rollins,2024-25,22.0,MIL,MIL,False,PG,56.0,19.0,820.0,14.64,7.8,16.0,0.487,2.9,7.1,0.408,4.9,8.9,0.55,0.577,2.1,2.7,0.8,1.2,5.1,6.4,6.1,2.5,1.0,3.1,5.2,20.6,113.0,112.0,14.0,0.6,0.443,0.166,2.9,11.1,7.2,17.8,2.5,1.9,15.4,18.4,0.7,1.0,1.7,0.101,-1.4,0.9,-0.5,0.3
sassema01,Marcus Sasser,2024-25,24.0,DET,DET,False,PG,57.0,1.0,811.0,14.23,8.1,17.6,0.463,3.4,9.0,0.382,4.7,8.5,0.549,0.561,2.5,3.0,0.843,1.1,3.0,4.1,7.9,2.2,0.2,3.2,4.3,22.2,117.0,115.0,14.0,0.589,0.514,0.172,2.5,6.9,4.7,22.9,2.2,0.5,14.5,19.4,1.0,0.8,1.8,0.108,-0.4,-0.2,-0.6,0.3
adamsst01,Steven Adams,2024-25,31.0,HOU,HOU,False,C,58.0,3.0,794.0,13.69,5.6,10.2,0.545,0.0,0.1,0.0,5.6,10.1,0.552,0.545,2.6,5.7,0.462,10.2,9.9,20.0,4.0,1.3,1.7,3.3,3.7,13.8,118.0,109.0,16.6,0.541,0.012,0.557,21.8,22.0,21.9,10.9,1.3,3.2,20.6,13.6,1.0,1.3,2.3,0.137,0.0,0.3,0.3,0.5
holidaa01,Aaron Holiday,2024-25,28.0,HOU,HOU,False,PG,62.0,3.0,792.0,12.77,7.2,16.5,0.437,4.4,11.1,0.398,2.8,5.3,0.517,0.571,2.1,2.5,0.829,0.8,4.0,4.8,5.1,1.2,0.7,2.3,3.9,20.9,121.0,114.0,12.2,0.594,0.675,0.153,1.7,8.9,5.2,14.3,1.2,1.2,11.5,16.8,1.2,0.8,2.0,0.122,-0.4,0.1,-0.2,0.3
matkoka01,Karlo Matković,2024-25,23.0,NOP,NOP,False,PF,42.0,7.0,791.0,18.83,8.3,14.4,0.574,1.3,4.0,0.318,7.0,10.3,0.675,0.619,2.1,2.7,0.773,3.9,8.9,12.8,2.8,1.3,2.5,2.6,6.5,19.9,120.0,117.0,15.6,0.639,0.281,0.187,8.5,20.4,14.2,8.6,1.3,5.0,14.5,15.9,1.0,0.6,1.6,0.096,-1.9,-0.2,-2.0,0.0
houstca01,Caleb Houstan,2024-25,22.0,ORL,ORL,False,SF,58.0,6.0,788.0,13.59,5.1,12.0,0.421,4.1,10.1,0.4,1.0,1.9,0.533,0.589,1.0,1.1,0.882,1.2,3.5,4.8,2.2,1.4,0.4,0.8,3.9,15.1,123.0,114.0,9.4,0.605,0.842,0.089,2.6,8.6,5.5,6.4,1.4,0.7,6.2,11.7,0.9,0.9,1.8,0.109,-2.4,0.2,-2.2,0.0
micicva01,Vasilije Micić,2024-25,31.0,,2TM,True,PG,41.0,16.0,785.0,19.15,6.0,17.1,0.348,2.8,7.8,0.36,3.1,9.3,0.338,0.43,2.1,2.6,0.829,1.3,4.3,5.6,8.0,0.9,0.0,4.8,2.8,16.9,92.0,121.0,6.5,0.462,0.458,0.15,2.7,9.6,6.0,24.3,0.9,0.0,20.9,19.9,-1.2,0.2,-1.0,-0.06,-4.6,-2.4,-7.0,-1.0
willija07,Jaylin Williams,2024-25,22.0,OKC,OKC,False,PF,47.0,9.0,784.0,16.68,5.9,13.5,0.439,3.7,9.4,0.399,2.2,4.2,0.529,0.577,1.4,1.8,0.767,2.9,13.1,16.0,7.3,1.3,1.8,2.1,4.8,17.0,127.0,104.0,16.4,0.594,0.692,0.136,6.7,28.7,17.9,19.0,1.3,3.7,13.0,14.6,1.5,1.7,3.3,0.199,1.5,2.7,4.3,1.2
larsspe01,Pelle Larsson,2024-25,23.0,MIA,MIA,False,SG,55.0,8.0,782.0,14.22,5.7,12.9,0.438,2.0,6.1,0.337,3.6,6.9,0.528,0.517,2.6,3.9,0.672,1.8,4.1,5.9,4.1,2.0,0.4,1.5,5.8,16.0,114.0,114.0,10.2,0.546,0.468,0.3,4.0,9.0,6.5,11.6,2.0,0.9,9.5,14.4,0.6,0.8,1.4,0.086,-3.8,0.7,-3.1,-0.2
thomaca02,Cam Thomas,2024-25,23.0,BRK,BRK,False,SG,25.0,23.0,781.0,31.24,12.7,28.9,0.438,4.3,12.4,0.349,8.4,16.5,0.506,0.513,8.5,9.6,0.881,1.0,4.3,5.3,6.0,1.0,0.1,4.0,2.8,38.2,111.0,120.0,18.0,0.575,0.43,0.333,2.1,10.4,6.0,22.9,1.0,0.3,10.6,32.6,0.8,0.4,1.2,0.071,2.8,-2.6,0.3,0.5
waterli01,Lindy Waters III,2024-25,27.0,,2TM,True,SG,52.0,9.0,778.0,14.96,5.7,15.5,0.369,4.0,11.6,0.344,1.7,3.9,0.444,0.498,0.5,0.7,0.727,1.2,5.6,6.9,3.2,1.7,0.7,1.2,3.9,16.0,107.0,113.0,8.8,0.504,0.747,0.044,2.7,12.8,7.6,9.1,1.7,1.3,7.3,14.8,0.1,0.9,1.0,0.062,-3.0,0.2,-2.8,-0.2
balllo01,Lonzo Ball,2024-25,27.0,CHI,CHI,False,PG,35.0,14.0,777.0,22.2,5.3,14.6,0.366,4.0,11.7,0.344,1.3,2.9,0.458,0.504,1.3,1.6,0.815,1.5,5.6,7.1,6.9,2.8,1.0,2.5,3.3,16.0,110.0,113.0,12.2,0.524,0.802,0.111,3.4,12.3,8.0,18.9,2.8,1.9,13.9,15.9,0.3,0.9,1.2,0.075,-1.5,1.7,0.2,0.4
robinor01,Orlando Robinson,2024-25,24.0,,2TM,True,C,44.0,8.0,770.0,17.5,7.3,16.3,0.444,1.1,3.3,0.327,6.2,13.1,0.474,0.477,3.4,4.4,0.771,5.6,8.2,13.8,4.8,1.1,1.0,3.1,6.3,19.0,110.0,115.0,12.9,0.519,0.199,0.268,12.1,18.7,15.4,14.0,1.1,2.0,14.4,18.5,0.4,0.8,1.2,0.072,-3.0,-0.4,-3.4,-0.3
gordoer01,Eric Gordon,2024-25,36.0,PHI,PHI,False,SG,39.0,13.0,768.0,19.69,5.6,13.1,0.426,3.6,8.8,0.409,2.0,4.3,0.463,0.564,2.3,3.1,0.75,0.5,2.4,3.0,4.2,1.7,0.8,1.8,2.1,17.1,116.0,122.0,10.8,0.591,0.672,0.235,1.1,5.8,3.4,12.0,1.7,1.5,11.1,14.4,0.7,0.2,0.9,0.053,-0.8,-0.8,-1.6,0.1
santogu01,Gui Santos,2024-25,22.0,GSW,GSW,False,PF,56.0,2.0,762.0,13.61,5.2,11.4,0.458,2.2,6.6,0.33,3.1,4.9,0.632,0.553,1.9,2.7,0.69,4.6,6.4,11.0,5.1,1.6,0.6,2.7,5.8,14.5,118.0,113.0,11.7,0.575,0.575,0.235,9.9,14.5,12.1,14.2,1.6,1.2,17.5,13.2,0.8,0.9,1.7,0.11,-2.2,0.5,-1.7,0.1
shamela01,Landry Shamet,2024-25,27.0,NYK,NYK,False,SG,50.0,0.0,762.0,15.24,6.9,15.0,0.461,4.0,10.2,0.397,2.9,4.8,0.595,0.596,0.8,1.2,0.667,0.7,3.3,4.0,1.8,1.5,0.1,1.4,3.4,18.6,114.0,118.0,9.7,0.601,0.678,0.078,1.7,7.5,4.6,4.7,1.5,0.2,8.5,14.8,0.5,0.5,1.0,0.065,-1.9,-0.6,-2.4,-0.1
mykhasv01,Svi Mykhailiuk,2024-25,27.0,UTA,UTA,False,SF,38.0,13.0,760.0,20.0,7.5,19.1,0.391,4.4,12.8,0.345,3.0,6.3,0.485,0.507,1.8,2.2,0.8,1.4,4.3,5.7,4.8,1.2,0.4,3.3,2.7,21.1,103.0,123.0,9.8,0.526,0.672,0.116,3.1,9.6,6.4,14.7,1.2,0.9,14.1,20.3,-0.2,0.1,-0.1,-0.009,-1.4,-2.1,-3.5,-0.3
drumman01,Andre Drummond,2024-25,31.0,PHI,PHI,False,C,40.0,23.0,751.0,18.77,7.7,15.4,0.5,0.2,1.3,0.15,7.5,14.0,0.533,0.506,3.7,5.9,0.622,7.2,13.2,20.4,2.2,2.6,1.2,3.6,6.2,19.2,108.0,112.0,16.0,0.535,0.085,0.385,15.8,31.6,23.4,6.8,2.6,2.4,16.7,19.1,0.2,1.0,1.2,0.078,-2.4,-0.8,-3.2,-0.2
walkeja01,Jabari Walker,2024-25,22.0,POR,POR,False,PF,60.0,1.0,749.0,12.48,7.7,14.9,0.515,1.8,4.7,0.389,5.8,10.2,0.573,0.576,3.2,4.6,0.69,3.8,9.9,13.7,2.4,2.1,0.4,2.2,5.6,20.3,120.0,112.0,15.0,0.601,0.314,0.31,8.3,22.6,15.3,7.2,2.1,0.7,11.6,16.3,1.0,1.0,2.0,0.128,-1.2,0.5,-0.8,0.2
huffja01,Jay Huff,2024-25,26.0,MEM,MEM,False,C,64.0,2.0,748.0,11.69,9.8,19.0,0.515,5.0,12.4,0.405,4.7,6.5,0.724,0.648,2.7,3.5,0.786,1.9,6.2,8.0,2.4,1.0,3.5,2.1,4.8,27.3,126.0,112.0,18.2,0.666,0.656,0.184,4.3,13.9,9.1,7.0,1.0,6.9,9.3,19.6,1.6,1.0,2.5,0.162,2.5,1.0,3.5,1.1
eubandr01,Drew Eubanks,2024-25,27.0,,2TM,True,C,61.0,4.0,746.0,12.23,7.4,12.6,0.593,0.2,0.4,0.5,7.2,12.2,0.596,0.601,3.0,4.6,0.662,3.9,10.7,14.6,3.5,0.8,2.5,2.7,4.1,18.1,120.0,115.0,15.6,0.622,0.031,0.366,8.9,24.1,16.5,10.6,0.8,5.0,15.4,15.1,1.0,0.7,1.7,0.107,-1.2,0.6,-0.7,0.3
hortota01,Talen Horton-Tucker,2024-25,24.0,CHI,CHI,False,SG,58.0,0.0,724.0,12.48,8.6,18.8,0.457,2.6,7.9,0.336,5.9,10.9,0.544,0.527,4.6,6.3,0.735,1.2,5.2,6.4,5.4,1.4,0.7,2.6,3.8,24.4,112.0,117.0,13.8,0.567,0.419,0.337,2.8,11.5,7.2,16.1,1.4,1.3,10.7,21.6,0.6,0.5,1.1,0.075,-1.4,-1.1,-2.4,-0.1
harriga01,Gary Harris,2024-25,30.0,ORL,ORL,False,SG,48.0,3.0,711.0,14.81,3.6,9.3,0.383,2.5,7.1,0.356,1.1,2.2,0.469,0.519,0.5,0.8,0.583,1.4,3.1,4.5,2.1,1.8,0.8,1.2,3.2,10.2,107.0,112.0,6.9,0.524,0.759,0.09,3.1,7.5,5.2,5.8,1.8,1.6,10.9,9.5,0.1,0.9,1.0,0.067,-3.9,1.2,-2.7,-0.1
pottemi01,Micah Potter,2024-25,26.0,UTA,UTA,False,C,38.0,10.0,705.0,18.55,3.9,9.2,0.422,2.1,6.7,0.316,1.8,2.5,0.703,0.537,1.2,1.4,0.85,2.9,8.2,11.2,2.1,1.0,1.0,2.1,3.4,11.0,110.0,121.0,8.5,0.563,0.726,0.148,6.6,18.4,12.5,5.8,1.0,1.9,17.7,10.3,0.2,0.3,0.4,0.03,-2.9,-0.6,-3.5,-0.3
howarje01,Jett Howard,2024-25,21.0,ORL,ORL,False,SF,60.0,0.0,701.0,11.68,7.0,18.7,0.374,3.9,13.3,0.296,3.1,5.4,0.566,0.479,1.1,1.6,0.696,1.4,3.6,5.0,3.1,0.9,0.8,2.6,4.8,19.0,97.0,114.0,7.1,0.491,0.71,0.088,3.1,8.6,5.7,9.6,0.9,1.5,11.7,19.2,-0.6,0.8,0.1,0.01,-4.1,-1.2,-5.3,-0.6
jordade01,DeAndre Jordan,2024-25,36.0,DEN,DEN,False,C,56.0,5.0,691.0,12.34,6.3,9.7,0.65,0.0,0.0,,6.3,9.7,0.65,0.65,1.9,4.5,0.422,5.8,13.9,19.8,3.7,1.1,1.9,2.8,5.1,14.5,121.0,112.0,15.4,0.621,0.0,0.457,14.0,30.3,22.6,9.5,1.1,3.5,19.2,12.8,0.9,0.9,1.8,0.127,-1.4,0.2,-1.2,0.2
postqu01,Quinten Post,2024-25,24.0,GSW,GSW,False,PF,42.0,14.0,686.0,16.33,8.7,19.4,0.449,5.2,12.7,0.408,3.5,6.7,0.526,0.582,1.5,1.9,0.778,2.5,8.0,10.5,4.0,1.1,1.3,2.3,5.9,24.1,116.0,112.0,14.2,0.595,0.653,0.099,5.3,18.3,11.6,12.2,1.1,2.5,10.3,19.6,0.8,0.9,1.7,0.116,0.1,0.0,0.1,0.4
weslebl01,Blake Wesley,2024-25,21.0,SAS,SAS,False,SG,58.0,0.0,683.0,11.78,5.7,13.2,0.435,1.2,4.1,0.293,4.5,9.1,0.5,0.481,2.7,4.3,0.623,1.2,3.1,4.3,8.1,2.6,0.4,3.8,3.3,15.4,102.0,118.0,9.9,0.51,0.312,0.328,2.7,6.9,4.8,22.3,2.6,0.8,20.2,16.7,-0.3,0.4,0.2,0.011,-3.9,-0.3,-4.2,-0.4
mamuksa01,Sandro Mamukelashvili,2024-25,25.0,SAS,SAS,False,PF,61.0,0.0,681.0,11.16,10.0,19.9,0.502,4.3,11.4,0.373,5.7,8.5,0.675,0.609,3.1,4.1,0.741,4.4,8.9,13.3,3.4,1.6,1.2,1.8,4.3,27.3,126.0,116.0,19.7,0.628,0.573,0.206,9.7,19.7,14.7,10.7,1.6,2.3,7.8,20.8,1.6,0.6,2.2,0.152,3.3,-1.0,2.3,0.7
smartma01,Marcus Smart,2024-25,30.0,,2TM,True,PG,34.0,7.0,680.0,20.0,7.0,17.7,0.393,3.4,9.7,0.348,3.6,8.0,0.448,0.488,3.7,4.9,0.761,1.2,3.7,5.0,7.5,2.7,0.6,3.7,3.7,21.0,107.0,116.0,12.4,0.529,0.549,0.276,2.8,8.3,5.6,21.7,2.7,1.2,15.8,20.6,0.1,0.6,0.7,0.051,-1.6,0.1,-1.5,0.1
pickeja02,Jalen Pickett,2024-25,25.0,DEN,DEN,False,SG,49.0,4.0,666.0,13.59,5.6,13.0,0.428,2.9,7.3,0.396,2.7,5.7,0.468,0.539,0.4,0.6,0.75,1.1,4.0,5.1,7.7,1.4,0.4,1.7,2.7,14.4,120.0,119.0,10.9,0.545,0.561,0.044,2.6,8.8,5.9,19.5,1.4,0.7,11.6,13.2,0.8,0.3,1.1,0.078,-0.8,-0.7,-1.5,0.1
evbuoto01,Tosan Evbuomwan,2024-25,23.0,BRK,BRK,False,SF,28.0,0.0,665.0,23.75,7.0,16.5,0.427,1.8,5.8,0.312,5.2,10.7,0.49,0.482,4.1,5.5,0.753,2.4,6.6,9.0,4.1,1.8,0.7,2.9,4.1,20.0,105.0,116.0,11.6,0.53,0.35,0.332,5.2,15.8,10.2,12.9,1.8,1.5,13.4,19.1,0.0,0.6,0.6,0.044,-3.0,-0.3,-3.2,-0.2
reevean01,Antonio Reeves,2024-25,24.0,NOP,NOP,False,SG,44.0,6.0,660.0,15.0,8.3,18.2,0.456,3.7,9.5,0.395,4.6,8.7,0.521,0.558,2.1,2.6,0.8,1.3,3.3,4.6,2.9,1.5,0.3,2.2,2.9,22.4,111.0,123.0,11.7,0.579,0.52,0.141,2.9,7.6,5.1,8.8,1.5,0.6,10.2,18.8,0.4,0.0,0.4,0.029,-1.2,-2.0,-3.2,-0.2
lowryky01,Kyle Lowry,2024-25,38.0,PHI,PHI,False,PG,35.0,12.0,659.0,18.83,3.1,8.8,0.35,2.2,6.6,0.33,0.9,2.2,0.414,0.474,2.0,2.5,0.818,0.8,4.2,5.0,7.2,2.5,0.8,1.6,4.6,10.3,119.0,118.0,9.8,0.525,0.752,0.282,1.8,10.0,5.8,19.2,2.5,1.6,13.8,10.1,0.6,0.4,1.0,0.07,-2.8,1.5,-1.3,0.1
sheppre01,Reed Sheppard,2024-25,20.0,HOU,HOU,False,PG,52.0,3.0,654.0,12.58,6.3,17.8,0.351,3.6,10.6,0.338,2.7,7.2,0.371,0.452,1.0,1.2,0.813,1.2,4.6,5.8,5.6,2.6,1.3,2.8,3.9,17.0,101.0,110.0,9.7,0.465,0.594,0.067,2.6,10.3,6.4,15.2,2.6,2.3,13.1,17.8,-0.3,1.0,0.8,0.055,-3.0,1.3,-1.7,0.1
joneshe01,Herbert Jones,2024-25,26.0,NOP,NOP,False,SF,20.0,20.0,648.0,32.4,5.6,12.9,0.436,1.6,5.4,0.306,4.0,7.5,0.53,0.5,2.5,3.0,0.825,1.6,4.2,5.8,4.9,2.8,0.7,2.6,4.9,15.3,108.0,119.0,10.4,0.541,0.419,0.233,3.6,9.6,6.5,13.8,2.8,1.3,15.6,14.6,0.1,0.3,0.4,0.033,-3.9,0.2,-3.6,-0.3
johnsaj01,AJ Johnson,2024-25,20.0,,2TM,True,SG,29.0,11.0,639.0,22.03,6.1,15.9,0.385,1.8,6.7,0.267,4.3,9.2,0.472,0.441,2.4,2.8,0.865,0.6,3.8,4.4,5.7,0.9,0.2,2.6,3.7,16.4,98.0,123.0,7.1,0.48,0.423,0.174,1.3,8.3,4.8,17.1,0.9,0.4,13.2,17.4,-0.5,0.0,-0.4,-0.032,-5.6,-2.5,-8.1,-1.0
klebima01,Maxi Kleber,2024-25,33.0,DAL,DAL,False,PF,34.0,4.0,637.0,18.74,2.8,7.3,0.385,1.0,3.7,0.265,1.8,3.6,0.511,0.453,1.2,1.6,0.762,1.9,5.3,7.2,3.3,0.7,1.3,1.7,5.0,7.8,104.0,119.0,5.6,0.489,0.51,0.219,4.4,11.7,8.1,8.3,0.7,2.3,17.9,8.7,0.0,0.4,0.3,0.023,-4.2,0.4,-3.8,-0.3
wrighde01,Delon Wright,2024-25,32.0,,2TM,True,PG,40.0,7.0,635.0,15.88,3.5,10.1,0.344,1.5,5.6,0.274,1.9,4.5,0.431,0.42,1.2,1.9,0.6,2.1,3.0,5.1,5.9,2.7,0.9,1.7,1.9,9.6,105.0,114.0,9.2,0.44,0.557,0.191,4.9,6.5,5.7,15.0,2.7,1.8,13.4,11.3,0.0,0.7,0.7,0.053,-2.8,1.4,-1.4,0.1
simsje01,Jericho Sims,2024-25,26.0,,2TM,True,C,53.0,5.0,632.0,11.92,3.5,5.5,0.634,0.0,0.0,,3.5,5.5,0.634,0.634,0.6,1.0,0.615,5.5,9.8,15.3,2.6,0.8,1.5,2.6,5.1,7.6,121.0,113.0,10.0,0.639,0.0,0.183,12.9,22.0,17.6,6.4,0.8,2.8,30.1,7.6,0.5,0.7,1.3,0.096,-3.1,0.1,-3.0,-0.2
okogijo01,Josh Okogie,2024-25,26.0,,2TM,True,SG,40.0,7.0,625.0,15.62,7.4,16.7,0.443,2.5,7.3,0.348,4.9,9.5,0.517,0.519,5.0,6.7,0.741,3.6,5.4,8.9,2.6,3.8,1.4,2.4,3.7,22.3,114.0,113.0,16.3,0.567,0.434,0.401,8.0,11.8,9.9,7.9,3.8,2.8,11.1,19.5,0.6,0.7,1.3,0.1,-0.1,1.6,1.5,0.6
dowtije01,Jeff Dowtin Jr.,2024-25,27.0,PHI,PHI,False,PG,41.0,3.0,621.0,15.15,8.9,18.3,0.487,2.2,5.6,0.4,6.7,12.7,0.525,0.548,2.6,3.6,0.733,1.0,3.8,4.8,6.2,1.9,1.0,1.2,2.3,22.6,122.0,120.0,16.1,0.57,0.304,0.196,2.1,9.1,5.5,19.6,1.9,1.9,5.7,18.6,1.1,0.3,1.3,0.103,0.7,-0.5,0.2,0.3
theisda01,Daniel Theis,2024-25,32.0,NOP,NOP,False,C,38.0,9.0,621.0,16.34,4.8,10.1,0.473,0.7,2.9,0.243,4.1,7.2,0.565,0.508,2.4,2.9,0.838,3.4,9.4,12.8,4.7,1.4,1.6,1.9,5.5,12.6,119.0,118.0,12.1,0.558,0.287,0.287,7.4,21.5,14.2,13.0,1.4,3.1,14.7,11.6,0.6,0.4,1.0,0.077,-3.3,0.0,-3.3,-0.2
josepco01,Cory Joseph,2024-25,33.0,ORL,ORL,False,PG,50.0,16.0,612.0,12.24,5.1,12.6,0.403,3.2,8.7,0.364,1.9,3.8,0.489,0.529,1.1,1.5,0.778,1.4,4.7,6.0,5.9,2.1,0.3,1.5,4.1,14.4,118.0,111.0,10.9,0.547,0.695,0.117,3.0,11.2,6.9,17.0,2.1,0.6,10.0,12.8,0.6,0.9,1.5,0.114,-2.3,1.4,-0.8,0.2
nnajize01,Zeke Nnaji,2024-25,24.0,DEN,DEN,False,PF,57.0,4.0,608.0,10.67,5.5,11.2,0.496,1.3,4.1,0.327,4.2,7.0,0.596,0.557,2.1,3.5,0.614,2.6,4.5,7.1,1.8,2.0,3.0,1.1,4.9,14.6,120.0,114.0,12.0,0.574,0.369,0.312,6.3,9.8,8.1,4.6,2.0,5.6,8.0,12.2,0.6,0.6,1.2,0.097,-2.1,0.7,-1.3,0.1
edwarke02,Kessler Edwards,2024-25,24.0,DAL,DAL,False,SF,40.0,18.0,608.0,15.2,5.3,10.7,0.496,1.8,4.3,0.407,3.6,6.4,0.556,0.578,1.0,1.0,0.923,1.8,7.4,9.1,3.3,1.5,1.6,1.3,4.9,13.4,122.0,115.0,11.3,0.597,0.4,0.096,4.0,16.3,10.3,9.1,1.5,2.8,10.2,11.1,0.6,0.6,1.2,0.096,-2.0,0.6,-1.4,0.1
connapa01,Pat Connaughton,2024-25,32.0,MIL,MIL,False,SG,41.0,1.0,603.0,14.71,6.7,14.2,0.469,2.1,6.5,0.321,4.6,7.7,0.594,0.542,1.9,2.5,0.774,1.5,7.2,8.7,5.6,0.7,0.9,1.9,3.6,17.3,116.0,115.0,12.1,0.567,0.458,0.175,3.6,15.6,9.8,15.8,0.7,1.7,11.2,15.6,0.6,0.6,1.2,0.093,-1.4,-0.8,-2.3,0.0
mitchaj01,Ajay Mitchell,2024-25,22.0,OKC,OKC,False,SG,36.0,1.0,597.0,16.58,7.3,14.8,0.495,1.8,4.8,0.383,5.5,10.0,0.548,0.557,2.3,2.8,0.829,1.4,4.0,5.5,5.1,2.0,0.3,2.3,5.5,18.8,117.0,111.0,12.0,0.587,0.326,0.19,3.3,8.8,6.1,13.8,2.0,0.7,12.7,16.2,0.6,0.9,1.5,0.122,-2.5,0.9,-1.6,0.1
ingrabr01,Brandon Ingram,2024-25,27.0,NOP,NOP,False,SF,18.0,18.0,595.0,33.06,12.6,27.1,0.465,3.5,9.4,0.374,9.1,17.7,0.514,0.53,3.8,4.5,0.855,1.4,6.8,8.1,7.6,1.3,0.9,5.6,3.7,32.6,104.0,121.0,16.0,0.56,0.345,0.165,3.0,15.5,9.1,26.8,1.3,1.8,16.2,30.2,-0.2,0.2,0.0,0.001,1.4,-1.7,-0.3,0.3
mccaija01,Jared McCain,2024-25,20.0,PHI,PHI,False,SG,23.0,8.0,592.0,25.74,10.5,22.8,0.46,4.2,11.1,0.383,6.2,11.7,0.532,0.553,4.1,4.7,0.875,1.1,3.6,4.7,5.0,1.2,0.0,3.1,3.1,29.3,113.0,123.0,15.2,0.589,0.485,0.204,2.4,8.6,5.4,16.7,1.2,0.0,11.0,24.7,0.6,0.1,0.7,0.057,1.8,-1.6,0.2,0.3
reddica01,Cam Reddish,2024-25,25.0,LAL,LAL,False,SF,33.0,8.0,589.0,17.85,3.2,7.9,0.404,1.1,3.9,0.277,2.1,3.9,0.532,0.473,1.3,2.2,0.615,1.4,4.1,5.5,1.8,2.8,0.8,1.0,3.6,8.8,106.0,114.0,7.4,0.498,0.5,0.277,3.3,9.1,6.3,4.8,2.8,1.6,10.2,8.8,0.0,0.6,0.7,0.054,-4.4,1.6,-2.7,-0.1
tateja01,Jae'Sean Tate,2024-25,29.0,HOU,HOU,False,SF,52.0,2.0,588.0,11.31,5.8,12.3,0.473,1.3,3.8,0.348,4.5,8.4,0.529,0.527,2.6,3.9,0.681,4.1,5.5,9.7,3.9,2.2,0.6,1.8,6.8,15.6,122.0,111.0,12.3,0.557,0.311,0.318,8.9,12.4,10.6,10.5,2.2,1.1,11.5,13.3,0.8,0.8,1.6,0.133,-2.1,1.4,-0.7,0.2
prospol01,Olivier-Maxence Prosper,2024-25,22.0,DAL,DAL,False,PF,52.0,4.0,584.0,11.23,5.8,14.4,0.402,1.0,4.2,0.235,4.8,10.2,0.472,0.437,4.1,6.3,0.645,3.6,6.8,10.4,3.3,2.2,0.5,1.2,2.3,16.6,111.0,116.0,12.6,0.484,0.293,0.437,8.4,15.0,11.8,9.1,2.2,0.9,6.3,16.3,0.3,0.5,0.9,0.072,-1.6,-0.5,-2.1,0.0
vandeja01,Jarred Vanderbilt,2024-25,25.0,LAL,LAL,False,PF,36.0,2.0,581.0,16.14,5.0,10.2,0.488,0.8,2.7,0.281,4.2,7.5,0.562,0.525,1.7,3.0,0.556,5.8,9.7,15.4,3.5,3.0,0.8,2.5,5.7,12.4,115.0,110.0,13.2,0.537,0.264,0.298,13.6,21.5,17.6,9.4,3.0,1.6,17.5,12.5,0.5,0.9,1.4,0.114,-2.3,1.3,-1.0,0.2
embiijo01,Joel Embiid,2024-25,30.0,PHI,PHI,False,C,19.0,19.0,574.0,30.21,12.0,27.1,0.444,2.0,6.6,0.299,10.0,20.4,0.492,0.481,12.8,14.5,0.882,3.1,10.2,13.3,7.3,1.2,1.5,5.3,3.6,38.8,114.0,116.0,23.4,0.58,0.244,0.537,6.8,24.5,15.3,25.6,1.2,3.1,13.7,34.2,0.9,0.5,1.4,0.118,3.7,-0.3,3.5,0.8
morrimo01,Monte Morris,2024-25,29.0,PHO,PHO,False,PG,45.0,0.0,571.0,12.69,7.2,16.9,0.426,2.7,7.4,0.36,4.5,9.4,0.477,0.505,3.1,3.6,0.857,1.0,4.8,5.8,6.3,1.7,0.3,1.8,2.0,20.2,115.0,121.0,13.1,0.546,0.441,0.215,2.4,10.5,6.5,18.1,1.7,0.5,9.0,18.1,0.6,0.2,0.8,0.064,-1.0,-0.8,-1.8,0.0
wagnemo01,Moritz Wagner,2024-25,27.0,ORL,ORL,False,C,30.0,1.0,564.0,18.8,12.4,22.1,0.562,2.4,6.6,0.36,10.0,15.4,0.649,0.616,7.0,9.7,0.718,3.5,9.6,13.1,3.7,2.1,1.1,4.3,4.9,34.2,118.0,108.0,22.3,0.649,0.301,0.442,7.7,23.1,15.0,13.7,2.1,2.0,14.1,26.8,1.0,1.0,2.0,0.174,2.6,1.4,4.0,0.9
brogdma01,Malcolm Brogdon,2024-25,32.0,WAS,WAS,False,PG,24.0,13.0,564.0,23.5,8.8,20.2,0.433,1.3,4.7,0.286,7.4,15.5,0.478,0.467,6.8,7.8,0.88,1.8,5.9,7.7,8.3,1.1,0.4,3.2,2.5,25.7,113.0,121.0,15.8,0.544,0.233,0.383,3.9,13.0,8.4,27.4,1.1,0.8,11.9,23.7,0.6,0.1,0.7,0.061,-0.1,-1.5,-1.5,0.1
konchjo01,John Konchar,2024-25,28.0,MEM,MEM,False,SG,46.0,4.0,558.0,12.13,3.4,7.6,0.451,1.9,5.2,0.371,1.5,2.4,0.621,0.577,0.6,0.7,0.875,3.1,9.5,12.6,3.5,2.5,1.2,1.3,2.7,9.3,128.0,110.0,12.1,0.592,0.681,0.088,7.1,21.4,14.3,8.8,2.5,2.3,14.5,8.0,0.6,0.9,1.5,0.131,-0.7,2.3,1.7,0.5
jonesdi01,Dillon Jones,2024-25,23.0,OKC,OKC,False,SF,54.0,3.0,552.0,10.22,4.4,11.6,0.383,1.4,5.5,0.254,3.0,6.1,0.5,0.444,1.5,2.4,0.607,2.6,7.9,10.5,5.1,1.4,0.3,2.4,4.7,11.8,103.0,109.0,8.1,0.464,0.474,0.211,6.0,17.3,11.8,12.6,1.4,0.7,16.2,13.3,-0.1,0.9,0.8,0.067,-4.3,0.3,-4.0,-0.3
poweldw01,Dwight Powell,2024-25,33.0,DAL,DAL,False,C,55.0,3.0,551.0,10.02,3.7,5.4,0.689,0.2,0.4,0.4,3.5,4.9,0.714,0.705,2.5,3.8,0.651,4.1,6.2,10.4,4.8,1.6,1.8,1.6,6.6,10.0,144.0,115.0,12.9,0.713,0.082,0.705,9.5,13.7,11.7,12.5,1.6,3.3,18.4,7.6,1.2,0.5,1.7,0.147,-1.5,1.5,0.0,0.3
goodwjo01,Jordan Goodwin,2024-25,26.0,LAL,LAL,False,PG,29.0,5.0,543.0,18.72,5.7,13.0,0.438,2.4,6.2,0.382,3.4,6.9,0.487,0.528,0.8,1.0,0.818,3.4,6.7,10.1,3.8,2.7,1.0,2.4,3.9,14.6,111.0,112.0,12.1,0.541,0.472,0.076,8.1,14.9,11.6,10.5,2.7,1.9,14.9,14.1,0.2,0.7,1.0,0.084,-1.7,0.8,-0.8,0.2
holmeri01,Richaun Holmes,2024-25,31.0,WAS,WAS,False,PF,31.0,7.0,534.0,17.23,8.0,12.4,0.647,0.0,0.3,0.0,8.0,12.1,0.662,0.647,4.5,5.3,0.833,5.5,10.2,15.8,3.7,0.8,2.0,1.9,4.4,20.5,139.0,117.0,19.8,0.695,0.022,0.432,12.0,22.5,17.2,12.1,0.8,3.9,11.3,14.7,1.6,0.4,2.0,0.178,1.2,0.0,1.1,0.4
gueyemo02,Mouhamed Gueye,2024-25,22.0,ATL,ATL,False,PF,33.0,28.0,533.0,16.15,6.3,15.0,0.421,1.8,7.1,0.259,4.5,7.9,0.567,0.482,2.8,3.7,0.762,3.9,8.3,12.2,2.4,2.5,2.9,1.3,4.8,17.3,114.0,111.0,14.4,0.52,0.474,0.246,8.8,20.0,14.3,6.6,2.5,5.7,7.3,15.7,0.4,0.8,1.2,0.106,-1.6,1.0,-0.6,0.2
biyombi01,Bismack Biyombo,2024-25,32.0,SAS,SAS,False,C,28.0,26.0,528.0,18.86,6.1,10.4,0.588,0.0,0.0,,6.1,10.4,0.588,0.588,0.9,2.3,0.4,3.9,10.5,14.5,2.8,1.5,2.1,2.5,4.8,13.2,111.0,114.0,12.2,0.576,0.0,0.219,8.7,23.4,16.0,7.9,1.5,3.9,17.8,12.3,0.2,0.6,0.8,0.071,-3.6,0.0,-3.6,-0.2
clarkja02,Jaylen Clark,2024-25,23.0,MIN,MIN,False,SG,40.0,4.0,522.0,13.05,5.3,11.3,0.467,2.1,4.8,0.431,3.2,6.5,0.493,0.558,2.7,3.5,0.784,2.5,2.6,5.0,2.5,3.4,0.2,0.8,5.8,15.4,130.0,111.0,12.0,0.598,0.425,0.308,5.6,5.6,5.6,6.7,3.4,0.4,5.5,12.0,0.9,0.7,1.6,0.147,-2.9,2.7,-0.2,0.2
dilliro01,Rob Dillingham,2024-25,20.0,MIN,MIN,False,PG,49.0,1.0,516.0,10.53,8.9,20.2,0.441,2.4,7.1,0.338,6.5,13.1,0.496,0.5,0.8,1.4,0.533,1.1,3.6,4.8,9.4,1.9,0.1,5.1,3.5,20.9,99.0,114.0,10.2,0.503,0.351,0.071,2.6,8.0,5.4,28.4,1.9,0.2,19.6,22.7,-0.4,0.6,0.1,0.012,-3.3,-0.9,-4.2,-0.3
jonesco02,Colby Jones,2024-25,22.0,,2TM,True,SG,39.0,0.0,515.0,13.21,5.5,12.0,0.457,1.5,4.6,0.327,4.0,7.4,0.538,0.519,2.1,3.3,0.657,2.0,6.1,8.1,4.1,2.4,1.2,2.1,3.4,14.6,109.0,116.0,11.4,0.544,0.38,0.271,4.3,13.6,9.0,12.0,2.4,2.4,13.7,13.7,0.1,0.4,0.6,0.053,-3.3,0.4,-2.8,-0.1
portecr01,Craig Porter Jr.,2024-25,24.0,CLE,CLE,False,PG,51.0,1.0,513.0,10.06,6.8,13.1,0.514,2.0,4.5,0.438,4.8,8.6,0.554,0.589,2.2,3.0,0.719,1.8,4.5,6.3,6.7,1.6,1.4,3.6,2.3,17.6,116.0,113.0,13.1,0.61,0.343,0.229,4.1,9.9,7.1,17.7,1.6,2.6,19.8,15.9,0.5,0.6,1.1,0.102,0.1,1.0,1.1,0.4
vukcetr01,Tristan Vukcevic,2024-25,21.0,WAS,WAS,False,C,35.0,1.0,513.0,14.66,11.1,22.4,0.496,3.5,9.5,0.373,7.6,13.0,0.586,0.574,4.8,6.2,0.776,2.4,9.6,12.1,3.6,1.0,2.1,3.9,5.3,30.6,110.0,117.0,17.8,0.608,0.421,0.277,5.2,21.2,13.2,13.0,1.0,4.0,13.4,25.7,0.3,0.4,0.7,0.069,0.4,-0.9,-0.5,0.2
paytoel01,Elfrid Payton,2024-25,30.0,,2TM,True,PG,24.0,9.0,511.0,21.29,3.8,11.6,0.328,0.1,0.6,0.167,3.7,11.0,0.336,0.332,0.4,0.7,0.571,1.4,6.1,7.5,15.8,2.3,1.0,5.6,3.4,8.1,89.0,118.0,8.5,0.34,0.049,0.057,3.1,13.9,8.3,43.3,2.3,2.1,32.1,15.2,-0.9,0.3,-0.6,-0.057,-5.1,-1.3,-6.4,-0.6
cainja01,Jamal Cain,2024-25,25.0,NOP,NOP,False,SF,37.0,0.0,502.0,13.57,6.6,15.2,0.43,2.5,7.7,0.325,4.1,7.5,0.538,0.513,3.3,4.8,0.68,2.6,5.6,8.2,2.1,2.2,0.9,2.1,4.4,18.9,109.0,120.0,11.4,0.544,0.506,0.316,5.6,12.8,9.1,6.2,2.2,1.7,10.9,17.0,0.1,0.2,0.4,0.036,-2.5,-0.8,-3.4,-0.2
wallake01,Keaton Wallace,2024-25,25.0,ATL,ATL,False,PG,31.0,5.0,501.0,16.16,6.1,15.1,0.401,2.5,7.7,0.329,3.5,7.5,0.475,0.485,1.0,1.0,1.0,0.7,4.0,4.7,7.6,2.6,0.8,3.1,3.6,15.7,103.0,116.0,10.1,0.503,0.506,0.068,1.5,9.6,5.5,21.0,2.6,1.7,16.5,16.4,-0.1,0.5,0.4,0.034,-3.3,1.0,-2.3,0.0
landajo01,Jock Landale,2024-25,29.0,HOU,HOU,False,C,42.0,3.0,500.0,11.9,7.9,14.8,0.533,1.1,2.5,0.423,6.8,12.3,0.556,0.569,2.6,3.9,0.675,5.5,7.9,13.3,3.6,1.3,1.0,2.0,4.8,19.5,126.0,111.0,16.0,0.59,0.171,0.263,11.7,17.6,14.6,10.3,1.3,1.8,11.0,15.7,1.0,0.7,1.7,0.159,0.0,0.4,0.4,0.3
willivi01,Vince Williams Jr.,2024-25,24.0,MEM,MEM,False,SG,27.0,5.0,499.0,18.48,6.2,15.6,0.401,2.4,8.9,0.274,3.8,6.7,0.569,0.479,1.8,2.2,0.792,2.0,7.1,9.1,5.1,1.1,0.7,3.1,4.2,16.7,104.0,115.0,9.2,0.504,0.569,0.144,4.7,15.9,10.4,13.8,1.1,1.3,15.7,17.0,-0.1,0.5,0.4,0.04,-2.5,-0.3,-2.8,-0.1
moorewe01,Wendell Moore Jr.,2024-25,23.0,,2TM,True,SG,36.0,1.0,499.0,13.86,5.8,12.3,0.468,1.4,4.0,0.341,4.4,8.3,0.529,0.524,1.8,2.1,0.818,2.9,6.3,9.3,4.1,2.0,0.5,2.6,3.0,14.6,110.0,115.0,11.0,0.553,0.325,0.175,6.4,14.3,10.3,11.6,1.9,1.0,16.6,13.8,0.2,0.5,0.7,0.063,-2.6,-0.1,-2.7,-0.1
willibr03,Brandon Williams,2024-25,25.0,DAL,DAL,False,PG,33.0,3.0,487.0,14.76,9.7,18.7,0.521,2.4,6.0,0.4,7.4,12.7,0.578,0.585,5.5,6.6,0.833,1.2,4.6,5.8,7.5,2.4,0.5,3.9,3.3,27.3,120.0,116.0,18.3,0.634,0.319,0.351,2.7,10.1,6.5,23.2,2.4,0.9,15.2,22.6,0.9,0.4,1.3,0.129,1.0,-0.1,1.0,0.4
lawsoaj01,A.J. Lawson,2024-25,24.0,TOR,TOR,False,SG,26.0,2.0,486.0,18.69,7.9,18.8,0.421,3.3,10.0,0.327,4.7,8.8,0.528,0.508,4.3,6.2,0.683,2.0,6.5,8.5,3.1,1.3,0.6,1.5,4.4,23.4,113.0,116.0,12.7,0.542,0.532,0.332,4.3,14.9,9.5,9.1,1.3,1.2,6.4,20.0,0.4,0.4,0.8,0.081,-1.5,-1.0,-2.5,-0.1
willigr01,Grant Williams,2024-25,26.0,CHO,CHO,False,PF,16.0,7.0,479.0,29.94,5.5,12.6,0.439,2.8,7.6,0.365,2.8,5.0,0.551,0.549,3.2,3.8,0.838,1.8,6.6,8.4,3.8,1.8,1.3,2.9,4.7,17.0,112.0,116.0,11.5,0.596,0.602,0.301,3.9,14.5,9.1,11.3,1.8,2.7,16.7,14.8,0.3,0.4,0.7,0.071,-2.3,0.7,-1.6,0.1
walkelo01,Lonnie Walker IV,2024-25,26.0,PHI,PHI,False,SG,20.0,7.0,477.0,23.85,9.2,21.9,0.42,4.7,13.1,0.354,4.5,8.8,0.518,0.526,2.5,3.1,0.8,0.6,5.9,6.5,5.2,1.0,0.5,2.6,2.8,25.5,108.0,121.0,13.1,0.548,0.599,0.142,1.4,14.1,7.5,16.5,1.0,1.0,10.0,22.8,0.2,0.1,0.3,0.033,0.0,-2.4,-2.4,0.0
reathdu01,Duop Reath,2024-25,28.0,POR,POR,False,C,46.0,0.0,469.0,10.2,7.3,17.2,0.422,3.5,11.0,0.321,3.7,6.2,0.6,0.524,2.1,2.3,0.909,4.6,5.0,9.5,2.7,1.2,1.5,1.7,4.2,20.1,120.0,116.0,13.7,0.552,0.639,0.133,9.9,11.4,10.6,8.0,1.2,2.7,8.3,17.0,0.6,0.4,1.0,0.105,0.2,-0.5,-0.3,0.2
beekmre01,Reece Beekman,2024-25,23.0,,2TM,True,PG,36.0,4.0,469.0,13.03,3.7,11.4,0.327,0.7,4.2,0.175,3.0,7.1,0.418,0.36,1.7,2.2,0.762,1.4,2.8,4.1,6.7,3.5,0.2,2.2,3.8,9.9,95.0,115.0,7.5,0.4,0.374,0.196,3.0,6.6,4.7,19.1,3.5,0.4,15.3,12.8,-0.4,0.5,0.1,0.01,-6.7,1.3,-5.4,-0.4
joneska01,Kai Jones,2024-25,24.0,,2TM,True,C,40.0,6.0,468.0,11.7,9.1,11.4,0.798,0.1,0.5,0.2,9.0,10.8,0.827,0.803,2.4,3.3,0.719,4.2,8.9,13.0,2.6,1.6,2.4,1.9,5.2,20.6,147.0,111.0,20.2,0.804,0.046,0.294,9.6,19.7,14.8,7.9,1.6,4.6,12.8,13.0,1.4,0.7,2.1,0.216,1.4,1.5,2.9,0.6
nancela02,Larry Nance Jr.,2024-25,32.0,ATL,ATL,False,PF,24.0,3.0,463.0,19.29,8.1,15.7,0.516,3.4,7.7,0.447,4.6,8.0,0.582,0.626,0.9,1.3,0.692,2.3,8.1,10.4,3.8,2.0,1.3,1.6,3.7,20.5,125.0,114.0,16.0,0.632,0.49,0.084,5.3,19.4,12.2,11.3,2.0,2.6,9.1,15.7,0.8,0.5,1.3,0.131,1.1,0.7,1.8,0.4
gilleco01,Collin Gillespie,2024-25,25.0,PHO,PHO,False,PG,33.0,9.0,461.0,13.97,7.3,17.0,0.43,4.2,9.7,0.433,3.1,7.3,0.426,0.554,2.0,2.4,0.864,2.4,6.0,8.4,8.4,2.3,0.5,1.8,3.2,20.8,126.0,119.0,16.8,0.578,0.57,0.139,5.5,13.2,9.4,24.0,2.3,1.0,9.2,17.7,1.0,0.3,1.3,0.131,2.3,0.2,2.5,0.5
ruperra01,Rayan Rupert,2024-25,20.0,POR,POR,False,SG,52.0,0.0,460.0,8.85,6.1,15.0,0.408,1.7,6.2,0.271,4.4,8.8,0.506,0.465,2.4,3.2,0.767,2.7,4.6,7.4,2.6,1.7,0.4,3.2,3.9,16.4,99.0,117.0,8.1,0.499,0.415,0.211,6.0,10.6,8.2,7.6,1.7,0.8,16.2,16.8,-0.3,0.4,0.1,0.007,-4.1,-0.6,-4.7,-0.3
jacksgg01,GG Jackson II,2024-25,20.0,MEM,MEM,False,PF,29.0,3.0,459.0,15.83,7.5,20.2,0.372,3.2,9.6,0.337,4.3,10.5,0.404,0.452,2.9,4.1,0.725,2.7,6.6,9.3,2.9,1.2,0.5,3.1,3.0,21.2,99.0,115.0,9.3,0.482,0.477,0.201,6.3,14.8,10.6,8.2,1.2,1.0,12.5,21.7,-0.4,0.4,0.1,0.009,-3.3,-2.0,-5.3,-0.4
tysonja01,Jaylon Tyson,2024-25,22.0,CLE,CLE,False,SG,47.0,3.0,453.0,9.64,6.8,15.8,0.43,2.1,6.2,0.345,4.7,9.7,0.484,0.497,2.0,2.5,0.792,3.9,6.3,10.2,4.7,1.4,0.3,2.8,5.3,17.7,111.0,114.0,11.1,0.523,0.389,0.161,9.1,13.7,11.5,12.4,1.4,0.6,14.0,17.4,0.3,0.5,0.8,0.083,-2.4,-0.2,-2.7,-0.1
bolbo01,Bol Bol,2024-25,25.0,PHO,PHO,False,PF,36.0,10.0,448.0,12.44,10.6,20.2,0.525,3.5,10.3,0.344,7.1,9.9,0.711,0.612,2.2,2.9,0.769,2.2,9.3,11.5,2.4,1.0,2.8,2.2,2.2,26.9,117.0,117.0,18.4,0.627,0.508,0.142,5.1,20.4,13.0,7.7,1.0,5.2,9.3,21.1,0.6,0.3,0.9,0.097,1.7,-0.9,0.8,0.3
reedpa01,Paul Reed,2024-25,25.0,DET,DET,False,C,45.0,0.0,438.0,9.73,7.9,15.6,0.507,0.9,3.1,0.286,7.0,12.5,0.561,0.535,3.5,4.6,0.762,4.4,9.1,13.5,4.8,4.3,2.7,2.9,8.2,20.2,118.0,103.0,18.6,0.573,0.197,0.296,10.2,20.8,15.6,14.0,4.3,5.4,13.9,18.0,0.6,1.0,1.6,0.173,-1.2,4.0,2.9,0.5
castlco01,Colin Castleton,2024-25,24.0,,3TM,True,C,26.0,4.0,432.0,16.62,5.1,10.9,0.469,0.2,1.8,0.125,4.9,9.2,0.537,0.48,3.2,4.2,0.763,5.9,7.7,13.6,3.1,0.9,1.1,2.6,5.7,13.7,114.0,116.0,11.3,0.536,0.163,0.388,13.0,17.9,15.4,8.9,0.9,2.2,16.7,13.4,0.3,0.4,0.7,0.075,-4.0,-1.0,-5.0,-0.3
queentr01,Trevelin Queen,2024-25,27.0,ORL,ORL,False,SG,31.0,2.0,430.0,13.87,6.5,17.1,0.381,2.6,8.9,0.286,3.9,8.1,0.486,0.456,2.1,2.4,0.857,3.0,3.3,6.3,4.4,3.6,1.2,2.6,4.4,17.7,103.0,108.0,11.9,0.486,0.524,0.143,6.6,7.9,7.2,13.3,3.6,2.2,12.3,18.1,-0.1,0.8,0.7,0.074,-2.6,2.3,-0.3,0.2
branhma01,Malaki Branham,2024-25,21.0,SAS,SAS,False,SG,47.0,0.0,427.0,9.09,9.8,21.5,0.458,3.8,9.5,0.405,6.0,12.0,0.5,0.547,3.1,3.7,0.818,0.8,5.0,5.8,4.3,1.2,0.2,3.8,3.3,26.6,104.0,120.0,12.0,0.575,0.442,0.174,1.8,11.1,6.4,13.4,1.2,0.4,14.3,23.8,-0.1,0.2,0.1,0.007,-1.2,-1.9,-3.2,-0.1
millejo02,Jordan Miller,2024-25,25.0,LAC,LAC,False,SF,37.0,0.0,420.0,11.35,6.8,15.7,0.433,0.9,4.5,0.211,5.9,11.3,0.521,0.463,3.3,4.1,0.8,2.7,4.1,6.8,4.0,2.0,0.6,3.0,3.0,17.8,103.0,112.0,10.5,0.509,0.284,0.261,6.3,9.3,7.8,11.2,2.0,1.2,14.8,18.2,-0.1,0.5,0.4,0.049,-3.0,0.2,-2.8,-0.1
bambamo01,Mo Bamba,2024-25,26.0,,2TM,True,C,32.0,2.0,413.0,12.91,6.2,13.3,0.464,1.8,6.4,0.278,4.4,6.9,0.638,0.531,2.3,3.2,0.704,3.8,13.4,17.2,2.1,1.1,3.7,2.4,6.7,16.4,111.0,106.0,13.9,0.557,0.482,0.241,8.8,30.5,19.7,6.0,1.1,7.4,13.9,15.2,0.2,0.8,1.0,0.117,-2.7,1.9,-0.9,0.1
roddyda01,David Roddy,2024-25,23.0,,3TM,True,PF,33.0,3.0,410.0,12.42,6.5,14.4,0.456,2.2,7.0,0.311,4.4,7.4,0.594,0.532,2.3,3.0,0.769,1.5,8.2,9.6,4.0,1.6,1.0,2.5,2.3,17.6,109.0,115.0,11.9,0.561,0.488,0.208,3.4,19.5,11.2,11.5,1.6,2.0,13.9,16.0,0.1,0.4,0.5,0.062,-1.6,0.1,-1.5,0.1
gibsota01,Taj Gibson,2024-25,39.0,CHO,CHO,False,C,37.0,11.0,409.0,11.05,5.7,11.4,0.495,0.1,0.2,0.5,5.5,11.2,0.495,0.5,1.4,2.4,0.6,6.1,8.3,14.4,2.5,1.1,2.2,3.0,6.5,12.9,105.0,115.0,10.8,0.515,0.021,0.211,13.0,18.4,15.6,7.5,1.1,4.3,19.4,13.4,0.0,0.4,0.4,0.043,-5.2,-0.1,-5.3,-0.3
diengou01,Ousmane Dieng,2024-25,21.0,OKC,OKC,False,C,37.0,1.0,405.0,10.95,6.4,14.8,0.432,2.7,8.4,0.324,3.7,6.4,0.574,0.524,1.3,1.9,0.688,2.1,7.5,9.6,3.7,2.0,0.8,2.1,3.9,16.8,109.0,108.0,11.5,0.538,0.568,0.128,4.9,16.3,10.7,9.6,2.0,1.7,12.0,15.7,0.1,0.7,0.9,0.104,-2.0,1.1,-0.9,0.1
walshjo01,Jordan Walsh,2024-25,20.0,BOS,BOS,False,PF,52.0,1.0,403.0,7.75,3.7,10.3,0.361,1.9,6.8,0.273,1.9,3.5,0.536,0.452,0.9,1.5,0.583,2.9,5.7,8.6,2.4,1.5,1.4,2.1,3.7,10.2,99.0,112.0,6.9,0.464,0.663,0.145,6.2,12.4,9.3,6.0,1.5,2.5,16.1,11.5,-0.2,0.5,0.4,0.044,-4.4,0.5,-3.9,-0.2
tysonhu01,Hunter Tyson,2024-25,24.0,DEN,DEN,False,PF,51.0,2.0,400.0,7.84,5.4,14.4,0.375,2.8,8.9,0.311,2.6,5.5,0.478,0.471,2.5,3.4,0.75,3.0,6.4,9.4,2.4,1.2,0.7,1.7,5.3,16.1,109.0,118.0,9.0,0.506,0.617,0.233,7.2,13.9,10.7,6.1,1.2,1.3,9.6,15.5,0.1,0.3,0.4,0.047,-3.3,-1.5,-4.8,-0.3
gillan01,Anthony Gill,2024-25,32.0,WAS,WAS,False,PF,51.0,0.0,397.0,7.78,5.2,10.5,0.489,1.2,3.7,0.323,4.0,6.8,0.579,0.545,4.0,6.0,0.66,2.2,5.8,7.9,1.9,1.1,0.2,1.2,3.6,15.5,119.0,122.0,10.2,0.586,0.352,0.568,4.7,12.6,8.6,5.7,1.1,0.5,8.3,12.7,0.4,0.1,0.5,0.058,-3.0,-1.5,-4.5,-0.3
cartede02,Devin Carter,2024-25,22.0,SAC,SAC,False,PG,36.0,0.0,396.0,11.0,5.8,15.7,0.37,2.2,7.5,0.295,3.6,8.2,0.439,0.441,3.2,5.4,0.591,2.3,7.0,9.4,5.1,2.6,0.5,2.2,4.8,17.0,104.0,114.0,10.8,0.471,0.48,0.346,5.4,16.2,10.8,13.5,2.6,1.0,11.0,17.9,-0.1,0.4,0.4,0.043,-3.5,0.3,-3.2,-0.1
greenje02,Jeff Green,2024-25,38.0,HOU,HOU,False,PF,32.0,3.0,396.0,12.38,7.5,14.9,0.504,3.6,9.7,0.367,3.9,5.2,0.762,0.624,2.6,3.2,0.808,1.4,5.8,7.1,2.5,0.7,0.5,1.1,3.9,21.1,134.0,114.0,13.6,0.649,0.653,0.215,2.9,12.9,7.8,7.0,0.7,0.9,6.4,14.7,0.9,0.4,1.3,0.159,0.3,0.0,0.4,0.2
jemistr01,Trey Jemison,2024-25,25.0,,2TM,True,C,38.0,0.0,392.0,10.32,5.1,9.2,0.554,0.0,0.0,,5.1,9.2,0.554,0.554,1.6,4.1,0.394,5.5,7.6,13.1,2.0,1.1,1.9,3.0,8.6,11.8,104.0,116.0,8.9,0.537,0.0,0.446,12.4,17.1,14.8,5.5,1.1,3.6,21.3,12.4,0.0,0.3,0.3,0.037,-6.3,-0.5,-6.8,-0.5
jacksre01,Reggie Jackson,2024-25,34.0,PHI,PHI,False,PG,31.0,1.0,384.0,12.39,6.7,17.1,0.391,3.2,9.5,0.338,3.5,7.6,0.458,0.485,0.9,1.2,0.778,1.0,4.4,5.4,5.8,2.1,0.4,2.2,4.4,17.5,104.0,120.0,9.8,0.496,0.556,0.068,2.3,10.4,6.2,17.1,2.1,0.8,11.0,17.5,0.0,0.2,0.1,0.015,-3.2,-0.8,-4.0,-0.2
scheiba01,Baylor Scheierman,2024-25,24.0,BOS,BOS,False,SG,31.0,2.0,384.0,12.39,5.1,14.4,0.355,3.4,10.7,0.317,1.7,3.7,0.464,0.473,1.2,1.6,0.75,2.5,6.0,8.5,4.3,2.2,0.3,1.6,2.9,14.8,111.0,111.0,10.3,0.49,0.745,0.109,5.4,13.0,9.2,11.3,2.2,0.5,9.4,14.5,0.2,0.5,0.7,0.089,-2.5,0.8,-1.7,0.0
jacksqu01,Quenton Jackson,2024-25,26.0,IND,IND,False,PG,28.0,7.0,381.0,13.61,7.3,15.4,0.475,1.9,5.0,0.375,5.4,10.3,0.524,0.537,3.9,5.0,0.775,1.8,3.8,5.6,6.7,2.6,0.6,2.0,5.4,20.4,121.0,114.0,14.7,0.58,0.328,0.328,4.1,8.7,6.4,18.6,2.6,1.2,10.3,17.7,0.6,0.4,1.0,0.126,-1.2,0.8,-0.3,0.2
lenal01,Alex Len,2024-25,31.0,,2TM,True,C,46.0,7.0,380.0,8.26,4.1,8.1,0.508,0.3,1.2,0.222,3.9,7.0,0.556,0.524,1.0,2.2,0.471,4.9,7.3,12.2,4.9,1.2,2.7,2.6,7.2,9.5,114.0,114.0,10.6,0.525,0.143,0.27,11.3,16.7,14.0,12.6,1.2,5.4,22.1,10.3,0.2,0.4,0.7,0.083,-3.9,1.2,-2.6,-0.1
furphjo01,Johnny Furphy,2024-25,20.0,IND,IND,False,SG,50.0,0.0,379.0,7.58,4.4,11.7,0.38,1.9,6.3,0.3,2.5,5.3,0.476,0.462,2.3,2.8,0.818,2.9,6.1,9.0,2.4,2.3,1.4,1.5,5.2,13.1,108.0,113.0,9.8,0.506,0.543,0.239,6.8,14.0,10.4,6.2,2.3,2.6,10.6,13.0,0.1,0.5,0.5,0.07,-3.0,0.6,-2.5,0.0
bassech01,Charles Bassey,2024-25,24.0,SAS,SAS,False,C,36.0,1.0,376.0,10.44,8.7,15.0,0.581,0.0,0.0,,8.7,15.0,0.581,0.581,2.7,4.2,0.636,7.2,12.3,19.5,2.2,1.8,3.9,3.0,6.4,20.2,118.0,110.0,19.0,0.597,0.0,0.282,15.9,27.4,21.7,6.6,1.8,7.2,14.9,17.5,0.5,0.6,1.1,0.136,-1.7,0.6,-1.1,0.1
barlodo01,Dominick Barlow,2024-25,21.0,ATL,ATL,False,PF,35.0,4.0,375.0,10.71,7.5,14.1,0.531,0.9,3.4,0.259,6.6,10.7,0.616,0.562,2.6,4.1,0.636,4.4,6.2,10.6,2.4,1.1,2.0,0.6,5.9,18.5,129.0,116.0,14.6,0.58,0.239,0.292,10.0,15.0,12.4,6.9,1.1,3.9,3.8,14.5,0.7,0.3,1.0,0.131,-1.4,-0.8,-2.2,0.0
exumda01,Danté Exum,2024-25,29.0,DAL,DAL,False,PG,20.0,13.0,372.0,18.6,8.3,17.4,0.478,3.0,6.9,0.434,5.3,10.5,0.506,0.563,3.0,4.0,0.742,0.5,3.8,4.3,7.3,1.6,0.4,2.9,4.4,22.6,116.0,119.0,13.6,0.589,0.396,0.231,1.2,8.3,4.8,21.5,1.6,0.7,13.0,19.6,0.4,0.2,0.6,0.083,-1.2,-1.1,-2.3,0.0
baughda01,Damion Baugh,2024-25,24.0,CHO,CHO,False,SG,15.0,2.0,370.0,24.67,5.6,17.3,0.323,1.6,7.4,0.214,4.0,9.8,0.405,0.369,1.7,2.0,0.867,1.9,4.8,6.6,7.4,2.0,0.3,4.1,2.9,14.5,87.0,118.0,6.3,0.399,0.431,0.115,3.9,10.6,7.2,22.2,2.0,0.5,18.5,19.3,-0.8,0.2,-0.5,-0.069,-5.9,-1.2,-7.1,-0.5
sprinja01,Jaden Springer,2024-25,22.0,,2TM,True,PG,43.0,2.0,365.0,8.49,4.7,12.0,0.389,1.6,6.4,0.25,3.1,5.6,0.548,0.456,3.6,5.1,0.711,2.3,5.5,7.8,4.4,3.2,0.5,2.1,5.6,14.6,110.0,114.0,10.7,0.511,0.533,0.422,5.1,12.1,8.6,12.1,3.2,1.0,13.0,14.3,0.1,0.4,0.5,0.07,-4.3,1.6,-2.7,-0.1
williro04,Robert Williams,2024-25,27.0,POR,POR,False,C,20.0,3.0,351.0,17.55,6.9,10.8,0.641,0.1,0.4,0.333,6.8,10.4,0.653,0.647,2.1,2.4,0.882,4.8,11.5,16.3,2.9,1.8,4.6,2.4,4.3,16.1,130.0,107.0,18.9,0.679,0.038,0.218,10.5,26.3,18.2,8.6,1.8,8.5,16.6,12.2,0.6,0.7,1.3,0.175,-0.1,3.2,3.0,0.4
mcderdo01,Doug McDermott,2024-25,33.0,SAC,SAC,False,SF,42.0,3.0,342.0,8.14,7.1,16.7,0.427,6.3,14.4,0.436,0.9,2.3,0.375,0.615,0.4,0.7,0.6,0.4,2.7,3.1,1.0,0.6,0.3,0.9,4.3,21.0,119.0,122.0,9.5,0.617,0.863,0.043,1.0,6.2,3.6,2.8,0.6,0.6,4.8,15.7,0.4,0.1,0.4,0.061,-0.8,-2.4,-3.2,-0.1
kolokch01,Christian Koloko,2024-25,24.0,LAL,LAL,False,C,37.0,0.0,342.0,9.24,5.8,9.5,0.606,0.0,0.6,0.0,5.8,8.9,0.645,0.606,1.4,2.0,0.714,5.0,8.2,13.2,2.3,1.2,2.3,1.7,6.3,12.9,128.0,113.0,13.0,0.624,0.061,0.212,11.9,18.2,15.1,6.4,1.2,4.4,14.3,10.8,0.5,0.4,0.9,0.13,-3.0,0.2,-2.8,-0.1
shannte01,Terrence Shannon Jr.,2024-25,24.0,MIN,MIN,False,SG,32.0,1.0,339.0,10.59,8.0,16.6,0.482,1.6,4.5,0.355,6.4,12.1,0.53,0.531,2.5,3.1,0.81,1.5,5.4,6.8,4.7,1.0,0.7,2.2,3.9,20.1,114.0,114.0,11.9,0.56,0.272,0.184,3.3,11.9,7.7,13.8,1.0,1.4,10.9,17.7,0.3,0.4,0.6,0.091,-2.1,0.0,-2.1,0.0
brookke02,Keion Brooks Jr.,2024-25,24.0,NOP,NOP,False,SF,14.0,6.0,332.0,23.71,7.7,15.9,0.486,2.0,6.3,0.326,5.7,9.6,0.591,0.55,3.2,4.4,0.733,1.8,6.7,8.5,1.9,1.5,1.5,1.8,4.4,20.7,114.0,120.0,12.8,0.581,0.394,0.275,3.8,15.4,9.4,5.7,1.5,2.9,8.9,17.1,0.3,0.1,0.4,0.057,-2.2,-1.3,-3.5,-0.1
thomptr01,Tristan Thompson,2024-25,33.0,CLE,CLE,False,C,40.0,0.0,328.0,8.2,4.5,10.4,0.437,0.0,0.4,0.0,4.5,10.0,0.456,0.437,1.0,4.4,0.233,4.7,15.0,19.6,3.5,0.3,1.6,2.1,5.3,10.1,100.0,109.0,9.1,0.41,0.042,0.423,10.9,32.7,22.1,8.8,0.3,3.0,14.3,12.7,-0.2,0.5,0.4,0.057,-4.9,0.3,-4.6,-0.2
lewisma05,Maxwell Lewis,2024-25,22.0,,2TM,True,SF,28.0,1.0,327.0,11.68,6.8,16.4,0.417,2.9,7.6,0.38,4.0,8.8,0.448,0.505,1.1,1.5,0.7,2.7,5.6,8.4,2.9,1.4,1.1,2.1,4.4,17.6,104.0,117.0,9.9,0.516,0.463,0.093,6.0,13.5,9.5,9.0,1.4,2.1,11.1,16.9,-0.1,0.3,0.2,0.03,-3.2,-1.1,-4.4,-0.2
carteje01,Jevon Carter,2024-25,29.0,CHI,CHI,False,PG,36.0,1.0,321.0,8.92,8.0,21.2,0.377,5.1,15.3,0.333,2.9,6.0,0.488,0.497,1.2,1.5,0.8,0.6,5.1,5.7,5.8,1.9,0.4,1.6,2.2,22.2,107.0,117.0,12.2,0.509,0.719,0.068,1.3,11.2,6.4,17.2,1.9,0.8,6.8,21.0,0.1,0.3,0.3,0.046,-1.0,-1.1,-2.1,0.0
millspa02,Patty Mills,2024-25,36.0,,2TM,True,PG,29.0,0.0,321.0,11.07,5.4,14.4,0.375,3.9,11.3,0.347,1.5,3.2,0.476,0.51,2.0,2.1,0.929,0.6,2.7,3.3,3.9,2.0,0.5,2.6,3.6,16.7,105.0,121.0,8.4,0.543,0.781,0.146,1.4,6.0,3.7,11.1,1.9,0.9,14.3,15.6,0.0,0.1,0.1,0.017,-3.2,0.0,-3.2,-0.1
manntr01,Tre Mann,2024-25,23.0,CHO,CHO,False,PG,13.0,0.0,319.0,24.54,10.8,24.8,0.435,3.7,9.2,0.4,7.1,15.6,0.455,0.509,2.9,3.2,0.905,1.8,4.0,5.9,6.0,1.1,0.6,3.9,3.7,28.2,105.0,120.0,13.3,0.537,0.373,0.13,3.9,8.9,6.3,21.2,1.1,1.2,12.8,26.0,0.0,0.1,0.1,0.019,-0.6,-1.9,-2.4,0.0
hoodsja01,Jalen Hood-Schifino,2024-25,21.0,,2TM,True,SG,15.0,0.0,315.0,21.0,5.8,15.3,0.378,2.2,7.2,0.304,3.6,8.1,0.442,0.449,2.8,3.3,0.857,0.5,3.8,4.2,5.8,0.8,1.1,2.8,3.9,16.6,100.0,122.0,7.9,0.494,0.469,0.214,1.1,9.0,4.9,16.7,0.8,2.2,14.4,17.3,-0.2,0.1,-0.1,-0.015,-4.4,-2.5,-6.9,-0.4
craigto01,Torrey Craig,2024-25,34.0,,2TM,True,SF,26.0,4.0,314.0,12.08,5.9,14.0,0.422,3.7,10.3,0.364,2.2,3.7,0.583,0.556,1.2,1.9,0.667,4.2,7.2,11.4,2.6,1.2,1.9,1.2,5.3,16.8,121.0,112.0,12.9,0.567,0.733,0.133,9.3,15.6,12.5,7.2,1.3,3.5,7.7,14.1,0.4,0.4,0.8,0.122,-1.0,0.1,-0.9,0.1
mclaujo01,Jordan McLaughlin,2024-25,28.0,,2TM,True,PG,46.0,0.0,314.0,6.83,4.8,11.2,0.431,2.9,7.1,0.413,1.9,4.0,0.462,0.563,2.6,3.4,0.773,0.9,3.7,4.7,7.9,2.5,0.2,2.5,2.8,15.2,122.0,118.0,12.3,0.6,0.639,0.306,2.1,8.5,5.3,21.0,2.5,0.3,16.4,13.3,0.4,0.2,0.6,0.098,-1.6,0.0,-1.6,0.0
thybuma01,Matisse Thybulle,2024-25,27.0,POR,POR,False,SG,15.0,5.0,312.0,20.8,6.5,13.7,0.477,3.3,7.5,0.438,3.3,6.2,0.525,0.597,1.1,2.3,0.467,2.2,5.9,8.1,4.4,5.1,1.4,2.0,2.2,17.4,119.0,107.0,17.0,0.592,0.545,0.17,4.7,13.6,9.0,12.7,5.1,2.6,12.1,14.4,0.4,0.6,0.9,0.146,0.0,5.1,5.0,0.6
jonesis01,Isaac Jones,2024-25,24.0,SAC,SAC,False,PF,40.0,0.0,304.0,7.6,8.7,13.4,0.651,0.5,1.3,0.375,8.2,12.1,0.68,0.669,3.7,5.8,0.639,3.5,5.6,9.2,1.9,0.8,1.6,2.6,4.8,21.6,124.0,118.0,15.2,0.678,0.096,0.434,8.1,12.9,10.5,5.6,0.8,3.2,13.9,16.3,0.5,0.2,0.7,0.115,-0.9,-0.8,-1.7,0.0
kolekty01,Tyler Kolek,2024-25,23.0,NYK,NYK,False,PG,41.0,0.0,296.0,7.22,4.5,13.7,0.329,2.3,7.9,0.298,2.2,5.9,0.371,0.415,2.2,2.8,0.765,1.3,3.2,4.5,11.7,2.0,0.7,3.0,4.4,13.6,109.0,116.0,10.3,0.453,0.573,0.207,3.1,7.3,5.2,29.5,2.0,1.3,16.7,15.8,0.1,0.3,0.4,0.058,-2.6,-0.3,-2.8,-0.1
robinmi01,Mitchell Robinson,2024-25,26.0,NYK,NYK,False,C,17.0,3.0,290.0,17.06,6.3,9.6,0.661,0.0,0.0,,6.3,9.6,0.661,0.661,2.2,3.3,0.684,8.9,8.4,17.3,2.2,2.7,3.1,1.7,4.4,14.9,143.0,108.0,20.4,0.676,0.0,0.339,20.8,19.2,20.0,5.9,2.7,5.8,13.4,11.1,0.8,0.5,1.3,0.221,1.5,1.8,3.3,0.4
minotjo01,Josh Minott,2024-25,22.0,MIN,MIN,False,SF,46.0,0.0,276.0,6.0,7.9,16.1,0.489,2.5,7.7,0.326,5.4,8.4,0.638,0.567,3.0,3.4,0.895,2.1,6.3,8.4,3.2,2.7,2.1,2.0,6.1,21.3,121.0,108.0,15.5,0.605,0.478,0.211,4.9,13.8,9.4,9.5,2.7,4.0,10.1,17.2,0.4,0.5,0.9,0.153,-0.7,2.9,2.2,0.3
brownko01,Kobe Brown,2024-25,25.0,LAC,LAC,False,PF,40.0,0.0,272.0,6.8,6.0,13.0,0.458,1.1,4.7,0.231,4.9,8.3,0.587,0.5,0.9,1.3,0.714,3.4,8.3,11.8,4.3,1.3,0.7,2.2,4.2,13.9,110.0,111.0,10.8,0.513,0.361,0.097,8.0,18.9,13.5,11.9,1.3,1.5,13.8,14.0,0.1,0.4,0.5,0.085,-2.5,0.4,-2.1,0.0
smithdr01,Dru Smith,2024-25,27.0,MIA,MIA,False,SG,14.0,1.0,268.0,19.14,5.8,11.4,0.508,3.0,5.6,0.533,2.8,5.8,0.484,0.639,1.7,2.2,0.75,2.2,4.5,6.7,4.3,3.9,1.1,3.2,5.6,16.2,115.0,109.0,13.3,0.656,0.492,0.197,5.0,9.8,7.4,12.0,3.9,2.1,20.4,13.8,0.2,0.4,0.7,0.118,-1.3,3.4,2.1,0.3
wongis01,Isaiah Wong,2024-25,24.0,CHO,CHO,False,SG,20.0,0.0,265.0,13.25,7.6,19.5,0.39,2.4,6.1,0.394,5.2,13.4,0.389,0.452,4.6,6.3,0.735,2.6,3.3,5.9,5.2,2.0,0.0,3.3,3.9,22.3,103.0,119.0,10.9,0.5,0.314,0.324,5.5,7.4,6.4,16.5,2.0,0.0,13.0,22.1,-0.1,0.1,0.1,0.01,-2.9,-1.0,-4.0,-0.1
baglema01,Marvin Bagley III,2024-25,25.0,,2TM,True,PF,31.0,2.0,265.0,8.55,9.8,18.9,0.519,0.5,3.4,0.158,9.3,15.5,0.598,0.533,4.1,6.2,0.657,6.8,8.2,14.9,2.0,1.6,1.4,2.1,3.2,24.2,117.0,115.0,18.4,0.56,0.179,0.33,15.0,18.2,16.6,6.5,1.6,2.7,9.0,20.9,0.4,0.2,0.6,0.108,0.4,-1.6,-1.2,0.1
tshieos01,Oscar Tshiebwe,2024-25,25.0,UTA,UTA,False,C,14.0,1.0,255.0,18.21,7.9,13.2,0.6,0.0,0.0,,7.9,13.2,0.6,0.6,4.3,5.8,0.742,8.7,14.3,23.0,1.7,2.4,0.2,1.9,4.5,20.1,135.0,114.0,21.0,0.64,0.0,0.443,19.6,31.9,25.8,5.3,2.4,0.4,10.7,15.3,0.7,0.3,1.0,0.182,0.6,-2.0,-1.4,0.0
timmedr01,Drew Timme,2024-25,24.0,BRK,BRK,False,PF,9.0,2.0,254.0,28.22,8.8,20.0,0.441,1.8,6.9,0.257,7.1,13.1,0.537,0.485,2.0,3.1,0.625,3.3,9.4,12.7,3.9,0.8,0.2,2.9,4.1,21.4,100.0,117.0,11.0,0.5,0.343,0.157,7.3,22.5,14.5,13.1,0.8,0.4,12.1,21.3,-0.1,0.2,0.0,0.009,-3.9,-2.8,-6.7,-0.3
baglema02,Marcus Bagley,2024-25,23.0,PHI,PHI,False,SF,10.0,4.0,253.0,25.3,5.3,13.4,0.391,1.0,6.2,0.156,4.3,7.2,0.595,0.428,1.6,1.9,0.8,4.5,9.2,13.6,1.9,1.8,2.3,1.4,3.1,13.1,105.0,115.0,11.8,0.456,0.464,0.145,9.9,21.9,15.7,5.5,1.8,4.7,8.7,13.8,0.0,0.2,0.2,0.045,-3.4,-0.9,-4.3,-0.1
spencca01,Cam Spencer,2024-25,24.0,MEM,MEM,False,SG,25.0,1.0,252.0,10.08,6.3,15.1,0.415,3.5,9.6,0.365,2.8,5.5,0.5,0.53,3.5,3.5,1.0,2.2,3.3,5.5,6.3,1.7,0.2,1.1,4.2,19.6,134.0,117.0,14.2,0.587,0.634,0.232,5.1,7.5,6.3,16.9,1.7,0.4,6.2,15.4,0.6,0.2,0.8,0.16,0.3,0.2,0.5,0.2
loveke01,Kevin Love,2024-25,36.0,MIA,MIA,False,PF,23.0,9.0,251.0,10.91,8.1,22.9,0.357,4.8,13.3,0.358,3.4,9.5,0.354,0.461,3.2,4.6,0.696,4.4,14.3,18.7,4.4,3.0,0.8,2.8,4.2,24.2,103.0,106.0,16.2,0.488,0.583,0.2,9.8,31.4,20.7,13.1,3.0,1.5,10.1,24.6,-0.1,0.5,0.4,0.083,-0.3,0.7,0.4,0.2
spencpa01,Pat Spencer,2024-25,28.0,GSW,GSW,False,PG,39.0,0.0,250.0,6.41,8.0,19.7,0.406,1.0,4.3,0.227,7.0,15.4,0.456,0.431,2.1,2.9,0.733,2.9,6.0,9.0,9.3,2.7,0.6,3.5,3.9,19.1,103.0,111.0,12.6,0.455,0.218,0.149,6.3,13.7,9.9,28.1,2.7,1.1,14.3,21.2,-0.1,0.4,0.3,0.055,-3.0,1.4,-1.6,0.0
thorjt01,JT Thor,2024-25,22.0,,2TM,True,PF,20.0,0.0,249.0,12.45,4.8,11.3,0.424,1.1,4.0,0.286,3.6,7.3,0.5,0.475,2.9,4.2,0.682,3.8,5.4,9.2,1.1,1.5,1.7,1.7,3.3,13.6,106.0,118.0,10.0,0.517,0.356,0.373,8.4,11.8,10.1,3.3,1.5,3.2,11.6,13.1,0.0,0.2,0.2,0.033,-4.3,-1.1,-5.4,-0.2
carlsbr01,Branden Carlson,2024-25,25.0,OKC,OKC,False,C,32.0,0.0,246.0,7.69,8.4,18.9,0.443,4.3,12.9,0.333,4.1,6.0,0.677,0.557,2.7,3.5,0.778,3.3,7.2,10.5,2.7,1.0,4.1,1.4,4.3,23.8,122.0,106.0,17.6,0.581,0.68,0.186,7.6,15.8,11.8,7.5,1.0,8.6,6.3,19.3,0.4,0.5,0.9,0.177,0.5,0.8,1.3,0.2
whiteda01,Dariq Whitehead,2024-25,20.0,BRK,BRK,False,SF,20.0,0.0,246.0,12.3,7.9,19.4,0.406,6.7,15.0,0.446,1.2,4.5,0.273,0.578,0.6,1.0,0.6,0.8,5.1,5.9,2.4,1.2,0.2,3.0,4.5,23.1,102.0,118.0,9.4,0.58,0.771,0.052,1.8,12.1,6.7,7.8,1.2,0.4,13.3,20.1,-0.1,0.1,0.1,0.01,-1.5,-2.2,-3.7,-0.1
davisjo06,Johnny Davis,2024-25,22.0,WAS,WAS,False,SG,34.0,0.0,242.0,7.12,6.3,15.3,0.41,1.4,5.7,0.241,4.9,9.6,0.51,0.455,1.8,2.9,0.6,2.0,5.5,7.5,2.2,2.9,1.2,1.4,3.5,15.7,99.0,117.0,10.2,0.473,0.372,0.192,4.3,12.1,8.2,6.6,2.9,2.2,7.6,15.9,-0.1,0.2,0.1,0.01,-3.5,0.7,-2.8,0.0
martija02,Jaylen Martin,2024-25,21.0,,2TM,True,SF,16.0,0.0,239.0,14.94,6.2,14.7,0.419,1.4,4.6,0.304,4.8,10.2,0.471,0.466,1.8,2.0,0.9,2.2,6.6,8.8,3.4,1.8,0.0,2.4,2.8,15.5,99.0,120.0,9.1,0.497,0.311,0.135,4.8,14.4,9.6,10.3,1.8,0.0,13.3,15.9,-0.1,0.1,0.0,-0.004,-4.5,-1.9,-6.3,-0.3
hylanbo01,Bones Hyland,2024-25,24.0,,2TM,True,PG,24.0,0.0,239.0,9.96,9.7,24.3,0.398,6.6,16.9,0.39,3.1,7.4,0.417,0.534,4.7,5.4,0.885,1.0,4.1,5.2,6.6,3.7,0.8,5.2,6.0,30.7,107.0,108.0,16.0,0.576,0.695,0.22,2.4,9.3,5.9,20.1,3.7,1.7,16.2,28.2,0.1,0.4,0.5,0.095,0.9,1.8,2.7,0.3
tillmxa01,Xavier Tillman Sr.,2024-25,26.0,BOS,BOS,False,C,33.0,2.0,231.0,7.0,2.8,11.5,0.245,1.1,6.9,0.156,1.7,4.6,0.381,0.292,0.7,0.9,0.75,2.2,7.2,9.3,1.5,2.4,1.1,3.0,3.9,7.4,67.0,109.0,2.4,0.31,0.604,0.075,4.7,15.5,10.1,3.8,2.4,2.0,20.4,13.1,-0.7,0.4,-0.3,-0.057,-8.4,0.3,-8.1,-0.4
templga01,Garrett Temple,2024-25,38.0,TOR,TOR,False,SG,28.0,0.0,227.0,8.11,3.8,12.7,0.3,1.3,5.9,0.214,2.5,6.8,0.375,0.35,2.3,2.5,0.917,1.9,4.2,6.1,6.6,3.6,0.4,2.1,4.9,11.2,98.0,112.0,8.5,0.406,0.467,0.2,4.2,9.7,6.8,17.4,3.6,0.8,13.3,13.9,-0.1,0.3,0.2,0.033,-5.7,2.1,-3.6,-0.1
rhodeja01,Jared Rhoden,2024-25,25.0,,2TM,True,SG,14.0,2.0,227.0,16.21,8.9,18.5,0.483,2.5,8.3,0.308,6.4,10.2,0.625,0.552,4.7,5.3,0.88,3.0,5.9,8.9,3.4,2.1,0.4,1.9,4.2,25.1,122.0,115.0,16.4,0.602,0.448,0.287,6.5,13.5,9.9,10.5,2.1,0.8,8.4,19.7,0.4,0.2,0.6,0.131,-0.5,0.0,-0.5,0.1
garzalu01,Luka Garza,2024-25,26.0,MIN,MIN,False,C,39.0,0.0,219.0,5.62,11.7,23.7,0.495,2.3,8.1,0.278,9.5,15.5,0.609,0.543,5.4,7.9,0.686,7.0,5.2,12.2,2.5,1.4,0.7,2.7,6.5,31.1,118.0,114.0,18.8,0.573,0.343,0.333,16.0,11.5,13.7,8.2,1.4,1.3,9.1,26.2,0.4,0.3,0.7,0.144,-0.4,-1.9,-2.3,0.0
hukpoar01,Ariel Hukporti,2024-25,22.0,NYK,NYK,False,C,25.0,1.0,217.0,8.68,4.8,7.1,0.677,0.0,0.0,,4.8,7.1,0.677,0.677,1.4,3.0,0.462,3.2,8.5,11.7,2.5,0.2,3.4,4.8,7.3,11.0,95.0,113.0,7.6,0.654,0.0,0.419,7.5,19.4,13.5,6.4,0.2,6.4,36.4,11.6,-0.2,0.3,0.1,0.02,-6.5,0.9,-5.6,-0.2
reeseal01,Alex Reese,2024-25,25.0,,2TM,True,PF,15.0,0.0,216.0,14.4,5.9,12.3,0.481,3.4,9.4,0.366,2.5,3.0,0.846,0.62,2.1,2.7,0.75,2.1,8.7,10.7,0.9,2.3,2.3,1.4,4.8,17.3,122.0,114.0,14.0,0.641,0.759,0.222,4.5,20.8,12.3,2.6,2.3,4.5,9.2,13.2,0.3,0.2,0.5,0.109,-0.9,-0.3,-1.2,0.0
saricda01,Dario Šarić,2024-25,30.0,DEN,DEN,False,C,16.0,4.0,210.0,13.12,4.8,13.3,0.362,1.6,6.0,0.269,3.2,7.3,0.438,0.422,1.6,2.3,0.7,3.2,8.2,11.4,5.3,1.6,0.2,3.4,4.4,12.8,97.0,116.0,7.7,0.449,0.448,0.172,7.7,17.9,13.1,13.1,1.6,0.4,19.4,15.6,-0.2,0.2,0.0,0.001,-4.4,-0.4,-4.8,-0.1
flaglad01,Adam Flagler,2024-25,25.0,OKC,OKC,False,SG,37.0,0.0,203.0,5.49,5.9,22.7,0.26,3.3,17.0,0.194,2.6,5.7,0.458,0.333,0.2,0.5,0.5,1.7,4.7,6.4,2.8,1.9,0.7,0.9,3.5,15.4,80.0,110.0,3.7,0.335,0.75,0.021,3.8,10.3,7.1,7.3,1.9,1.5,4.0,21.1,-0.6,0.3,-0.3,-0.062,-8.1,-2.3,-10.3,-0.4
okekech01,Chuma Okeke,2024-25,26.0,,2TM,True,PF,9.0,3.0,196.0,21.78,5.0,10.0,0.5,2.8,7.0,0.393,2.3,3.0,0.75,0.638,0.5,0.8,0.667,5.3,6.5,11.8,3.8,1.3,1.0,0.8,1.3,13.3,144.0,119.0,15.3,0.641,0.7,0.075,11.7,15.5,13.5,10.5,1.3,2.0,6.8,9.8,0.5,0.1,0.6,0.145,1.6,-1.8,-0.2,0.1
peterdr01,Drew Peterson,2024-25,25.0,BOS,BOS,False,PF,25.0,1.0,186.0,7.44,4.6,11.1,0.415,3.5,8.9,0.394,1.1,2.2,0.5,0.573,1.9,2.4,0.778,2.4,8.4,10.8,3.5,1.3,0.5,2.2,4.9,14.6,119.0,112.0,10.5,0.601,0.805,0.22,5.3,18.1,11.7,9.1,1.3,1.0,15.1,12.5,0.2,0.3,0.4,0.115,-1.8,1.0,-0.8,0.1
fultzma01,Markelle Fultz,2024-25,26.0,SAC,SAC,False,PG,21.0,0.0,184.0,8.76,7.4,17.8,0.418,1.1,2.1,0.5,6.4,15.7,0.407,0.448,0.3,0.3,1.0,1.6,3.7,5.3,7.2,2.7,0.5,4.0,3.2,16.2,93.0,116.0,8.9,0.452,0.119,0.015,3.6,8.5,6.1,20.0,2.7,1.1,18.2,19.3,-0.3,0.2,-0.1,-0.026,-4.5,-0.2,-4.7,-0.1
quinole01,Lester Quiñones,2024-25,24.0,,2TM,True,SG,13.0,0.0,183.0,14.08,8.2,20.7,0.397,3.4,11.7,0.295,4.8,9.0,0.529,0.481,2.9,3.4,0.846,1.1,4.0,5.0,6.4,0.8,0.5,3.7,4.8,22.8,102.0,124.0,9.5,0.514,0.564,0.167,2.4,9.1,5.7,19.4,0.8,1.0,14.3,22.6,-0.1,0.0,-0.1,-0.025,-3.2,-2.9,-6.1,-0.2
jamesbr02,Bronny James,2024-25,20.0,LAL,LAL,False,SG,27.0,1.0,181.0,6.7,5.7,18.2,0.313,2.4,8.7,0.281,3.3,9.5,0.343,0.381,3.0,3.8,0.786,1.1,3.8,4.9,6.0,2.4,0.8,3.5,3.5,16.8,89.0,115.0,7.1,0.424,0.478,0.209,2.6,8.5,5.6,16.5,2.4,1.6,15.1,20.9,-0.3,0.2,-0.2,-0.043,-5.9,-1.3,-7.2,-0.2
freemen01,Enrique Freeman,2024-25,24.0,IND,IND,False,PF,22.0,1.0,181.0,8.23,4.2,9.8,0.432,0.3,2.7,0.1,4.0,7.2,0.556,0.446,3.5,5.0,0.684,2.9,5.0,8.0,2.4,0.8,0.8,1.6,5.6,12.2,109.0,118.0,7.4,0.507,0.27,0.514,6.8,11.6,9.2,6.1,0.8,1.5,11.7,12.3,0.0,0.1,0.2,0.046,-4.9,-1.4,-6.3,-0.2
swideco01,Cole Swider,2024-25,25.0,,2TM,True,SF,10.0,0.0,169.0,16.9,6.3,17.9,0.349,4.3,13.4,0.319,2.0,4.6,0.438,0.468,0.0,0.3,0.0,1.4,6.3,7.7,0.9,1.1,0.6,1.1,3.4,16.8,93.0,116.0,6.5,0.465,0.746,0.016,3.1,14.3,8.6,2.3,1.1,1.1,5.9,16.7,-0.2,0.1,0.0,-0.009,-4.9,-2.4,-7.3,-0.2
nowelja01,Jaylen Nowell,2024-25,25.0,NOP,NOP,False,SG,8.0,0.0,168.0,21.0,7.5,21.0,0.356,2.3,7.8,0.296,5.2,13.3,0.391,0.411,2.0,3.2,0.636,1.7,4.0,5.8,5.2,0.3,1.2,2.3,2.6,19.3,94.0,125.0,7.5,0.43,0.37,0.151,3.7,9.3,6.4,15.6,0.3,2.3,9.3,21.6,-0.2,0.0,-0.2,-0.069,-3.2,-2.5,-5.7,-0.2
morrima02,Markieff Morris,2024-25,35.0,,2TM,True,PF,15.0,2.0,165.0,11.0,6.2,20.8,0.3,2.7,10.7,0.25,3.6,10.1,0.353,0.364,1.5,1.8,0.833,0.9,5.9,6.8,6.2,0.6,0.9,1.5,4.8,16.6,91.0,118.0,6.0,0.385,0.514,0.086,2.1,13.1,7.8,17.5,0.6,1.7,6.4,20.5,-0.3,0.1,-0.2,-0.044,-5.2,-2.5,-7.6,-0.2
hayeski01,Killian Hayes,2024-25,23.0,BRK,BRK,False,PG,6.0,5.0,162.0,27.0,5.5,13.2,0.419,2.5,6.5,0.381,3.1,6.8,0.455,0.512,3.1,3.7,0.833,1.5,4.0,5.5,9.5,1.2,1.2,2.8,4.0,16.6,119.0,118.0,12.7,0.559,0.488,0.279,3.3,9.6,6.3,28.6,1.2,2.5,15.7,15.5,0.2,0.1,0.3,0.095,-0.5,-0.1,-0.6,0.1
beaucma01,MarJon Beauchamp,2024-25,24.0,,3TM,True,SF,35.0,0.0,156.0,4.46,8.4,20.2,0.415,3.1,9.0,0.345,5.3,11.2,0.472,0.492,4.7,6.2,0.75,3.4,10.3,13.7,3.4,1.2,0.3,4.7,4.4,24.6,99.0,113.0,12.3,0.535,0.446,0.308,8.0,22.6,15.6,10.2,1.2,0.6,16.9,24.9,-0.1,0.2,0.1,0.02,-2.7,-1.6,-4.3,-0.1
stevela01,Lamar Stevens,2024-25,27.0,MEM,MEM,False,PF,17.0,1.0,155.0,9.12,8.7,18.9,0.46,2.4,8.1,0.296,6.3,10.8,0.583,0.524,2.4,3.3,0.727,1.2,10.2,11.4,2.4,1.5,0.9,3.0,4.5,22.2,103.0,112.0,11.5,0.545,0.429,0.175,2.8,23.0,13.0,6.9,1.5,1.8,12.8,20.2,0.0,0.2,0.2,0.052,-3.6,-0.6,-4.2,-0.1
etienty01,Tyson Etienne,2024-25,25.0,BRK,BRK,False,PG,7.0,0.0,151.0,21.57,5.6,17.1,0.327,4.3,14.5,0.295,1.3,2.6,0.5,0.452,2.6,3.3,0.8,1.0,2.0,3.0,4.0,1.0,0.3,2.6,5.6,18.1,98.0,121.0,5.6,0.488,0.846,0.192,2.2,4.7,3.4,11.9,1.0,0.7,12.4,18.6,-0.1,0.1,-0.1,-0.021,-5.7,-3.1,-8.8,-0.3
richajo01,Josh Richardson,2024-25,31.0,MIA,MIA,False,SG,8.0,0.0,150.0,18.75,3.7,12.6,0.289,2.0,7.3,0.273,1.7,5.3,0.313,0.368,1.3,1.3,1.0,2.0,2.0,4.0,4.0,2.7,0.3,2.7,5.7,10.6,87.0,114.0,4.4,0.402,0.579,0.105,4.5,4.4,4.4,10.5,2.7,0.6,16.8,14.1,-0.2,0.2,-0.1,-0.021,-7.3,0.6,-6.7,-0.2
willije02,Nate Williams,2024-25,25.0,HOU,HOU,False,SG,20.0,0.0,147.0,7.35,8.9,20.5,0.435,2.0,8.6,0.231,7.0,11.9,0.583,0.484,1.7,2.6,0.625,1.7,2.6,4.3,3.0,2.6,1.3,4.6,5.3,21.5,92.0,111.0,8.6,0.496,0.419,0.129,3.6,5.9,4.7,8.8,2.6,2.4,17.6,22.3,-0.2,0.2,0.0,-0.007,-5.5,-0.2,-5.7,-0.1
fernabr01,Bruno Fernando,2024-25,26.0,TOR,TOR,False,C,17.0,2.0,147.0,8.65,8.5,16.0,0.531,0.0,0.0,,8.5,16.0,0.531,0.531,2.0,2.6,0.75,6.9,9.8,16.7,5.9,1.3,2.9,4.6,8.8,19.0,108.0,111.0,15.3,0.552,0.0,0.163,15.0,22.4,18.6,17.9,1.3,5.8,21.0,18.9,0.0,0.2,0.3,0.085,-3.0,2.3,-0.7,0.1
leeda03,Damion Lee,2024-25,32.0,PHO,PHO,False,SG,25.0,0.0,144.0,5.76,9.3,25.4,0.365,3.1,12.7,0.243,6.2,12.7,0.486,0.426,6.9,7.2,0.952,1.0,5.8,6.9,3.8,2.1,0.0,3.4,2.1,28.5,98.0,120.0,11.9,0.499,0.5,0.284,2.4,12.8,7.8,11.5,2.1,0.0,10.7,28.6,-0.2,0.1,-0.1,-0.031,-2.9,-2.1,-5.1,-0.1
brissos01,Oshae Brissett,2024-25,26.0,PHI,PHI,False,SF,6.0,2.0,142.0,23.67,6.6,13.5,0.487,2.1,6.2,0.333,4.5,7.3,0.619,0.564,2.8,4.9,0.571,2.4,5.2,7.6,1.4,1.4,1.0,2.8,4.9,18.1,105.0,120.0,9.8,0.576,0.462,0.359,5.4,12.5,8.8,4.1,1.4,2.1,15.0,16.3,0.0,0.1,0.1,0.019,-3.7,-2.6,-6.3,-0.1
harklej01,Elijah Harkless,2024-25,24.0,UTA,UTA,False,SG,10.0,0.0,138.0,13.8,3.8,12.2,0.314,2.4,8.7,0.28,1.4,3.5,0.4,0.414,1.0,2.1,0.5,3.1,4.2,7.3,2.8,3.5,0.3,1.0,6.3,11.1,103.0,118.0,7.8,0.425,0.714,0.171,7.1,9.3,8.2,7.7,3.5,0.7,7.4,12.3,0.0,0.1,0.1,0.023,-5.2,1.5,-3.8,-0.1
nancepe01,Pete Nance,2024-25,24.0,,2TM,True,C,13.0,1.0,138.0,10.62,5.0,11.3,0.438,3.2,8.5,0.375,1.8,2.8,0.625,0.578,0.4,0.7,0.5,1.8,5.7,7.4,3.5,0.7,0.7,1.4,6.0,13.4,117.0,119.0,8.5,0.578,0.75,0.063,4.0,12.9,8.4,9.7,0.7,1.4,10.8,11.7,0.1,0.1,0.2,0.064,-3.1,-1.7,-4.9,-0.1
cancavl01,Vlatko Čančar,2024-25,27.0,DEN,DEN,False,PF,13.0,0.0,136.0,10.46,3.5,9.2,0.385,1.4,5.3,0.267,2.1,3.9,0.545,0.462,0.0,0.0,,2.1,9.2,11.3,3.2,1.1,0.7,3.9,3.5,8.5,83.0,116.0,4.6,0.462,0.577,0.0,5.1,20.0,12.9,7.7,1.1,1.3,29.7,11.5,-0.2,0.1,-0.1,-0.034,-6.5,-0.6,-7.1,-0.2
kelleky01,Kylor Kelley,2024-25,27.0,,2TM,True,C,11.0,2.0,126.0,11.45,5.4,8.5,0.636,0.0,0.0,,5.4,8.5,0.636,0.636,2.3,3.8,0.6,4.6,10.4,15.0,1.9,0.4,1.2,1.5,5.8,13.1,129.0,118.0,12.1,0.644,0.0,0.455,10.4,23.4,16.8,5.3,0.4,2.1,13.2,10.3,0.2,0.1,0.3,0.102,-3.5,-1.9,-5.4,-0.1
ducasal01,Alex Ducas,2024-25,24.0,OKC,OKC,False,SG,21.0,0.0,125.0,5.95,4.6,11.5,0.4,3.8,8.1,0.476,0.8,3.5,0.222,0.567,0.8,0.8,1.0,3.5,6.5,10.0,1.9,1.9,0.0,1.5,4.6,13.8,120.0,110.0,10.1,0.583,0.7,0.067,7.9,14.3,11.2,4.8,1.9,0.0,11.5,11.8,0.1,0.2,0.3,0.125,-2.1,0.1,-2.0,0.0
jonessp01,Spencer Jones,2024-25,23.0,DEN,DEN,False,SF,20.0,0.0,125.0,6.25,4.2,13.1,0.324,0.4,6.5,0.059,3.8,6.5,0.588,0.338,1.2,1.2,1.0,3.1,3.5,6.5,1.9,1.9,1.9,1.9,6.5,10.0,86.0,116.0,4.5,0.368,0.5,0.088,7.4,7.5,7.5,4.7,1.9,3.6,12.4,13.7,-0.2,0.1,-0.1,-0.031,-7.7,-0.8,-8.5,-0.2
bufkiko01,Kobe Bufkin,2024-25,21.0,ATL,ATL,False,SG,10.0,0.0,124.0,12.4,6.8,17.7,0.383,1.5,7.2,0.211,5.3,10.6,0.5,0.426,4.9,6.8,0.722,1.9,6.0,7.9,6.4,1.1,0.8,3.0,3.4,20.0,103.0,118.0,10.5,0.483,0.404,0.383,4.3,14.5,9.3,18.2,1.1,1.5,12.7,20.8,0.0,0.1,0.0,0.018,-3.4,-0.5,-4.0,-0.1
smithty02,Tyler Smith,2024-25,20.0,MIL,MIL,False,PF,23.0,0.0,122.0,5.3,9.5,19.8,0.48,5.2,11.9,0.433,4.4,7.9,0.55,0.61,2.4,3.2,0.75,2.4,7.5,9.9,1.6,1.2,1.6,3.2,4.4,26.6,110.0,113.0,15.2,0.626,0.6,0.16,5.6,16.3,11.1,4.9,1.2,3.1,13.0,22.1,0.1,0.1,0.2,0.083,0.4,-1.2,-0.9,0.0
meltode01,De'Anthony Melton,2024-25,26.0,GSW,GSW,False,SG,6.0,2.0,121.0,20.17,8.8,21.7,0.407,5.2,14.1,0.371,3.6,7.6,0.474,0.528,2.0,3.2,0.625,2.4,5.6,8.0,6.8,2.8,0.8,4.0,7.2,24.9,106.0,110.0,13.3,0.539,0.648,0.148,5.2,12.8,8.9,21.1,2.8,1.6,14.8,23.5,0.0,0.2,0.2,0.076,-1.6,0.8,-0.8,0.0
brownmo01,Moses Brown,2024-25,25.0,,2TM,True,C,13.0,2.0,119.0,9.15,13.8,19.9,0.694,0.0,0.0,,13.8,19.9,0.694,0.694,3.2,4.5,0.727,4.9,13.0,17.8,0.8,2.4,1.6,4.5,6.9,30.8,116.0,109.0,22.4,0.706,0.0,0.224,11.3,29.0,20.3,2.9,2.4,2.9,17.0,23.5,0.2,0.2,0.4,0.146,-0.3,0.5,0.1,0.1
washity02,TyTy Washington Jr.,2024-25,23.0,PHO,PHO,False,PG,16.0,0.0,118.0,7.38,5.9,18.9,0.311,1.7,8.8,0.19,4.2,10.1,0.417,0.356,1.3,2.5,0.5,1.7,3.8,5.4,6.7,1.3,0.0,1.3,1.7,14.7,92.0,123.0,6.5,0.367,0.467,0.133,3.9,8.3,6.1,18.5,1.3,0.0,5.9,19.0,-0.2,0.0,-0.2,-0.065,-5.6,-2.5,-8.0,-0.2
alexatr01,Trey Alexander,2024-25,21.0,DEN,DEN,False,SG,24.0,0.0,117.0,4.88,5.3,16.9,0.317,1.2,7.0,0.176,4.1,9.9,0.417,0.354,1.2,1.6,0.75,0.4,4.5,4.9,4.5,0.8,0.4,2.1,4.1,13.2,84.0,120.0,2.9,0.374,0.415,0.098,1.0,9.8,5.6,11.4,0.8,0.8,10.5,17.3,-0.2,0.0,-0.2,-0.077,-7.9,-1.8,-9.7,-0.2
inglejo01,Joe Ingles,2024-25,37.0,MIN,MIN,False,SF,19.0,1.0,114.0,6.0,2.6,10.0,0.261,1.3,6.5,0.2,1.3,3.5,0.375,0.326,0.0,0.0,,0.9,3.9,4.8,10.0,0.9,0.0,3.9,5.2,6.5,86.0,116.0,2.4,0.326,0.652,0.0,2.0,8.6,5.4,25.4,0.9,0.0,28.1,12.2,-0.2,0.1,-0.1,-0.035,-6.9,-0.1,-7.0,-0.1
cissosi01,Sidy Cissoko,2024-25,20.0,,2TM,True,SF,22.0,0.0,114.0,5.18,5.5,12.8,0.433,1.3,5.5,0.231,4.3,7.2,0.588,0.483,1.3,3.8,0.333,3.4,5.5,8.9,6.4,0.9,0.4,4.7,4.3,13.6,91.0,119.0,6.7,0.471,0.433,0.3,7.4,12.4,9.9,17.7,0.9,0.8,24.5,16.6,-0.2,0.1,-0.1,-0.045,-4.8,-0.3,-5.1,-0.1
bradlto01,Tony Bradley,2024-25,27.0,IND,IND,False,C,14.0,0.0,113.0,8.07,12.3,19.1,0.644,0.4,1.3,0.333,11.9,17.9,0.667,0.656,0.9,2.6,0.333,7.7,10.2,17.9,2.6,0.9,3.8,2.1,4.7,25.9,127.0,111.0,23.2,0.64,0.067,0.133,17.9,23.5,20.7,8.3,0.9,7.2,9.5,20.1,0.3,0.2,0.4,0.187,1.5,-0.3,1.2,0.1
simsja01,Jaylen Sims,2024-25,26.0,CHO,CHO,False,SG,6.0,0.0,112.0,18.67,5.3,12.3,0.429,2.6,6.6,0.4,2.6,5.7,0.462,0.536,5.3,6.6,0.8,1.3,1.3,2.6,5.3,1.3,0.4,3.5,4.4,18.4,113.0,121.0,9.8,0.607,0.536,0.536,2.8,2.9,2.9,15.6,1.3,0.9,18.8,16.2,0.1,0.0,0.1,0.048,-2.8,-1.3,-4.1,-0.1
dadiepa01,Pacôme Dadiet,2024-25,19.0,NYK,NYK,False,SG,18.0,0.0,111.0,6.17,4.5,13.9,0.323,2.7,8.5,0.316,1.8,5.4,0.333,0.419,1.8,2.7,0.667,1.3,6.7,8.0,2.2,1.3,0.9,1.8,3.1,13.4,94.0,115.0,6.3,0.446,0.613,0.194,3.1,15.4,9.3,5.6,1.3,1.7,10.6,14.7,-0.1,0.1,0.0,0.002,-4.9,-1.5,-6.5,-0.1
baldwpa01,Patrick Baldwin Jr.,2024-25,22.0,,2TM,True,SF,24.0,0.0,107.0,4.46,8.5,15.6,0.543,5.8,10.2,0.565,2.7,5.3,0.5,0.729,0.9,1.8,0.5,2.2,8.9,11.1,1.3,1.3,0.9,2.2,3.1,23.6,122.0,118.0,16.2,0.721,0.657,0.114,4.8,19.7,12.3,4.6,1.3,1.7,12.0,16.4,0.1,0.1,0.2,0.098,2.4,-0.9,1.5,0.1
livinch01,Chris Livingston,2024-25,21.0,MIL,MIL,False,SF,21.0,1.0,106.0,5.05,4.1,12.3,0.333,0.0,3.6,0.0,4.1,8.7,0.474,0.333,5.5,7.3,0.75,4.6,11.4,16.0,2.3,2.3,0.0,2.7,3.6,13.7,97.0,110.0,9.8,0.441,0.296,0.593,10.7,24.6,17.9,6.0,2.3,0.0,15.0,16.6,-0.1,0.2,0.1,0.035,-5.0,-1.1,-6.1,-0.1
crowdja01,Jae Crowder,2024-25,34.0,SAC,SAC,False,PF,9.0,2.0,103.0,11.44,3.3,10.4,0.318,1.9,7.1,0.267,1.4,3.3,0.429,0.409,2.4,2.8,0.833,2.8,6.6,9.5,2.8,1.4,0.0,1.9,4.7,10.9,103.0,118.0,6.6,0.467,0.682,0.273,6.5,15.3,10.9,7.1,1.4,0.0,14.0,12.0,0.0,0.1,0.1,0.026,-3.8,-0.5,-4.3,-0.1
minayju01,Justin Minaya,2024-25,25.0,POR,POR,False,SF,19.0,0.0,101.0,5.32,3.8,10.1,0.381,1.0,4.8,0.2,2.9,5.3,0.545,0.429,0.0,1.0,0.0,2.4,2.4,4.8,3.4,2.9,0.5,2.4,5.8,8.7,89.0,115.0,5.0,0.411,0.476,0.095,5.2,5.5,5.4,9.1,2.9,0.9,18.6,11.1,-0.1,0.1,0.0,-0.007,-7.1,1.7,-5.4,-0.1
johnske10,Keshad Johnson,2024-25,23.0,MIA,MIA,False,SF,16.0,0.0,98.0,6.12,9.2,13.2,0.692,1.5,3.6,0.429,7.6,9.7,0.789,0.75,2.0,4.6,0.444,3.1,11.2,14.3,2.0,2.5,2.0,2.0,5.6,21.9,128.0,107.0,19.1,0.718,0.269,0.346,6.8,24.6,15.8,6.3,2.5,3.9,11.8,15.4,0.2,0.2,0.4,0.181,-1.0,0.9,-0.1,0.0
kawamyu01,Yuki Kawamura,2024-25,23.0,MEM,MEM,False,PG,22.0,0.0,93.0,4.23,5.5,15.0,0.367,3.5,11.5,0.304,2.0,3.5,0.571,0.483,3.5,4.5,0.778,0.0,6.0,6.0,9.5,1.0,0.0,2.5,4.0,18.0,117.0,117.0,11.0,0.53,0.767,0.3,0.0,13.5,6.8,25.1,1.0,0.0,12.8,16.9,0.1,0.1,0.2,0.095,-2.6,-0.2,-2.8,0.0
davisjd01,JD Davison,2024-25,22.0,BOS,BOS,False,PG,16.0,0.0,93.0,5.81,6.5,18.3,0.353,2.2,9.7,0.222,4.3,8.6,0.5,0.412,2.7,3.8,0.714,1.1,5.9,7.0,7.0,2.7,0.5,7.0,1.1,17.8,82.0,110.0,6.5,0.445,0.529,0.206,2.3,12.8,7.6,19.1,2.7,1.0,26.0,23.6,-0.3,0.1,-0.2,-0.081,-5.9,-0.3,-6.2,-0.1
travelu01,Luke Travers,2024-25,23.0,CLE,CLE,False,SG,12.0,0.0,88.0,7.33,2.7,10.9,0.25,0.0,4.9,0.0,2.7,6.0,0.455,0.25,1.1,1.1,1.0,4.4,6.6,10.9,4.4,0.5,0.5,4.4,3.3,6.6,76.0,115.0,1.9,0.287,0.45,0.1,10.1,14.4,12.3,10.5,0.5,1.0,27.7,13.9,-0.2,0.1,-0.1,-0.082,-7.8,-1.9,-9.7,-0.2
umudest01,Stanley Umude,2024-25,25.0,MIL,MIL,False,SG,22.0,0.0,86.0,3.91,2.8,14.6,0.192,1.7,8.4,0.2,1.1,6.2,0.182,0.25,1.1,2.2,0.5,2.2,7.3,9.6,2.2,1.7,3.4,1.7,4.5,8.4,68.0,110.0,3.4,0.27,0.577,0.154,5.3,15.8,10.7,5.7,1.7,6.5,9.8,15.7,-0.3,0.1,-0.2,-0.086,-7.5,-0.7,-8.1,-0.1
knoxke01,Kevin Knox,2024-25,25.0,GSW,GSW,False,SF,14.0,0.0,84.0,6.0,10.4,20.8,0.5,2.3,8.7,0.267,8.1,12.2,0.667,0.556,3.5,4.6,0.75,4.1,5.8,9.8,2.9,1.2,2.3,2.3,3.5,26.6,116.0,112.0,17.1,0.582,0.417,0.222,8.7,13.2,10.9,9.4,1.2,4.5,9.2,21.8,0.1,0.1,0.2,0.121,-0.7,-0.6,-1.3,0.0
jacksis01,Isaiah Jackson,2024-25,23.0,IND,IND,False,C,5.0,1.0,84.0,16.8,8.0,13.2,0.609,0.0,0.0,,8.0,13.2,0.609,0.609,4.0,8.0,0.5,6.3,9.7,16.0,2.9,1.7,4.6,2.9,8.0,20.0,119.0,108.0,18.2,0.6,0.0,0.609,14.7,22.3,18.6,8.1,1.7,8.6,14.6,17.6,0.1,0.1,0.3,0.153,-1.0,1.8,0.8,0.1
garrema01,Marcus Garrett,2024-25,26.0,CHO,CHO,False,SG,4.0,0.0,79.0,19.75,6.8,16.8,0.407,1.9,5.0,0.375,5.0,11.8,0.421,0.463,1.9,2.5,0.75,0.6,3.1,3.7,8.1,1.9,1.2,3.7,6.2,17.4,99.0,118.0,8.7,0.487,0.296,0.148,1.3,6.9,4.0,25.1,1.9,2.5,17.3,18.7,-0.1,0.1,0.0,-0.002,-5.4,-2.2,-7.6,-0.1
toppija01,Jacob Toppin,2024-25,24.0,,2TM,True,SF,17.0,0.0,76.0,4.47,5.8,14.1,0.409,3.2,6.4,0.5,2.6,7.7,0.333,0.523,0.0,0.0,,1.9,7.7,9.6,3.8,1.3,0.0,1.9,1.9,14.7,103.0,117.0,9.2,0.523,0.455,0.0,4.5,17.9,11.2,10.2,1.3,0.0,12.0,13.9,0.0,0.1,0.0,0.03,-1.8,-0.8,-2.6,0.0
batesem01,Emoni Bates,2024-25,21.0,CLE,CLE,False,SF,10.0,0.0,75.0,7.5,8.3,24.4,0.342,7.1,19.2,0.367,1.3,5.1,0.25,0.487,0.0,0.0,,0.0,4.5,4.5,5.1,0.6,0.6,1.3,2.6,23.7,105.0,117.0,9.8,0.487,0.789,0.0,0.0,9.8,5.1,14.2,0.6,1.2,5.0,22.6,0.0,0.1,0.1,0.038,-0.5,-1.0,-1.5,0.0
hendrta01,Taylor Hendricks,2024-25,21.0,UTA,UTA,False,PF,3.0,3.0,75.0,25.0,2.6,11.5,0.222,1.9,7.7,0.25,0.6,3.8,0.167,0.306,1.9,2.6,0.75,3.2,6.4,9.6,1.3,3.2,2.6,1.3,5.1,9.0,88.0,114.0,7.1,0.354,0.667,0.222,7.2,14.3,10.8,3.4,3.2,5.0,9.2,12.1,-0.1,0.1,0.0,-0.008,-4.8,1.3,-3.5,0.0
duartch01,Chris Duarte,2024-25,27.0,CHI,CHI,False,SG,17.0,0.0,74.0,4.35,7.6,16.4,0.462,3.8,9.5,0.4,3.8,6.9,0.545,0.577,3.8,5.0,0.75,3.2,9.5,12.6,5.7,0.0,0.0,0.6,4.4,22.7,136.0,119.0,16.5,0.61,0.577,0.308,7.2,20.9,14.2,16.6,0.0,0.0,3.3,17.2,0.2,0.0,0.3,0.171,2.2,-1.0,1.2,0.1
plowdda01,Daeqwon Plowden,2024-25,26.0,ATL,ATL,False,SG,6.0,0.0,72.0,12.0,10.4,16.2,0.64,5.8,11.0,0.529,4.5,5.2,0.875,0.82,1.3,1.3,1.0,2.6,4.5,7.1,1.3,0.0,0.0,2.6,6.5,27.9,135.0,122.0,16.1,0.831,0.68,0.08,5.9,10.9,8.4,4.1,0.0,0.0,13.4,17.0,0.2,0.0,0.2,0.125,1.5,-1.5,-0.1,0.0
dennira01,RayJ Dennis,2024-25,23.0,IND,IND,False,PG,11.0,0.0,70.0,6.36,7.6,22.7,0.333,4.1,14.4,0.286,3.4,8.2,0.417,0.424,1.4,1.4,1.0,1.4,6.9,8.2,9.6,4.8,1.4,3.4,4.8,20.6,97.0,107.0,13.9,0.443,0.636,0.061,3.2,15.8,9.6,26.9,4.8,2.6,12.9,24.0,-0.1,0.1,0.1,0.036,-2.2,3.0,0.7,0.0
chrisjo01,Josh Christopher,2024-25,23.0,MIA,MIA,False,SG,14.0,0.0,69.0,4.93,8.0,22.4,0.355,1.4,8.0,0.182,6.5,14.5,0.45,0.387,2.9,4.3,0.667,0.0,6.5,6.5,5.8,3.6,2.2,4.3,1.4,20.2,82.0,107.0,9.4,0.416,0.355,0.194,0.0,14.3,7.2,17.2,3.6,4.2,15.1,25.5,-0.2,0.1,-0.1,-0.073,-7.5,-0.4,-7.9,-0.1
ryanma01,Matt Ryan,2024-25,27.0,NYK,NYK,False,SF,19.0,0.0,68.0,3.58,7.3,22.6,0.323,4.4,13.9,0.316,2.9,8.8,0.333,0.419,1.5,1.5,1.0,0.0,5.8,5.8,2.2,1.5,0.0,2.2,0.7,20.4,88.0,117.0,6.1,0.439,0.613,0.065,0.0,13.4,6.8,5.9,1.5,0.0,8.6,22.3,-0.1,0.1,-0.1,-0.057,-5.1,-2.3,-7.5,-0.1
armeltr01,Armel Traoré,2024-25,22.0,LAL,LAL,False,SF,9.0,0.0,67.0,7.44,4.4,13.9,0.316,0.0,5.1,0.0,4.4,8.8,0.5,0.316,1.5,5.1,0.286,1.5,9.5,11.0,0.7,2.9,1.5,2.2,4.4,10.3,65.0,109.0,3.5,0.317,0.368,0.368,3.5,21.2,12.6,2.0,2.9,2.8,12.0,16.4,-0.2,0.1,-0.1,-0.092,-9.5,-0.4,-9.8,-0.1
hallpj01,PJ Hall,2024-25,22.0,DEN,DEN,False,C,19.0,0.0,66.0,3.47,10.2,17.5,0.583,1.5,5.8,0.25,8.7,11.7,0.75,0.625,2.2,2.9,0.75,4.4,11.7,16.0,2.9,0.0,2.9,1.5,8.0,24.0,131.0,114.0,18.3,0.641,0.333,0.167,10.5,25.4,18.3,8.4,0.0,5.4,7.2,17.8,0.2,0.1,0.2,0.168,-0.7,-0.6,-1.3,0.0
tomlina01,Nae'Qwan Tomlin,2024-25,24.0,CLE,CLE,False,PF,5.0,1.0,63.0,12.6,9.9,24.4,0.406,1.5,7.6,0.2,8.4,16.8,0.5,0.438,6.1,8.4,0.727,6.9,9.2,16.0,1.5,0.0,0.8,1.5,6.9,27.5,112.0,115.0,14.4,0.489,0.313,0.344,15.9,20.1,18.1,4.4,0.0,1.4,5.1,26.1,0.1,0.1,0.1,0.093,-3.0,-2.4,-5.5,-0.1
bouyeja01,Jamaree Bouyea,2024-25,25.0,MIL,MIL,False,PG,5.0,1.0,62.0,12.4,4.7,9.4,0.5,0.8,3.9,0.2,3.9,5.5,0.714,0.542,3.1,4.7,0.667,0.8,3.1,3.9,7.8,3.1,1.6,6.2,1.6,13.3,94.0,112.0,9.7,0.581,0.417,0.5,1.8,6.7,4.4,20.8,3.1,3.0,35.3,16.0,-0.1,0.1,0.0,0.007,-4.6,-0.9,-5.4,0.0
chrisca02,Cam Christie,2024-25,19.0,LAC,LAC,False,SG,13.0,0.0,59.0,4.54,5.8,20.0,0.292,1.7,10.8,0.154,4.2,9.2,0.455,0.333,1.7,3.3,0.5,2.5,7.5,10.0,5.0,4.2,0.8,1.7,3.3,15.0,86.0,105.0,9.1,0.349,0.542,0.167,5.8,17.0,11.5,13.7,4.2,1.7,7.2,20.5,-0.1,0.1,0.0,-0.005,-5.5,3.0,-2.5,0.0
tuckepj01,P.J. Tucker,2024-25,39.0,NYK,NYK,False,SF,3.0,1.0,58.0,19.33,2.6,6.0,0.429,2.6,5.1,0.5,0.0,0.9,0.0,0.643,0.0,0.0,,3.4,3.4,6.8,0.0,0.9,0.9,0.9,6.8,7.7,129.0,118.0,5.5,0.643,0.857,0.0,8.0,7.8,7.9,0.0,0.9,1.6,12.5,6.0,0.0,0.0,0.1,0.07,-4.8,-2.4,-7.2,-0.1
gortmja01,Jazian Gortman,2024-25,21.0,DAL,DAL,False,PG,16.0,0.0,57.0,3.56,7.6,19.5,0.391,3.4,9.3,0.364,4.2,10.2,0.417,0.478,1.7,3.4,0.5,0.8,3.4,4.2,5.1,1.7,0.8,4.2,7.6,20.4,91.0,118.0,6.5,0.485,0.478,0.174,2.0,7.5,4.8,14.7,1.7,1.5,16.8,22.4,-0.1,0.0,-0.1,-0.056,-5.5,-0.8,-6.3,-0.1
robbili01,Liam Robbins,2024-25,25.0,MIL,MIL,False,C,13.0,0.0,57.0,4.38,1.7,6.8,0.25,0.0,1.7,0.0,1.7,5.1,0.333,0.25,4.2,8.5,0.5,5.9,4.2,10.2,1.7,1.7,1.7,5.1,7.6,7.6,79.0,114.0,2.6,0.363,0.25,1.25,13.9,9.2,11.4,4.2,1.7,3.3,32.6,14.2,-0.1,0.1,-0.1,-0.066,-9.2,-1.3,-10.5,-0.1
liddeej01,E.J. Liddell,2024-25,24.0,CHI,CHI,False,PF,12.0,0.0,53.0,4.42,7.0,13.2,0.533,2.6,8.8,0.3,4.4,4.4,1.0,0.633,1.8,1.8,1.0,2.6,5.3,7.9,2.6,0.9,0.9,1.8,9.7,18.5,126.0,118.0,11.1,0.661,0.667,0.133,6.0,11.7,8.9,7.6,0.9,1.6,11.2,14.1,0.1,0.0,0.1,0.108,-2.7,-1.4,-4.1,0.0
roweja01,Jackson Rowe,2024-25,28.0,GSW,GSW,False,PF,6.0,0.0,52.0,8.67,7.5,15.9,0.471,2.8,9.4,0.3,4.7,6.5,0.714,0.559,2.8,5.6,0.5,2.8,7.5,10.3,3.7,3.7,0.0,0.9,3.7,20.6,121.0,108.0,15.9,0.56,0.588,0.353,6.0,17.0,11.4,11.1,3.7,0.0,4.8,16.7,0.1,0.1,0.2,0.153,-0.5,1.5,1.0,0.0
nfalyda01,N'Faly Dante,2024-25,23.0,HOU,HOU,False,C,4.0,0.0,51.0,12.75,9.5,12.4,0.769,0.0,0.0,,9.5,12.4,0.769,0.769,3.8,4.8,0.8,5.7,14.3,20.0,1.9,1.0,4.8,1.9,8.6,22.9,150.0,103.0,24.0,0.789,0.0,0.385,12.3,32.0,21.9,5.7,1.0,8.8,11.6,13.9,0.2,0.1,0.3,0.283,0.7,1.7,2.4,0.1
crawfis01,Isaiah Crawford,2024-25,23.0,SAC,SAC,False,SF,15.0,0.0,46.0,3.07,5.3,11.7,0.455,1.1,5.3,0.2,4.3,6.4,0.667,0.5,2.1,4.3,0.5,1.1,7.4,8.5,1.1,1.1,2.1,1.1,2.1,13.8,103.0,116.0,9.2,0.509,0.455,0.364,2.4,17.1,9.7,2.8,1.1,4.3,7.3,12.9,0.0,0.0,0.0,0.037,-3.4,-0.7,-4.1,0.0
jonesma05,Mason Jones,2024-25,26.0,SAC,SAC,False,SG,10.0,0.0,45.0,4.5,9.8,19.6,0.5,1.1,8.7,0.125,8.7,10.9,0.8,0.528,4.3,5.4,0.8,2.2,7.6,9.8,12.0,0.0,1.1,1.1,3.3,25.0,134.0,119.0,20.6,0.569,0.444,0.278,5.0,17.5,11.2,35.6,0.0,2.2,4.7,20.3,0.2,0.0,0.2,0.198,3.5,-0.6,2.9,0.1
wheelph02,Phillip Wheeler,2024-25,22.0,PHI,PHI,False,PF,5.0,0.0,44.0,8.8,3.4,23.5,0.143,0.0,11.2,0.0,3.4,12.3,0.273,0.143,2.2,2.2,1.0,2.2,6.7,9.0,2.2,1.1,2.2,1.1,1.1,9.0,51.0,118.0,-2.3,0.183,0.476,0.095,4.9,16.1,10.3,6.0,1.1,4.5,4.4,22.6,-0.3,0.0,-0.3,-0.283,-12.0,-6.2,-18.2,-0.2
flynnma01,Malachi Flynn,2024-25,26.0,CHO,CHO,False,PG,4.0,0.0,44.0,11.0,5.6,14.5,0.385,1.1,4.5,0.25,4.5,10.1,0.444,0.423,5.6,6.7,0.833,3.4,4.5,7.8,7.8,3.4,0.0,4.5,4.5,17.9,105.0,115.0,12.4,0.512,0.308,0.462,7.1,9.9,8.5,23.3,3.4,0.0,20.4,19.0,0.0,0.0,0.0,0.043,-4.4,1.5,-2.8,0.0
mcveija01,Jack McVeigh,2024-25,28.0,HOU,HOU,False,PF,9.0,0.0,43.0,4.78,5.7,19.2,0.294,4.5,14.7,0.308,1.1,4.5,0.25,0.412,0.0,0.0,,2.3,3.4,5.7,1.1,0.0,2.3,2.3,3.4,15.8,89.0,115.0,4.0,0.412,0.765,0.0,4.9,7.6,6.2,3.0,0.0,4.2,10.5,18.2,-0.1,0.0,0.0,-0.031,-4.8,-3.0,-7.7,-0.1
klintbo01,Bobi Klintman,2024-25,21.0,DET,DET,False,SF,8.0,0.0,42.0,5.25,6.9,11.4,0.6,2.3,5.7,0.4,4.6,5.7,0.8,0.7,1.1,2.3,0.5,1.1,6.9,8.0,8.0,2.3,1.1,1.1,9.2,17.2,145.0,111.0,15.9,0.689,0.5,0.2,2.7,15.7,9.2,22.5,2.3,2.3,8.4,11.9,0.1,0.1,0.2,0.208,-1.0,1.9,1.0,0.0
johnsja01,James Johnson,2024-25,37.0,IND,IND,False,PF,12.0,0.0,37.0,3.08,5.2,14.3,0.364,0.0,3.9,0.0,5.2,10.4,0.5,0.364,0.0,1.3,0.0,0.0,7.8,7.8,5.2,0.0,2.6,5.2,6.5,10.4,64.0,115.0,0.0,0.35,0.273,0.091,0.0,17.9,9.0,13.7,0.0,4.9,25.9,18.0,-0.2,0.0,-0.1,-0.162,-9.6,-0.2,-9.7,-0.1
doziepj01,PJ Dozier,2024-25,28.0,MIN,MIN,False,SG,9.0,0.0,35.0,3.89,2.8,4.2,0.667,2.8,4.2,0.667,0.0,0.0,,1.0,1.4,8.5,0.167,1.4,5.6,7.0,7.0,1.4,0.0,1.4,4.2,9.9,126.0,114.0,9.5,0.621,1.0,2.0,3.2,12.5,7.9,18.1,1.4,0.0,15.1,8.2,0.0,0.0,0.1,0.107,-2.0,2.7,0.7,0.0
ingraha01,Harrison Ingram,2024-25,22.0,SAS,SAS,False,SF,5.0,0.0,35.0,7.0,2.8,5.5,0.5,0.0,1.4,0.0,2.8,4.1,0.667,0.5,0.0,0.0,,2.8,9.7,12.4,4.1,4.1,0.0,1.4,2.8,5.5,117.0,111.0,10.9,0.5,0.25,0.0,6.1,21.5,13.8,10.6,4.1,0.0,20.0,6.1,0.0,0.1,0.1,0.093,-3.6,2.4,-1.2,0.0
norrimi01,Miles Norris,2024-25,24.0,BOS,BOS,False,PF,3.0,0.0,35.0,11.67,2.9,12.9,0.222,2.9,10.0,0.286,0.0,2.9,0.0,0.333,1.4,2.9,0.5,2.9,10.0,12.9,0.0,2.9,1.4,0.0,0.0,10.0,91.0,106.0,8.5,0.354,0.778,0.222,6.2,21.7,14.0,0.0,2.9,2.6,0.0,12.4,0.0,0.1,0.0,0.049,-2.3,0.4,-1.9,0.0
dukeda01,David Duke Jr.,2024-25,25.0,SAS,SAS,False,SG,6.0,0.0,34.0,5.67,8.5,19.9,0.429,4.3,8.5,0.5,4.3,11.4,0.375,0.536,1.4,2.8,0.5,1.4,5.7,7.1,5.7,1.4,0.0,2.8,1.4,22.7,106.0,120.0,12.2,0.538,0.429,0.143,3.1,12.6,7.9,17.0,1.4,0.0,11.8,21.2,0.0,0.0,0.0,0.023,-0.1,-1.4,-1.5,0.0
cartodj01,D.J. Carton,2024-25,24.0,TOR,TOR,False,SG,4.0,0.0,33.0,8.25,1.5,10.2,0.143,0.0,4.4,0.0,1.5,5.8,0.25,0.143,1.5,1.5,1.0,0.0,5.8,5.8,4.4,2.9,0.0,5.8,1.5,4.4,43.0,114.0,-2.6,0.202,0.429,0.143,0.0,13.3,6.5,10.9,2.9,0.0,35.0,14.5,-0.2,0.0,-0.1,-0.199,-10.4,-0.7,-11.1,-0.1
mcgowbr01,Bryce McGowens,2024-25,22.0,POR,POR,False,SG,13.0,0.0,32.0,2.46,6.1,21.3,0.286,0.0,6.1,0.0,6.1,15.2,0.4,0.286,7.6,9.1,0.833,3.0,1.5,4.6,3.0,1.5,0.0,6.1,4.6,19.7,79.0,120.0,1.7,0.391,0.286,0.429,6.6,3.5,5.1,8.7,1.5,0.0,19.4,26.8,-0.1,0.0,-0.1,-0.172,-9.9,-3.8,-13.6,-0.1
millele01,Leonard Miller,2024-25,21.0,MIN,MIN,False,SF,13.0,0.0,32.0,2.46,9.3,23.1,0.4,0.0,7.7,0.0,9.3,15.4,0.6,0.4,12.3,12.3,1.0,4.6,12.3,17.0,0.0,3.1,1.5,3.1,3.1,30.8,111.0,104.0,19.9,0.54,0.333,0.533,10.6,27.3,19.1,0.0,3.1,2.9,9.7,27.8,0.0,0.1,0.1,0.145,-3.4,-0.3,-3.7,0.0
chomcul01,Ulrich Chomche,2024-25,19.0,TOR,TOR,False,PF,7.0,0.0,32.0,4.57,3.0,7.5,0.4,0.0,0.0,,3.0,7.5,0.4,0.4,1.5,3.0,0.5,6.0,6.0,12.0,3.0,0.0,1.5,3.0,7.5,7.5,96.0,118.0,5.2,0.425,0.0,0.4,13.1,13.7,13.4,7.8,0.0,3.0,25.4,10.3,0.0,0.0,0.0,0.001,-6.1,-1.3,-7.4,0.0
bridgja01,Jalen Bridges,2024-25,23.0,PHO,PHO,False,SF,8.0,0.0,30.0,3.75,3.3,11.5,0.286,3.3,11.5,0.286,0.0,0.0,,0.429,4.9,6.6,0.75,0.0,6.6,6.6,0.0,0.0,0.0,6.6,0.0,14.8,69.0,124.0,-0.1,0.514,1.0,0.571,0.0,14.5,7.4,0.0,0.0,0.0,31.3,18.8,-0.1,0.0,-0.1,-0.178,-7.8,-4.7,-12.5,-0.1
youngja05,Jahmir Young,2024-25,24.0,CHI,CHI,False,PG,6.0,0.0,30.0,5.0,6.2,7.8,0.8,1.6,3.1,0.5,4.7,4.7,1.0,0.9,3.1,3.1,1.0,1.6,3.1,4.7,9.3,0.0,0.0,1.6,3.1,17.1,175.0,123.0,16.8,0.935,0.4,0.4,3.6,6.9,5.2,26.2,0.0,0.0,14.5,9.6,0.1,0.0,0.1,0.22,1.2,-0.8,0.5,0.0
mcculke01,Kevin McCullar Jr.,2024-25,23.0,NYK,NYK,False,SF,4.0,0.0,29.0,7.25,3.4,12.0,0.286,0.0,1.7,0.0,3.4,10.3,0.333,0.286,3.4,3.4,1.0,0.0,13.7,13.7,3.4,1.7,1.7,0.0,10.3,10.3,98.0,109.0,6.7,0.381,0.143,0.286,0.0,31.3,15.8,8.4,1.7,3.2,0.0,11.8,0.0,0.0,0.0,0.06,-8.5,1.3,-7.2,0.0
flowetr01,Trentyn Flowers,2024-25,19.0,LAC,LAC,False,SF,6.0,0.0,27.0,4.5,7.3,20.1,0.364,0.0,3.6,0.0,7.3,16.4,0.444,0.364,5.5,5.5,1.0,1.8,5.5,7.3,0.0,0.0,0.0,1.8,7.3,20.1,92.0,117.0,4.3,0.446,0.182,0.273,4.3,12.4,8.4,0.0,0.0,0.0,7.5,21.5,0.0,0.0,0.0,-0.033,-7.1,-1.3,-8.3,0.0
milleem01,Emanuel Miller,2024-25,24.0,CHI,CHI,False,PF,6.0,0.0,25.0,4.17,7.5,14.9,0.5,0.0,1.9,0.0,7.5,13.1,0.571,0.5,3.7,3.7,1.0,7.5,7.5,14.9,3.7,1.9,0.0,0.0,5.6,18.7,141.0,116.0,18.1,0.563,0.125,0.25,17.1,16.5,16.8,10.9,1.9,0.0,0.0,14.8,0.1,0.0,0.1,0.201,-0.9,-0.9,-1.8,0.0
jenkida01,Daniss Jenkins,2024-25,23.0,DET,DET,False,PG,7.0,0.0,23.0,3.29,6.3,20.9,0.3,2.1,14.6,0.143,4.2,6.3,0.667,0.35,0.0,4.2,0.0,0.0,4.2,4.2,6.3,0.0,0.0,2.1,4.2,14.6,75.0,120.0,-0.1,0.322,0.7,0.2,0.0,9.6,4.8,17.3,0.0,0.0,8.4,21.8,-0.1,0.0,-0.1,-0.15,-10.2,-5.7,-15.8,-0.1
watsoan02,Anton Watson,2024-25,24.0,NYK,NYK,False,SF,9.0,0.0,22.0,2.44,9.0,20.3,0.444,0.0,2.3,0.0,9.0,18.0,0.5,0.444,0.0,0.0,,2.3,4.5,6.8,4.5,2.3,0.0,4.5,6.8,18.0,86.0,115.0,5.9,0.444,0.111,0.0,5.3,10.3,7.8,12.8,2.3,0.0,18.2,21.7,-0.1,0.0,0.0,-0.07,-8.3,-1.8,-10.1,0.0
smithto05,Tolu Smith,2024-25,24.0,DET,DET,False,PF,1.0,0.0,22.0,22.0,13.1,19.7,0.667,0.0,0.0,,13.1,19.7,0.667,0.667,4.4,6.6,0.667,8.7,8.7,17.5,0.0,0.0,0.0,4.4,6.6,30.6,120.0,117.0,19.5,0.678,0.0,0.333,20.3,20.0,20.1,0.0,0.0,0.0,16.2,23.6,0.0,0.0,0.1,0.128,-2.4,-6.5,-8.9,0.0
leonsma01,Malevy Leons,2024-25,25.0,OKC,OKC,False,SF,6.0,0.0,21.0,3.5,0.0,4.6,0.0,0.0,2.3,0.0,0.0,2.3,0.0,0.0,4.6,9.1,0.5,2.3,4.6,6.9,2.3,0.0,0.0,2.3,9.1,4.6,71.0,115.0,-2.3,0.266,0.5,2.0,5.2,10.0,7.7,5.1,0.0,0.0,21.0,9.6,0.0,0.0,0.0,-0.052,-10.4,-1.9,-12.4,-0.1
sanogad01,Adama Sanogo,2024-25,22.0,CHI,CHI,False,C,4.0,0.0,21.0,5.25,8.9,15.6,0.571,0.0,0.0,,8.9,15.6,0.571,0.571,0.0,0.0,,11.1,2.2,13.3,2.2,0.0,0.0,2.2,2.2,17.8,126.0,123.0,15.2,0.571,0.0,0.0,25.4,4.9,15.0,6.7,0.0,0.0,12.5,15.9,0.0,0.0,0.0,0.105,0.7,-3.4,-2.6,0.0
mooreta02,Taze Moore,2024-25,26.0,POR,POR,False,SG,2.0,0.0,20.0,10.0,4.9,24.3,0.2,2.4,9.7,0.25,2.4,14.6,0.167,0.25,2.4,4.9,0.5,9.7,9.7,19.4,2.4,4.9,0.0,4.9,0.0,14.6,73.0,107.0,7.1,0.276,0.4,0.2,21.1,22.3,21.7,6.8,4.9,0.0,15.5,26.8,-0.1,0.0,-0.1,-0.15,-3.9,-0.4,-4.3,0.0
harpero02,Ron Harper Jr.,2024-25,24.0,DET,DET,False,SF,1.0,0.0,17.0,17.0,2.8,22.6,0.125,0.0,17.0,0.0,2.8,5.7,0.5,0.125,5.7,5.7,1.0,11.3,8.5,19.8,5.7,0.0,0.0,0.0,0.0,11.3,91.0,117.0,7.9,0.225,0.75,0.25,26.3,19.4,22.8,14.3,0.0,0.0,0.0,22.0,0.0,0.0,0.0,-0.06,-5.5,-9.2,-14.7,0.0
mobleis01,Isaiah Mobley,2024-25,25.0,PHI,PHI,False,PF,1.0,0.0,17.0,17.0,5.8,20.3,0.286,2.9,8.7,0.333,2.9,11.6,0.25,0.357,2.9,5.8,0.5,2.9,8.7,11.6,14.5,2.9,2.9,0.0,8.7,17.4,114.0,112.0,17.2,0.381,0.429,0.286,6.4,20.8,13.3,41.8,2.9,5.8,0.0,20.2,0.0,0.0,0.0,0.119,0.0,4.8,4.7,0.0
colliyu01,Yuri Collins,2024-25,23.0,GSW,GSW,False,PG,2.0,0.0,16.0,8.0,3.0,9.1,0.333,0.0,0.0,,3.0,9.1,0.333,0.333,0.0,0.0,,6.1,3.0,9.1,12.2,6.1,0.0,0.0,15.2,6.1,141.0,105.0,13.9,0.333,0.0,0.0,13.1,6.9,10.1,31.9,6.1,0.0,0.0,7.9,0.0,0.0,0.1,0.214,-6.2,6.5,0.3,0.0
newtotr01,Tristen Newton,2024-25,23.0,,2TM,True,SG,8.0,0.0,16.0,2.0,3.0,24.3,0.125,0.0,9.1,0.0,3.0,15.2,0.2,0.125,3.0,3.0,1.0,6.1,6.1,12.2,6.1,3.0,0.0,6.1,12.2,9.1,55.0,111.0,-6.1,0.178,0.375,0.125,14.1,13.6,13.9,15.4,3.1,0.0,19.2,28.2,-0.1,0.0,-0.1,-0.33,-16.7,-4.0,-20.7,-0.1
nixda01,Daishen Nix,2024-25,22.0,MIN,MIN,False,PG,3.0,0.0,13.0,4.33,0.0,3.8,0.0,0.0,3.8,0.0,0.0,0.0,,0.0,3.8,7.6,0.5,0.0,15.2,15.2,11.4,0.0,0.0,15.2,3.8,3.8,44.0,111.0,-7.0,0.266,1.0,2.0,0.0,33.6,17.1,27.2,0.0,0.0,68.0,19.6,-0.1,0.0,-0.1,-0.327,-14.9,-1.2,-16.2,0.0
labissk01,Skal Labissière,2024-25,28.0,SAC,SAC,False,PF,4.0,0.0,12.0,3.0,8.2,16.3,0.5,4.1,4.1,1.0,4.1,12.2,0.333,0.625,0.0,0.0,,4.1,8.2,12.2,4.1,0.0,0.0,0.0,4.1,20.4,143.0,120.0,15.9,0.625,0.25,0.0,9.3,18.7,14.0,11.6,0.0,0.0,0.0,14.3,0.0,0.0,0.0,0.165,3.3,-1.3,2.1,0.0
keybr01,Braxton Key,2024-25,27.0,GSW,GSW,False,SF,3.0,0.0,11.0,3.67,0.0,17.7,0.0,0.0,4.4,0.0,0.0,13.3,0.0,0.0,13.3,26.5,0.5,4.4,4.4,8.8,0.0,8.8,0.0,4.4,0.0,13.3,54.0,99.0,1.1,0.226,0.25,1.5,9.5,10.1,9.8,0.0,8.8,0.0,13.1,29.3,-0.1,0.0,-0.1,-0.259,-13.9,0.3,-13.6,0.0
cuiyo01,Cui Yongxi,2024-25,21.0,BRK,BRK,False,SG,5.0,0.0,10.0,2.0,5.0,34.8,0.143,0.0,14.9,0.0,5.0,19.9,0.25,0.143,5.0,10.0,0.5,0.0,10.0,10.0,0.0,0.0,0.0,0.0,0.0,14.9,44.0,119.0,-10.7,0.19,0.429,0.286,0.0,23.8,11.4,0.0,0.0,0.0,0.0,34.4,-0.1,0.0,-0.1,-0.473,-16.8,-8.2,-24.9,-0.1
mccluma01,Mac McClung,2024-25,26.0,ORL,ORL,False,SG,2.0,0.0,10.0,5.0,0.0,10.0,0.0,0.0,5.0,0.0,0.0,5.0,0.0,0.0,0.0,0.0,,0.0,5.0,5.0,15.0,0.0,0.0,0.0,10.0,0.0,75.0,116.0,-0.3,0.0,0.5,0.0,0.0,12.1,5.7,37.8,0.0,0.0,0.0,8.7,0.0,0.0,0.0,-0.047,-10.2,-0.8,-11.0,0.0
olivaqu01,Quincy Olivari,2024-25,23.0,LAL,LAL,False,PG,2.0,0.0,10.0,5.0,4.9,24.6,0.2,4.9,24.6,0.2,0.0,0.0,,0.3,0.0,0.0,,0.0,0.0,0.0,4.9,0.0,0.0,4.9,0.0,14.8,62.0,124.0,-5.2,0.3,1.0,0.0,0.0,0.0,0.0,13.3,0.0,0.0,16.7,26.3,-0.1,0.0,-0.1,-0.3,-10.1,-8.5,-18.6,0.0
daviste02,Terence Davis,2024-25,27.0,SAC,SAC,False,SG,1.0,0.0,8.0,8.0,0.0,12.2,0.0,0.0,6.1,0.0,0.0,6.1,0.0,0.0,0.0,0.0,,0.0,6.1,6.1,6.1,0.0,0.0,0.0,0.0,0.0,34.0,122.0,-4.0,0.0,0.5,0.0,0.0,14.0,7.0,14.1,0.0,0.0,0.0,10.8,0.0,0.0,0.0,-0.191,-12.8,-4.1,-16.9,0.0
mcdanja01,Jalen McDaniels,2024-25,27.0,WAS,WAS,False,SF,4.0,0.0,7.0,1.75,0.0,0.0,,0.0,0.0,,0.0,0.0,,,0.0,0.0,,0.0,0.0,0.0,6.8,6.8,0.0,0.0,0.0,0.0,233.0,113.0,10.9,,,,0.0,0.0,0.0,17.4,6.8,0.0,,0.0,0.0,0.0,0.0,0.114,-0.5,6.0,5.6,0.0
minixri01,Riley Minix,2024-25,24.0,SAS,SAS,False,SF,1.0,0.0,7.0,7.0,0.0,6.9,0.0,0.0,6.9,0.0,0.0,0.0,,0.0,0.0,0.0,,0.0,13.8,13.8,0.0,0.0,0.0,0.0,0.0,0.0,0.0,118.0,-1.7,0.0,1.0,0.0,0.0,30.7,15.3,0.0,0.0,0.0,0.0,6.1,0.0,0.0,0.0,-0.114,-8.5,-3.3,-11.8,0.0
steveis01,Isaiah Stevens,2024-25,24.0,MIA,MIA,False,PG,3.0,0.0,6.0,2.0,0.0,16.6,0.0,0.0,8.3,0.0,0.0,8.3,0.0,0.0,0.0,0.0,,0.0,16.6,16.6,0.0,8.3,0.0,0.0,0.0,0.0,0.0,93.0,0.1,0.0,0.5,0.0,0.0,36.5,18.4,0.0,8.3,0.0,0.0,14.8,0.0,0.0,0.0,-0.196,-19.5,7.7,-11.8,0.0
taylote01,Terry Taylor,2024-25,25.0,SAC,SAC,False,PF,3.0,0.0,6.0,2.0,0.0,8.2,0.0,0.0,0.0,,0.0,8.2,0.0,0.0,0.0,0.0,,8.2,0.0,8.2,16.3,0.0,0.0,0.0,0.0,0.0,122.0,125.0,9.8,0.0,0.0,0.0,18.6,0.0,9.3,37.6,0.0,0.0,0.0,7.2,0.0,0.0,0.0,0.049,3.2,0.1,3.3,0.0
edwarje01,Jesse Edwards,2024-25,24.0,MIN,MIN,False,C,2.0,0.0,5.0,2.5,0.0,0.0,,0.0,0.0,,0.0,0.0,,,0.0,0.0,,0.0,0.0,0.0,9.9,0.0,0.0,0.0,19.7,0.0,237.0,120.0,-0.1,,,,0.0,0.0,0.0,23.6,0.0,0.0,,0.0,0.0,0.0,0.0,0.111,-8.8,4.7,-4.0,0.0
wisemja01,James Wiseman,2024-25,23.0,IND,IND,False,C,1.0,0.0,5.0,5.0,19.2,38.4,0.5,0.0,9.6,0.0,19.2,28.8,0.667,0.5,19.2,19.2,1.0,0.0,9.6,9.6,0.0,0.0,0.0,0.0,0.0,57.7,127.0,118.0,31.2,0.615,0.25,0.5,0.0,22.1,11.1,0.0,0.0,0.0,0.0,42.2,0.0,0.0,0.0,0.237,6.0,-4.4,1.6,0.0
willial06,Alondes Williams,2024-25,25.0,DET,DET,False,SG,1.0,0.0,4.0,4.0,24.0,24.0,1.0,12.0,12.0,1.0,12.0,12.0,1.0,1.25,0.0,0.0,,0.0,0.0,0.0,12.0,0.0,0.0,0.0,0.0,60.1,246.0,122.0,53.4,1.25,0.5,0.0,0.0,0.0,0.0,65.0,0.0,0.0,0.0,21.1,0.0,0.0,0.0,0.565,37.9,6.2,44.1,0.0
pullizy01,Zyon Pullin,2024-25,23.0,MEM,MEM,False,SG,3.0,0.0,3.0,1.0,0.0,15.5,0.0,0.0,0.0,,0.0,15.5,0.0,0.0,0.0,0.0,,0.0,0.0,0.0,0.0,0.0,0.0,0.0,0.0,0.0,0.0,123.0,-11.7,0.0,0.0,0.0,0.0,0.0,0.0,0.0,0.0,0.0,0.0,13.4,0.0,0.0,0.0,-0.304,-15.0,-7.7,-22.7,0.0
okafoja01,Jahlil Okafor,2024-25,29.0,IND,IND,False,C,1.0,0.0,3.0,3.0,0.0,0.0,,0.0,0.0,,0.0,0.0,,,0.0,0.0,,0.0,16.0,16.0,16.0,0.0,0.0,0.0,0.0,0.0,230.0,114.0,13.8,,,,0.0,36.8,18.6,37.0,0.0,0.0,,0.0,0.0,0.0,0.0,0.196,2.5,4.9,7.5,0.0
thompam01,Amen Thompson,2025-26,23.0,HOU,HOU,False,PG,79.0,79.0,2953.0,37.38,9.4,17.7,0.534,0.4,2.0,0.216,9.0,15.7,0.573,0.545,5.1,6.6,0.779,4.0,6.4,10.4,7.1,2.0,0.8,3.2,3.0,24.4,125.0,114.0,18.9,0.594,0.111,0.374,8.9,14.0,11.5,20.4,2.0,1.5,13.5,20.0,6.5,3.8,10.3,0.167,1.6,1.0,2.6,3.4
duranke01,Kevin Durant,2025-26,37.0,HOU,HOU,False,SF,78.0,78.0,2840.0,36.41,12.6,24.2,0.52,3.3,7.9,0.413,9.3,16.3,0.572,0.588,7.2,8.2,0.874,0.7,6.8,7.5,6.5,1.1,1.2,4.3,2.5,35.6,124.0,115.0,21.1,0.641,0.327,0.339,1.6,14.8,8.3,20.7,1.1,2.3,13.5,27.1,7.5,3.2,10.7,0.18,4.4,0.1,4.5,4.7
banede01,Desmond Bane,2025-26,27.0,ORL,ORL,False,SG,82.0,82.0,2756.0,33.61,10.2,21.0,0.484,2.9,7.4,0.391,7.2,13.6,0.535,0.553,5.5,6.0,0.908,1.7,4.2,5.9,5.9,1.5,0.6,2.9,4.4,28.7,120.0,117.0,16.9,0.607,0.354,0.287,3.9,9.8,6.8,19.3,1.5,1.2,10.8,23.3,4.8,2.6,7.4,0.129,1.6,-0.2,1.4,2.3
camarto01,Toumani Camara,2025-26,25.0,POR,POR,False,PF,82.0,82.0,2731.0,33.3,6.9,15.6,0.44,3.8,10.4,0.37,3.0,5.2,0.579,0.563,1.7,2.4,0.708,2.3,5.1,7.4,3.5,1.6,0.6,2.5,4.1,19.2,115.0,116.0,11.3,0.578,0.664,0.154,5.0,11.7,8.4,10.4,1.6,1.1,13.1,16.3,2.1,2.7,4.8,0.084,-1.0,0.0,-1.0,0.7
smithja05,Jabari Smith Jr.,2025-26,22.0,HOU,HOU,False,PF,77.0,77.0,2705.0,35.13,8.1,18.0,0.45,3.3,9.0,0.363,4.8,9.0,0.537,0.541,3.0,3.9,0.775,2.0,7.8,9.8,2.6,1.0,1.3,1.9,3.5,22.4,120.0,114.0,13.5,0.57,0.501,0.215,4.5,17.0,10.8,7.3,1.0,2.4,9.0,18.2,3.4,3.3,6.6,0.118,-0.5,-0.2,-0.7,0.9
bridgmi01,Mikal Bridges,2025-26,29.0,NYK,NYK,False,SF,82.0,82.0,2692.0,32.83,8.7,17.7,0.49,2.9,7.7,0.371,5.8,10.0,0.582,0.571,1.5,1.8,0.827,1.5,4.3,5.7,5.6,2.0,1.1,1.5,2.9,21.8,125.0,114.0,15.3,0.587,0.436,0.102,3.3,9.7,6.5,15.9,2.0,2.4,7.6,17.3,4.7,3.3,8.0,0.143,1.3,1.4,2.7,3.2
barnesc01,Scottie Barnes,2025-26,24.0,TOR,TOR,False,PF,80.0,80.0,2681.0,33.51,10.4,20.4,0.507,1.2,4.1,0.304,9.1,16.4,0.557,0.537,4.4,5.4,0.815,2.7,8.2,10.9,8.6,2.1,2.1,3.8,3.8,26.3,116.0,110.0,19.2,0.577,0.199,0.264,6.3,19.3,12.7,26.3,2.1,4.2,14.3,23.4,3.3,4.5,7.8,0.14,1.9,2.3,4.2,4.2
maxeyty01,Tyrese Maxey,2025-26,25.0,PHI,PHI,False,PG,70.0,70.0,2661.0,38.01,12.6,27.2,0.462,4.0,10.9,0.367,8.6,16.4,0.525,0.536,6.7,7.6,0.892,0.4,4.8,5.3,8.4,2.4,1.0,3.1,2.7,35.9,120.0,116.0,21.9,0.588,0.399,0.278,1.0,11.0,5.9,28.9,2.4,1.9,9.2,29.4,5.9,2.8,8.7,0.156,5.0,0.5,5.4,4.9
murraja01,Jamal Murray,2025-26,28.0,DEN,DEN,False,PG,75.0,75.0,2652.0,35.36,12.1,25.0,0.483,4.5,10.4,0.435,7.6,14.7,0.517,0.573,6.4,7.2,0.887,0.6,5.5,6.1,9.8,1.2,0.5,3.1,2.4,35.1,126.0,119.0,21.8,0.622,0.414,0.287,1.4,12.0,7.0,31.1,1.2,1.0,10.0,27.9,7.8,1.7,9.5,0.173,5.5,-1.4,4.1,4.1
whitede01,Derrick White,2025-26,31.0,BOS,BOS,False,SG,77.0,77.0,2625.0,34.09,8.4,21.4,0.394,4.0,12.3,0.327,4.4,9.0,0.487,0.489,3.5,3.9,0.902,1.7,4.9,6.5,8.0,1.7,1.9,2.6,2.3,24.4,117.0,113.0,16.0,0.529,0.578,0.184,3.7,10.4,7.1,22.2,1.7,3.8,10.1,22.0,3.5,3.5,7.0,0.129,2.2,1.0,3.2,3.5
edgecvj01,VJ Edgecombe,2025-26,20.0,PHI,PHI,False,SG,75.0,75.0,2623.0,34.97,8.3,19.0,0.438,2.7,7.7,0.354,5.6,11.2,0.496,0.51,2.7,3.3,0.818,2.2,5.5,7.8,5.8,2.0,0.7,2.5,3.9,22.1,113.0,116.0,14.0,0.54,0.409,0.176,5.0,12.7,8.8,17.4,2.0,1.4,11.0,20.1,1.9,2.5,4.4,0.081,-0.4,-0.1,-0.5,1.0
randlju01,Julius Randle,2025-26,31.0,MIN,MIN,False,PF,79.0,79.0,2610.0,33.04,10.6,22.1,0.481,2.0,6.3,0.315,8.6,15.8,0.547,0.526,7.3,9.1,0.802,2.4,7.3,9.7,7.3,1.6,0.3,4.0,4.1,30.5,117.0,114.0,18.4,0.585,0.287,0.411,5.7,16.5,11.2,23.1,1.6,0.6,13.2,26.5,4.3,3.1,7.4,0.135,1.5,0.0,1.5,2.3
ingrabr01,Brandon Ingram,2025-26,28.0,TOR,TOR,False,SF,77.0,77.0,2604.0,33.82,11.5,24.1,0.477,2.5,6.6,0.382,9.0,17.5,0.512,0.529,5.5,6.7,0.82,1.2,6.9,8.1,5.3,1.1,1.0,3.5,2.8,31.0,110.0,114.0,16.3,0.573,0.274,0.276,2.7,16.1,9.4,16.8,1.1,2.0,11.5,26.9,1.5,3.1,4.6,0.084,1.0,-0.5,0.5,1.7
alexani01,Nickeil Alexander-Walker,2025-26,27.0,ATL,ATL,False,SG,78.0,71.0,2603.0,33.37,9.9,21.7,0.459,4.6,11.4,0.399,5.4,10.3,0.525,0.564,5.0,5.6,0.902,0.9,3.9,4.9,5.2,1.9,0.8,2.9,3.1,29.5,117.0,116.0,16.5,0.61,0.526,0.257,2.1,9.1,5.6,15.8,1.9,1.5,10.9,23.9,3.6,2.7,6.3,0.116,1.6,-0.4,1.2,2.1
brunsja01,Jalen Brunson,2025-26,29.0,NYK,NYK,False,PG,74.0,74.0,2590.0,35.0,13.2,28.2,0.467,3.7,10.1,0.369,9.5,18.1,0.522,0.533,6.8,8.1,0.841,0.6,4.1,4.7,9.6,1.1,0.2,3.4,3.3,36.9,122.0,117.0,20.1,0.58,0.358,0.285,1.3,9.4,5.3,31.3,1.1,0.3,9.5,30.4,6.5,2.2,8.8,0.163,4.0,-0.9,3.1,3.3
pritcpa01,Payton Pritchard,2025-26,28.0,BOS,BOS,False,PG,79.0,50.0,2556.0,32.35,10.0,21.6,0.464,4.2,11.1,0.377,5.8,10.5,0.556,0.561,2.4,2.7,0.89,1.4,4.8,6.2,8.1,1.1,0.2,2.2,2.3,26.6,126.0,116.0,17.1,0.584,0.515,0.125,3.0,10.2,6.7,23.5,1.1,0.4,8.7,21.4,6.1,2.4,8.5,0.16,2.6,-0.3,2.3,2.8
knuepko01,Kon Knueppel,2025-26,20.0,CHO,CHO,False,SF,81.0,80.0,2551.0,31.49,10.0,21.1,0.475,5.3,12.5,0.425,4.7,8.6,0.548,0.601,3.8,4.4,0.863,1.9,6.5,8.4,5.3,1.1,0.4,3.1,3.3,29.1,125.0,116.0,17.1,0.633,0.592,0.208,4.4,14.6,9.6,16.6,1.1,0.7,12.0,22.3,5.6,2.5,8.0,0.151,3.1,-0.4,2.8,3.1
johnsja05,Jalen Johnson,2025-26,24.0,ATL,ATL,False,SF,72.0,72.0,2532.0,35.17,11.2,22.9,0.489,2.2,6.4,0.352,9.0,16.5,0.541,0.537,5.6,7.1,0.788,1.9,11.9,13.8,10.6,1.7,0.6,4.6,2.8,30.2,116.0,111.0,20.4,0.581,0.278,0.311,4.3,27.8,15.9,33.5,1.7,1.1,14.9,27.0,3.6,3.9,7.5,0.141,2.8,1.4,4.2,4.0
daniedy01,Dyson Daniels,2025-26,22.0,ATL,ATL,False,SG,76.0,76.0,2520.0,33.16,7.5,14.6,0.517,0.4,2.2,0.188,7.1,12.4,0.576,0.532,1.4,2.3,0.615,3.4,6.3,9.7,8.4,2.8,0.6,2.5,3.1,16.9,119.0,112.0,15.5,0.542,0.151,0.157,7.8,14.7,11.2,23.9,2.8,1.1,14.0,16.0,3.1,3.6,6.6,0.126,-0.6,1.8,1.3,2.1
banchpa01,Paolo Banchero,2025-26,23.0,ORL,ORL,False,PF,72.0,72.0,2502.0,34.75,10.2,22.1,0.459,1.6,5.3,0.305,8.5,16.8,0.507,0.496,8.8,11.3,0.775,1.6,10.0,11.6,7.2,1.0,0.8,4.3,2.8,30.7,112.0,114.0,17.6,0.566,0.239,0.512,3.8,23.4,13.5,23.4,1.0,1.4,13.6,27.6,2.0,3.0,5.0,0.095,1.4,0.0,1.4,2.1
divindo01,Donte DiVincenzo,2025-26,29.0,MIN,MIN,False,SG,82.0,82.0,2494.0,30.41,6.5,16.0,0.406,4.7,12.3,0.379,1.8,3.7,0.497,0.552,1.5,2.0,0.743,1.3,5.1,6.4,6.0,2.0,0.7,2.3,3.8,19.1,116.0,115.0,12.5,0.567,0.771,0.126,3.0,11.6,7.4,16.8,2.0,1.2,11.8,16.9,2.3,2.9,5.2,0.1,0.0,0.7,0.8,1.7
brownja02,Jaylen Brown,2025-26,29.0,BOS,BOS,False,SF,71.0,71.0,2443.0,34.41,15.2,32.0,0.477,2.9,8.4,0.347,12.3,23.6,0.523,0.522,8.8,11.1,0.795,1.7,8.5,10.2,7.5,1.5,0.6,5.4,4.0,42.2,114.0,113.0,22.0,0.573,0.262,0.347,3.7,18.1,11.1,25.9,1.5,1.1,12.7,36.2,3.5,3.4,6.9,0.135,3.5,-0.1,3.3,3.3
hardeja01,James Harden,2025-26,36.0,,2TM,True,PG,70.0,70.0,2438.0,34.83,9.8,22.6,0.434,4.3,11.5,0.375,5.5,11.1,0.495,0.529,9.3,10.6,0.884,0.8,6.0,6.8,11.2,1.6,0.6,4.9,2.8,33.3,120.0,117.0,20.7,0.61,0.51,0.467,1.9,13.6,7.9,34.7,1.6,1.1,15.3,28.6,5.6,2.1,7.7,0.151,4.6,-0.8,3.9,3.6
derozde01,DeMar DeRozan,2025-26,36.0,SAC,SAC,False,PF,77.0,77.0,2406.0,31.25,10.0,20.2,0.497,0.9,3.0,0.32,9.1,17.2,0.527,0.52,7.5,8.7,0.868,0.7,3.8,4.5,6.4,1.6,0.5,1.9,3.0,28.5,124.0,124.0,17.8,0.594,0.146,0.429,1.6,9.1,5.3,20.0,1.6,0.9,7.4,22.8,5.2,0.4,5.6,0.112,0.9,-1.0,-0.1,1.1
sengual01,Alperen Şengün,2025-26,23.0,HOU,HOU,False,C,72.0,72.0,2398.0,33.31,12.1,23.4,0.519,0.8,2.7,0.305,11.3,20.7,0.547,0.537,5.4,7.8,0.691,4.5,8.9,13.3,9.3,1.8,1.6,4.7,5.0,30.5,118.0,111.0,21.4,0.569,0.117,0.335,10.1,19.4,14.8,28.9,1.8,3.0,15.0,26.6,4.4,3.6,8.0,0.161,2.7,1.5,4.2,3.7
bridgmi02,Miles Bridges,2025-26,27.0,CHO,CHO,False,PF,77.0,77.0,2387.0,31.0,10.0,21.6,0.46,3.1,9.2,0.333,6.9,12.4,0.554,0.531,4.3,5.3,0.822,1.6,7.8,9.3,5.1,1.0,0.7,2.2,2.7,27.3,120.0,116.0,16.0,0.57,0.427,0.243,3.6,17.4,10.6,15.9,1.0,1.3,8.5,22.3,4.0,2.5,6.5,0.13,1.2,-0.1,1.1,1.9
goberru01,Rudy Gobert,2025-26,33.0,MIN,MIN,False,C,76.0,76.0,2380.0,31.32,6.7,9.9,0.682,0.0,0.1,0.0,6.7,9.8,0.689,0.682,3.2,6.1,0.526,6.0,11.5,17.5,2.6,1.2,2.5,2.1,4.0,16.6,132.0,110.0,17.5,0.664,0.01,0.615,14.1,25.9,20.1,7.2,1.2,4.5,14.5,12.9,4.8,4.0,8.7,0.176,0.0,0.9,1.0,1.8
rolliry01,Ryan Rollins,2025-26,23.0,MIL,MIL,False,PG,74.0,67.0,2376.0,32.11,10.1,21.3,0.472,3.8,9.4,0.406,6.3,11.9,0.523,0.561,2.6,3.2,0.796,1.1,5.9,7.0,8.6,2.3,0.6,4.2,4.0,26.5,112.0,118.0,16.2,0.583,0.44,0.152,2.6,13.4,8.0,27.1,2.3,1.3,15.5,24.2,1.7,1.8,3.4,0.069,0.7,-0.5,0.2,1.3
adebaba01,Bam Adebayo,2025-26,28.0,MIA,MIA,False,C,73.0,73.0,2365.0,32.4,9.9,22.5,0.442,2.5,7.8,0.318,7.4,14.6,0.509,0.497,6.5,8.3,0.778,2.9,11.4,14.4,4.6,1.7,1.0,2.4,2.4,28.8,115.0,111.0,18.7,0.551,0.349,0.369,6.5,25.7,16.1,14.1,1.7,1.8,8.3,25.0,2.8,3.6,6.4,0.129,1.5,0.4,2.0,2.4
flaggco01,Cooper Flagg,2025-26,19.0,DAL,DAL,False,SF,70.0,70.0,2344.0,33.49,11.3,24.0,0.468,1.4,4.9,0.295,9.8,19.1,0.513,0.498,5.7,6.9,0.827,1.7,7.6,9.4,6.4,1.7,1.3,3.2,2.9,29.6,110.0,115.0,17.9,0.548,0.204,0.286,3.9,17.0,10.5,21.5,1.7,2.3,10.7,26.9,1.3,2.5,3.8,0.078,1.0,0.4,1.4,2.0
mitchdo01,Donovan Mitchell,2025-26,29.0,CLE,CLE,False,SG,70.0,70.0,2342.0,33.46,13.9,28.8,0.483,4.6,12.6,0.364,9.3,16.1,0.577,0.563,7.6,8.8,0.865,1.0,5.5,6.5,8.2,2.1,0.4,4.1,3.3,40.1,121.0,116.0,22.9,0.613,0.439,0.306,2.4,12.4,7.4,27.9,2.1,0.8,11.1,32.2,5.8,2.4,8.2,0.169,5.2,-0.2,5.1,4.2
murphtr02,Trey Murphy III,2025-26,25.0,NOP,NOP,False,SF,66.0,66.0,2341.0,35.47,10.1,21.5,0.47,4.4,11.5,0.379,5.7,9.9,0.577,0.572,4.5,5.0,0.886,1.3,6.4,7.7,5.1,2.0,0.5,2.5,2.8,29.0,122.0,119.0,18.3,0.613,0.538,0.234,2.9,14.6,8.7,16.2,2.0,1.0,9.4,22.7,4.5,1.6,6.0,0.123,3.0,-0.6,2.4,2.6
podzibr01,Brandin Podziemski,2025-26,22.0,GSW,GSW,False,SG,82.0,43.0,2333.0,28.45,8.2,18.0,0.455,3.2,8.6,0.371,5.0,9.4,0.531,0.543,4.0,5.0,0.797,1.5,7.2,8.7,6.3,1.8,0.3,2.7,2.8,23.5,117.0,116.0,15.0,0.583,0.476,0.278,3.4,16.9,10.0,19.2,1.8,0.6,11.9,20.1,2.8,2.3,5.1,0.105,0.3,-0.1,0.2,1.3
townska01,Karl-Anthony Towns,2025-26,30.0,NYK,NYK,False,C,75.0,75.0,2322.0,30.96,11.0,22.0,0.501,2.4,6.6,0.368,8.6,15.5,0.557,0.556,7.6,8.9,0.858,5.0,14.0,19.0,4.8,1.4,0.9,4.0,5.4,32.1,123.0,110.0,22.0,0.619,0.297,0.403,11.2,31.7,21.4,14.7,1.4,1.8,13.3,25.9,5.5,4.0,9.5,0.197,2.7,0.6,3.3,3.1
mcdanja02,Jaden McDaniels,2025-26,25.0,MIN,MIN,False,PF,73.0,73.0,2316.0,31.73,8.6,16.7,0.515,2.1,5.2,0.412,6.5,11.5,0.562,0.579,3.0,3.6,0.835,1.6,4.8,6.4,4.1,1.7,1.5,2.7,5.0,22.3,117.0,114.0,14.0,0.611,0.309,0.218,3.7,10.9,7.4,12.2,1.7,2.7,12.9,18.5,2.5,2.7,5.2,0.109,-0.9,0.6,-0.3,1.0
okongon01,Onyeka Okongwu,2025-26,25.0,ATL,ATL,False,C,74.0,63.0,2297.0,31.04,8.5,17.7,0.48,3.0,7.9,0.376,5.5,9.8,0.564,0.564,3.1,4.2,0.757,2.9,8.7,11.6,4.7,1.7,1.6,2.6,5.0,23.1,117.0,112.0,15.9,0.592,0.445,0.235,6.5,20.3,13.3,13.9,1.7,3.1,11.8,19.5,2.6,3.3,6.0,0.125,-0.1,0.8,0.7,1.6
doncilu01,Luka Dončić,2025-26,26.0,LAL,LAL,False,PG,64.0,64.0,2289.0,35.77,14.8,31.1,0.476,5.4,14.8,0.366,9.4,16.3,0.575,0.563,10.7,13.8,0.78,0.9,9.7,10.6,11.3,2.2,0.7,5.4,3.3,45.7,120.0,114.0,27.9,0.616,0.476,0.443,2.2,22.5,12.7,40.5,2.2,1.4,12.8,38.1,6.6,2.9,9.5,0.199,8.0,1.3,9.3,6.6
cartewe01,Wendell Carter Jr.,2025-26,26.0,ORL,ORL,False,C,78.0,78.0,2288.0,29.33,6.8,13.4,0.512,1.5,4.7,0.319,5.3,8.6,0.618,0.568,4.2,5.2,0.792,3.4,8.7,12.1,3.2,1.3,1.0,2.1,5.6,19.4,123.0,114.0,14.1,0.617,0.355,0.392,7.8,20.5,14.1,9.5,1.3,1.9,11.8,15.6,3.4,2.8,6.2,0.131,-1.0,0.5,-0.6,0.8
gilleco01,Collin Gillespie,2025-26,26.0,PHO,PHO,False,PG,80.0,58.0,2282.0,28.52,7.6,18.2,0.418,5.0,12.5,0.401,2.6,5.7,0.455,0.556,1.6,1.9,0.874,1.9,5.2,7.1,8.0,2.1,0.3,2.7,2.8,21.9,121.0,115.0,15.3,0.575,0.686,0.103,4.2,12.0,8.0,23.3,2.1,0.7,12.4,18.7,3.6,2.5,6.2,0.13,1.9,0.6,2.5,2.6
carrica01,Bub Carrington,2025-26,20.0,WAS,WAS,False,PG,82.0,48.0,2271.0,27.7,6.5,15.5,0.424,3.5,8.6,0.408,3.0,6.8,0.443,0.538,1.7,2.3,0.73,0.7,5.1,5.8,7.9,1.1,0.4,4.0,3.8,18.3,105.0,126.0,9.9,0.556,0.559,0.15,1.5,11.7,6.5,23.0,1.1,0.7,19.5,18.0,-0.3,-0.1,-0.4,-0.009,-2.2,-2.5,-4.7,-1.6
greenaj01,A.J. Green,2025-26,26.0,MIL,MIL,False,SG,78.0,68.0,2270.0,29.1,5.7,13.4,0.424,5.0,12.0,0.419,0.6,1.4,0.469,0.612,1.1,1.3,0.855,0.6,4.0,4.6,3.3,0.8,0.2,1.6,3.9,17.5,118.0,123.0,9.4,0.627,0.896,0.1,1.5,9.1,5.3,9.2,0.8,0.4,10.4,14.0,2.0,0.4,2.4,0.05,-1.5,-1.8,-3.3,-0.8
champju02,Julian Champagnie,2025-26,24.0,SAS,SAS,False,SF,82.0,68.0,2266.0,27.63,6.4,14.6,0.437,4.1,10.9,0.381,2.2,3.8,0.599,0.578,2.4,2.9,0.844,1.6,8.5,10.0,2.7,1.3,0.8,1.5,2.8,19.3,122.0,112.0,13.1,0.609,0.743,0.196,3.6,18.4,11.2,7.3,1.3,1.5,8.4,15.2,2.8,3.4,6.2,0.132,0.5,0.8,1.4,1.9
jokicni01,Nikola Jokić,2025-26,30.0,DEN,DEN,False,C,65.0,65.0,2265.0,34.85,13.9,24.4,0.569,2.4,6.4,0.38,11.5,18.0,0.636,0.618,8.6,10.3,0.831,4.1,13.9,18.0,15.0,2.0,1.1,5.2,3.7,38.8,134.0,111.0,32.3,0.67,0.261,0.424,10.0,30.4,20.7,50.3,2.0,2.2,15.3,30.4,11.5,3.4,14.9,0.316,10.1,4.1,14.2,9.2
mccolcj01,CJ McCollum,2025-26,34.0,,2TM,True,PG,76.0,60.0,2264.0,29.79,11.0,24.1,0.455,4.0,10.7,0.375,7.0,13.5,0.519,0.538,3.8,4.9,0.772,1.3,4.0,5.3,6.1,1.3,0.7,2.8,3.0,29.7,113.0,121.0,15.9,0.566,0.442,0.205,2.9,9.2,6.0,19.7,1.3,1.4,9.7,25.7,1.9,1.0,3.0,0.063,1.4,-1.7,-0.3,1.0
gilgesh01,Shai Gilgeous-Alexander,2025-26,27.0,OKC,OKC,False,PG,68.0,68.0,2259.0,33.22,15.6,28.3,0.553,2.5,6.4,0.386,13.2,21.9,0.602,0.597,11.6,13.1,0.879,0.8,5.4,6.3,9.6,2.0,1.1,3.2,3.0,45.3,133.0,109.0,30.8,0.665,0.226,0.465,1.9,11.7,7.0,35.0,2.0,2.3,8.7,33.4,11.1,4.1,15.2,0.323,8.7,3.0,11.7,7.8
buzelma01,Matas Buzelis,2025-26,21.0,CHI,CHI,False,PF,77.0,77.0,2248.0,29.19,9.3,20.1,0.463,3.6,10.3,0.349,5.7,9.7,0.583,0.553,3.9,5.0,0.786,1.6,7.7,9.3,3.3,1.1,2.4,3.3,3.7,26.1,108.0,117.0,14.8,0.586,0.514,0.247,3.7,17.3,10.6,10.3,1.1,4.5,13.0,22.8,0.4,2.1,2.6,0.055,-0.6,-0.4,-1.0,0.5
beysa01,Saddiq Bey,2025-26,26.0,NOP,NOP,False,SF,72.0,64.0,2246.0,31.19,9.3,20.6,0.451,3.2,8.8,0.367,6.1,11.8,0.514,0.529,5.3,6.3,0.841,2.6,5.9,8.5,3.9,1.4,0.1,1.4,2.0,27.1,124.0,121.0,17.1,0.579,0.426,0.305,5.7,13.5,9.6,11.9,1.4,0.3,5.8,21.6,4.5,1.0,5.4,0.116,2.3,-1.8,0.5,1.4
chrisma02,Max Christie,2025-26,22.0,DAL,DAL,False,SG,77.0,68.0,2244.0,29.14,6.7,15.2,0.441,3.8,9.4,0.404,2.9,5.9,0.502,0.566,2.6,2.9,0.899,0.3,4.9,5.2,3.2,1.0,0.6,2.0,2.1,19.9,113.0,119.0,11.0,0.601,0.615,0.192,0.7,10.9,5.9,9.3,1.0,1.0,10.9,16.5,1.3,1.4,2.7,0.058,-1.0,-0.6,-1.5,0.3
foxde01,De'Aaron Fox,2025-26,28.0,SAS,SAS,False,PG,72.0,72.0,2231.0,30.99,11.0,22.5,0.486,2.8,8.5,0.332,8.1,14.0,0.58,0.549,4.0,5.3,0.76,0.9,4.9,5.8,9.6,1.9,0.4,3.5,3.5,28.8,117.0,113.0,17.6,0.578,0.377,0.235,2.1,10.7,6.5,29.6,1.9,0.8,12.4,24.9,3.4,3.0,6.4,0.138,1.5,0.6,2.2,2.4
quickim01,Immanuel Quickley,2025-26,26.0,TOR,TOR,False,PG,70.0,70.0,2231.0,31.87,8.8,19.8,0.443,3.9,10.4,0.374,4.9,9.4,0.52,0.541,3.7,4.5,0.821,0.8,5.3,6.2,9.1,2.0,0.1,2.2,3.1,25.1,121.0,114.0,16.6,0.577,0.526,0.229,1.9,12.5,7.2,26.4,2.0,0.2,9.3,21.1,3.9,2.6,6.5,0.14,1.9,0.6,2.4,2.5
dunnkr01,Kris Dunn,2025-26,31.0,LAC,LAC,False,PG,82.0,68.0,2230.0,27.2,5.1,10.6,0.476,1.8,4.8,0.374,3.3,5.9,0.559,0.56,1.4,1.8,0.765,1.3,4.8,6.0,6.6,2.9,0.3,2.5,4.2,13.3,116.0,116.0,11.3,0.581,0.449,0.17,3.1,10.8,7.1,17.9,2.9,0.6,17.8,12.4,1.7,2.3,4.0,0.085,-2.3,1.5,-0.8,0.6
anunoog01,OG Anunoby,2025-26,28.0,NYK,NYK,False,PF,67.0,67.0,2224.0,33.19,8.7,17.9,0.484,3.5,9.1,0.386,5.2,8.9,0.584,0.581,4.1,4.9,0.828,1.9,5.9,7.8,3.2,2.3,1.1,2.7,3.7,24.9,120.0,112.0,15.8,0.62,0.506,0.275,4.3,13.4,8.8,9.2,2.3,2.2,12.0,19.7,3.1,3.2,6.3,0.135,0.9,1.1,2.0,2.3
onealro01,Royce O'Neale,2025-26,32.0,PHO,PHO,False,SF,78.0,67.0,2213.0,28.37,5.9,14.0,0.421,4.7,11.6,0.408,1.1,2.3,0.486,0.59,0.6,0.8,0.711,1.3,7.0,8.3,4.6,1.9,0.7,2.3,4.0,17.1,117.0,114.0,11.6,0.596,0.832,0.061,2.9,16.3,9.3,12.8,1.9,1.4,13.8,14.3,1.9,2.7,4.6,0.1,-0.3,1.0,0.7,1.5
grimequ01,Quentin Grimes,2025-26,25.0,PHI,PHI,False,SG,75.0,19.0,2206.0,29.41,7.4,16.5,0.45,2.8,8.3,0.334,4.7,8.2,0.568,0.534,4.4,5.2,0.84,1.0,5.0,6.0,5.3,1.4,0.6,2.9,3.4,22.0,115.0,118.0,12.9,0.585,0.503,0.314,2.2,11.4,6.7,15.7,1.4,1.2,13.4,19.0,1.9,1.7,3.6,0.078,-0.9,-0.6,-1.6,0.2
avdijde01,Deni Avdija,2025-26,25.0,POR,POR,False,SF,66.0,66.0,2199.0,33.32,10.7,23.1,0.462,2.7,8.5,0.318,8.0,14.6,0.547,0.521,10.6,13.2,0.802,1.6,8.3,9.9,9.6,1.1,0.9,5.5,3.6,34.7,119.0,115.0,20.3,0.6,0.369,0.573,3.6,19.0,11.2,32.2,1.1,1.7,16.0,29.3,4.5,2.4,7.0,0.152,3.7,0.6,4.3,3.5
marshna01,Naji Marshall,2025-26,28.0,DAL,DAL,False,SF,74.0,47.0,2184.0,29.51,9.1,17.7,0.51,1.3,4.6,0.291,7.7,13.1,0.587,0.548,4.9,6.5,0.76,1.4,6.1,7.5,5.2,1.8,0.1,2.6,3.1,24.4,116.0,117.0,15.4,0.592,0.259,0.365,3.2,13.6,8.4,16.4,1.8,0.2,11.1,20.5,2.5,1.8,4.3,0.095,-0.7,0.1,-0.6,0.8
cunnica01,Cade Cunningham,2025-26,24.0,DET,DET,False,PG,64.0,64.0,2172.0,33.94,12.2,26.5,0.461,2.8,8.1,0.342,9.4,18.3,0.514,0.513,6.9,8.5,0.812,1.2,6.7,7.9,14.1,2.0,1.2,5.3,4.4,34.1,117.0,110.0,21.6,0.564,0.308,0.321,2.9,15.2,9.2,45.2,2.0,2.5,14.8,30.5,4.2,3.6,7.9,0.174,4.8,1.5,6.3,4.6
sheppre01,Reed Sheppard,2025-26,21.0,HOU,HOU,False,SG,82.0,21.0,2147.0,26.18,9.5,22.0,0.43,5.3,13.4,0.394,4.2,8.6,0.486,0.55,1.6,2.0,0.802,0.7,4.9,5.5,6.4,2.8,1.3,2.9,3.9,25.8,118.0,112.0,15.7,0.564,0.609,0.091,1.5,10.7,6.1,18.6,2.8,2.3,11.1,21.7,2.7,3.1,5.9,0.131,1.2,1.5,2.7,2.5
bookede01,Devin Booker,2025-26,29.0,PHO,PHO,False,SG,64.0,64.0,2146.0,33.53,12.6,27.6,0.456,2.8,8.5,0.33,9.8,19.1,0.512,0.507,10.5,12.0,0.873,1.1,4.6,5.7,8.9,1.2,0.4,4.6,3.9,38.4,119.0,117.0,20.4,0.585,0.309,0.434,2.4,10.7,6.4,30.2,1.2,0.8,12.3,32.2,4.7,1.8,6.5,0.145,3.2,-1.0,2.2,2.3
edwaran01,Anthony Edwards,2025-26,24.0,MIN,MIN,False,SG,61.0,60.0,2137.0,35.03,13.5,27.5,0.489,4.6,11.5,0.399,8.9,16.0,0.554,0.572,7.8,9.8,0.796,0.8,5.9,6.7,5.0,1.9,1.1,3.9,2.6,39.3,117.0,114.0,21.8,0.617,0.418,0.355,1.9,13.4,7.8,17.6,1.9,2.0,10.9,31.5,3.9,2.7,6.5,0.147,4.7,-0.1,4.5,3.5
hardati02,Tim Hardaway Jr.,2025-26,33.0,DEN,DEN,False,SG,80.0,6.0,2127.0,26.59,8.0,17.9,0.447,5.1,12.6,0.407,2.8,5.3,0.541,0.591,3.6,4.5,0.811,0.4,4.3,4.7,2.5,1.0,0.2,1.0,2.3,24.8,124.0,121.0,13.5,0.624,0.706,0.252,0.9,9.5,5.4,6.9,1.0,0.4,4.7,18.5,3.5,1.0,4.4,0.1,1.3,-1.9,-0.7,0.7
jaqueja01,Jaime Jaquez Jr.,2025-26,24.0,MIA,MIA,False,SF,75.0,1.0,2121.0,28.28,10.2,20.0,0.507,1.3,4.0,0.317,8.9,16.0,0.555,0.539,3.6,4.7,0.769,2.1,6.1,8.2,7.7,1.1,0.5,3.3,3.0,25.2,115.0,117.0,15.7,0.57,0.2,0.236,4.7,13.7,9.2,24.0,1.1,0.9,13.1,22.3,2.2,2.0,4.2,0.094,0.3,-0.1,0.1,1.1
robindu01,Duncan Robinson,2025-26,31.0,DET,DET,False,SG,77.0,77.0,2113.0,27.44,7.3,16.0,0.456,5.0,12.3,0.41,2.2,3.7,0.605,0.613,1.9,2.5,0.755,0.7,4.0,4.7,3.6,1.0,0.5,1.2,3.8,21.5,129.0,115.0,12.4,0.629,0.768,0.158,1.6,9.2,5.4,10.1,1.0,1.0,6.7,15.8,3.8,2.3,6.1,0.139,0.8,-0.1,0.8,1.5
fearsje01,Jeremiah Fears,2025-26,19.0,NOP,NOP,False,PG,82.0,49.0,2112.0,25.76,9.9,22.8,0.434,2.3,6.9,0.33,7.6,15.9,0.48,0.485,4.4,5.6,0.789,1.4,5.4,6.8,6.3,2.2,0.7,4.0,3.4,26.5,104.0,119.0,13.8,0.525,0.304,0.245,3.0,12.4,7.7,19.9,2.2,1.3,13.8,25.5,-0.8,1.4,0.6,0.015,-1.4,-1.3,-2.7,-0.4
clingdo01,Donovan Clingan,2025-26,21.0,POR,POR,False,C,77.0,77.0,2094.0,27.19,8.1,15.6,0.52,1.9,5.6,0.341,6.2,10.0,0.621,0.582,3.1,4.6,0.68,7.9,12.4,20.3,3.7,1.0,3.0,2.2,4.2,21.3,131.0,110.0,20.9,0.604,0.36,0.297,17.7,28.6,23.1,11.4,1.0,5.5,10.9,16.9,5.1,3.5,8.6,0.197,2.4,0.6,3.0,2.6
leonaka01,Kawhi Leonard,2025-26,34.0,LAC,LAC,False,SF,65.0,65.0,2085.0,32.08,15.1,30.0,0.505,4.1,10.6,0.387,11.0,19.4,0.569,0.573,8.9,9.9,0.892,1.7,8.2,9.9,5.6,2.9,0.6,3.2,1.9,43.3,124.0,113.0,27.9,0.629,0.354,0.331,4.1,18.6,11.5,21.0,2.9,1.2,8.4,33.5,6.5,2.7,9.2,0.212,7.4,0.6,8.0,5.3
mobleev01,Evan Mobley,2025-26,24.0,CLE,CLE,False,PF,65.0,63.0,2074.0,31.91,10.9,19.9,0.546,1.4,4.8,0.297,9.4,15.1,0.626,0.582,4.2,6.9,0.606,3.6,10.0,13.6,5.4,1.1,2.6,2.8,3.7,27.3,120.0,113.0,20.0,0.596,0.243,0.346,8.3,22.7,15.5,16.8,1.1,5.2,11.0,22.6,3.6,2.9,6.5,0.15,1.8,1.2,3.0,2.6
wiggian01,Andrew Wiggins,2025-26,30.0,MIA,MIA,False,SF,68.0,68.0,2063.0,30.34,8.8,18.5,0.475,3.1,7.5,0.414,5.7,11.0,0.516,0.559,2.9,3.6,0.784,2.6,4.8,7.4,4.1,1.7,1.6,2.3,3.5,23.5,117.0,115.0,15.1,0.586,0.406,0.197,5.7,10.8,8.3,12.3,1.7,3.0,10.3,19.7,2.2,2.3,4.6,0.106,0.7,0.5,1.2,1.7
laravja01,Jake LaRavia,2025-26,24.0,LAL,LAL,False,PF,82.0,43.0,2061.0,25.13,5.7,12.4,0.459,1.8,5.8,0.321,3.8,6.6,0.579,0.533,2.7,3.6,0.763,2.7,5.0,7.7,3.4,2.5,0.9,2.1,4.6,16.0,116.0,116.0,11.9,0.571,0.465,0.291,6.8,11.5,9.3,9.3,2.5,1.7,12.9,14.4,1.7,2.1,3.8,0.089,-1.6,0.5,-1.2,0.4
siakapa01,Pascal Siakam,2025-26,31.0,IND,IND,False,PF,62.0,62.0,2057.0,33.18,12.9,26.7,0.484,2.4,6.8,0.358,10.5,19.9,0.527,0.529,6.1,8.7,0.693,2.1,7.4,9.5,5.5,1.6,0.6,3.2,3.4,34.3,110.0,118.0,18.6,0.562,0.254,0.327,4.6,17.4,10.9,19.9,1.6,1.0,9.5,30.1,1.1,1.5,2.6,0.062,1.8,-1.0,0.7,1.4
wallaca01,Cason Wallace,2025-26,22.0,OKC,OKC,False,SG,77.0,58.0,2046.0,26.57,6.0,13.8,0.432,2.4,6.8,0.351,3.6,7.0,0.51,0.518,1.3,1.6,0.809,1.5,4.1,5.6,4.7,3.5,0.7,1.7,3.6,15.6,112.0,107.0,12.1,0.538,0.493,0.116,3.5,8.9,6.3,12.7,3.5,1.3,10.6,14.5,1.0,4.2,5.2,0.122,-2.1,3.3,1.2,1.7
vassede01,Devin Vassell,2025-26,25.0,SAS,SAS,False,SG,67.0,65.0,2044.0,30.51,7.8,17.7,0.437,3.9,10.2,0.384,3.9,7.6,0.508,0.547,2.5,3.1,0.815,0.9,5.4,6.3,3.9,1.3,0.6,1.4,2.5,21.9,118.0,114.0,13.0,0.574,0.572,0.172,2.1,11.8,7.1,11.0,1.3,1.1,6.9,18.0,2.3,2.6,4.9,0.115,0.1,0.3,0.5,1.3
castlst01,Stephon Castle,2025-26,21.0,SAS,SAS,False,PG,68.0,67.0,2038.0,29.97,9.1,19.3,0.471,1.9,5.7,0.332,7.2,13.5,0.531,0.521,6.6,9.0,0.734,2.3,6.2,8.5,11.8,1.8,0.4,5.1,5.2,26.7,116.0,112.0,17.4,0.575,0.299,0.47,5.3,13.5,9.5,34.5,1.8,0.8,18.0,24.9,2.8,2.9,5.8,0.136,1.0,0.9,1.9,2.0
queende01,Derik Queen,2025-26,21.0,NOP,NOP,False,C,81.0,48.0,2023.0,24.98,8.4,17.7,0.473,0.5,2.1,0.261,7.8,15.6,0.502,0.489,5.1,6.5,0.795,3.2,10.3,13.5,7.0,2.0,1.7,4.5,5.1,22.4,108.0,115.0,15.9,0.546,0.118,0.365,7.2,23.5,15.2,21.1,2.0,3.5,18.0,21.8,0.4,2.3,2.7,0.063,-1.5,0.7,-0.8,0.6
ballla01,LaMelo Ball,2025-26,24.0,CHO,CHO,False,PG,72.0,69.0,2017.0,28.01,12.4,30.6,0.407,6.7,18.2,0.368,5.8,12.4,0.464,0.516,4.0,4.4,0.899,1.6,6.9,8.5,12.6,2.1,0.4,5.0,4.8,35.5,116.0,114.0,19.7,0.546,0.595,0.144,3.7,15.5,9.7,42.6,2.1,0.8,13.2,32.0,3.6,2.6,6.2,0.147,4.8,-0.1,4.7,3.4
reidna01,Naz Reid,2025-26,26.0,MIN,MIN,False,C,77.0,3.0,2007.0,26.06,9.4,20.7,0.456,3.9,10.7,0.362,5.6,10.1,0.556,0.549,2.1,2.9,0.732,2.1,9.2,11.3,4.0,1.8,1.9,3.0,4.6,24.9,110.0,111.0,15.4,0.565,0.514,0.141,5.0,20.8,13.1,12.4,1.8,3.4,12.0,22.1,0.9,3.2,4.0,0.097,-0.1,1.0,0.9,1.5
mitchda01,Davion Mitchell,2025-26,27.0,MIA,MIA,False,PG,70.0,70.0,2000.0,28.57,6.1,12.4,0.49,2.1,5.3,0.395,4.0,7.1,0.561,0.574,1.0,1.5,0.646,0.7,3.6,4.3,10.5,1.6,0.3,2.5,4.2,15.2,122.0,118.0,12.1,0.582,0.428,0.122,1.6,8.0,4.8,29.1,1.6,0.5,16.1,13.6,2.6,1.7,4.3,0.104,-1.3,0.4,-0.9,0.6
brownbr01,Bruce Brown,2025-26,29.0,DEN,DEN,False,SG,82.0,4.0,1998.0,24.37,6.1,12.7,0.475,1.4,3.6,0.385,4.7,9.1,0.511,0.53,2.3,3.1,0.762,2.1,5.7,7.8,4.2,2.1,0.5,2.2,4.8,15.9,113.0,117.0,10.8,0.562,0.284,0.241,5.0,12.5,8.9,11.3,2.1,0.9,13.6,14.5,1.2,1.8,2.9,0.071,-2.5,0.1,-2.4,-0.2
holmgch01,Chet Holmgren,2025-26,23.0,OKC,OKC,False,PF,69.0,69.0,1997.0,28.94,10.5,18.9,0.557,2.1,5.9,0.362,8.4,13.0,0.646,0.614,5.4,6.9,0.792,3.1,11.7,14.9,2.8,1.0,3.2,2.6,3.8,28.6,125.0,104.0,21.6,0.653,0.312,0.365,7.4,25.3,16.7,8.6,1.0,6.4,10.6,21.9,4.4,4.7,9.1,0.219,2.4,1.9,4.2,3.1
hartjo01,Josh Hart,2025-26,30.0,NYK,NYK,False,SF,66.0,52.0,1994.0,30.21,7.5,14.7,0.508,2.5,6.0,0.413,5.0,8.7,0.574,0.593,2.2,3.1,0.72,2.3,9.8,12.1,7.9,1.9,0.4,3.2,4.1,19.7,122.0,112.0,15.7,0.612,0.409,0.211,5.2,22.1,13.6,21.6,1.9,0.9,16.5,16.7,3.1,3.0,6.1,0.147,1.0,2.0,3.0,2.5
jamesle01,LeBron James,2025-26,41.0,LAL,LAL,False,SF,60.0,60.0,1989.0,33.15,11.6,22.6,0.515,1.9,6.0,0.317,9.7,16.6,0.586,0.557,5.7,7.8,0.737,1.1,7.9,8.9,10.6,1.8,0.9,4.4,2.0,30.8,117.0,116.0,20.8,0.594,0.264,0.344,2.6,18.3,10.7,34.1,1.8,1.6,14.5,27.2,3.4,2.1,5.4,0.131,3.3,0.2,3.5,2.8
baileac01,Ace Bailey,2025-26,19.0,UTA,UTA,False,SF,72.0,61.0,1988.0,27.61,9.3,21.1,0.443,3.2,9.4,0.344,6.1,11.7,0.522,0.52,1.6,2.1,0.75,2.5,4.7,7.1,3.1,1.4,1.2,2.5,4.6,23.4,105.0,124.0,11.6,0.533,0.446,0.099,5.5,11.0,8.2,9.7,1.4,2.4,10.3,21.4,-0.4,0.3,-0.1,-0.001,-1.9,-2.5,-4.4,-1.2
barneha02,Harrison Barnes,2025-26,33.0,SAS,SAS,False,PF,77.0,52.0,1986.0,25.79,6.3,13.9,0.456,3.4,8.7,0.388,3.0,5.2,0.567,0.577,2.5,3.0,0.829,1.5,3.7,5.2,3.6,1.2,0.3,1.5,2.1,18.5,124.0,115.0,11.8,0.608,0.623,0.214,3.5,7.9,5.8,9.7,1.2,0.5,8.8,14.6,2.7,2.1,4.8,0.117,-0.2,0.1,-0.1,1.0
durenja01,Jalen Duren,2025-26,22.0,DET,DET,False,C,70.0,70.0,1976.0,28.23,12.8,19.7,0.65,0.0,0.0,,12.8,19.7,0.65,0.65,7.9,10.5,0.747,6.5,11.6,18.0,3.4,1.4,1.4,3.2,4.8,33.4,134.0,108.0,26.1,0.688,0.0,0.535,15.3,26.4,20.9,11.0,1.4,3.0,11.6,23.6,7.2,3.8,11.0,0.266,4.4,0.5,5.0,3.5
millebr02,Brandon Miller,2025-26,23.0,CHO,CHO,False,SF,65.0,65.0,1968.0,30.28,11.4,26.3,0.435,5.1,13.4,0.383,6.3,12.9,0.489,0.533,5.0,5.6,0.892,1.8,6.3,8.0,5.5,1.7,1.1,4.1,4.5,33.0,114.0,114.0,16.8,0.574,0.511,0.214,4.1,14.0,9.2,17.8,1.7,2.1,12.5,28.1,2.1,2.4,4.5,0.109,1.7,-0.1,1.6,1.8
raynama01,Maxime Raynaud,2025-26,22.0,SAC,SAC,False,C,74.0,56.0,1964.0,26.54,9.4,16.5,0.571,0.6,1.8,0.324,8.8,14.7,0.601,0.589,3.3,4.1,0.786,3.5,10.2,13.7,2.5,0.9,1.0,2.3,4.2,22.7,120.0,121.0,16.0,0.619,0.11,0.25,7.9,24.3,15.8,7.6,0.9,1.8,11.2,18.2,2.6,1.0,3.6,0.088,-0.9,-1.6,-2.4,-0.2
aytonde01,Deandre Ayton,2025-26,27.0,LAL,LAL,False,C,72.0,72.0,1958.0,27.19,10.0,15.0,0.671,0.0,0.0,,10.0,15.0,0.671,0.671,2.3,3.5,0.645,4.6,9.7,14.3,1.5,1.0,1.7,2.1,3.9,22.4,129.0,115.0,18.2,0.676,0.0,0.235,11.5,22.6,17.2,4.5,1.0,3.3,11.1,16.7,4.0,2.2,6.2,0.152,0.0,-0.9,-0.9,0.6
walkeja02,Jarace Walker,2025-26,22.0,IND,IND,False,PF,76.0,41.0,1953.0,25.7,7.5,17.8,0.419,3.2,8.7,0.374,4.2,9.2,0.462,0.51,3.3,4.5,0.749,1.2,8.3,9.5,4.7,1.5,0.6,3.4,3.0,21.5,102.0,118.0,11.5,0.543,0.486,0.25,2.7,19.5,10.9,14.3,1.5,1.1,14.6,20.7,-1.0,1.5,0.5,0.013,-1.8,-0.7,-2.4,-0.2
hausesa01,Sam Hauser,2025-26,28.0,BOS,BOS,False,PF,78.0,49.0,1934.0,24.79,6.6,15.7,0.419,5.2,13.2,0.393,1.4,2.5,0.557,0.584,0.4,0.5,0.85,1.5,6.4,7.9,3.0,1.0,0.6,0.9,3.0,18.8,126.0,115.0,11.9,0.59,0.839,0.033,3.3,13.6,8.5,7.9,1.0,1.2,5.4,14.5,2.9,2.1,5.0,0.124,0.6,0.0,0.6,1.3
hachiru01,Rui Hachimura,2025-26,27.0,LAL,LAL,False,PF,68.0,41.0,1927.0,28.34,7.8,15.1,0.514,2.9,6.6,0.443,4.8,8.5,0.57,0.611,1.3,1.8,0.694,1.0,4.7,5.7,1.4,1.0,0.5,1.1,2.8,19.8,120.0,120.0,11.6,0.62,0.439,0.121,2.6,10.9,6.9,4.1,1.0,1.0,6.3,15.2,2.1,1.1,3.2,0.08,-0.8,-1.5,-2.2,-0.1
quetane01,Neemias Queta,2025-26,26.0,BOS,BOS,False,C,76.0,75.0,1926.0,25.34,8.6,13.1,0.653,0.0,0.2,0.125,8.5,12.9,0.662,0.654,3.2,4.6,0.703,6.0,10.7,16.7,3.3,1.6,2.6,2.0,5.7,20.4,138.0,108.0,20.3,0.674,0.016,0.351,13.4,22.7,18.1,9.3,1.6,5.2,11.5,14.7,5.4,3.6,9.0,0.224,0.9,2.0,2.8,2.4
claxtni01,Nic Claxton,2025-26,26.0,BRK,BRK,False,C,69.0,68.0,1920.0,27.83,8.6,15.0,0.571,0.1,0.5,0.158,8.5,14.5,0.585,0.574,3.6,5.9,0.616,4.3,8.0,12.3,6.5,1.2,2.0,2.5,4.1,20.9,123.0,118.0,17.6,0.592,0.033,0.393,9.6,19.9,14.5,21.8,1.2,3.7,12.3,17.7,3.3,1.5,4.8,0.121,0.3,0.6,0.9,1.4
turnemy01,Myles Turner,2025-26,29.0,MIL,MIL,False,C,71.0,71.0,1912.0,26.93,7.3,16.6,0.44,3.8,9.9,0.383,3.5,6.7,0.523,0.553,3.4,4.6,0.74,1.9,7.8,9.7,2.6,1.3,3.0,2.1,4.8,21.8,113.0,117.0,14.2,0.584,0.594,0.274,4.5,17.8,11.2,7.7,1.3,6.0,10.3,18.6,1.2,1.8,3.0,0.076,-0.9,0.0,-0.9,0.5
johnske04,Keldon Johnson,2025-26,26.0,SAS,SAS,False,SF,82.0,0.0,1911.0,23.3,10.4,20.0,0.519,2.5,6.9,0.363,7.9,13.2,0.601,0.582,3.9,4.9,0.794,3.4,7.6,11.1,2.8,1.2,0.3,1.8,4.1,27.2,125.0,113.0,17.3,0.613,0.343,0.243,7.9,16.6,12.4,8.5,1.2,0.5,7.4,21.0,3.9,2.6,6.4,0.161,1.2,-0.3,0.9,1.4
blackan01,Anthony Black,2025-26,22.0,ORL,ORL,False,PG,64.0,40.0,1910.0,29.84,8.7,19.4,0.447,2.5,7.5,0.333,6.2,11.9,0.519,0.512,4.2,5.8,0.732,1.2,5.0,6.1,5.9,2.3,1.1,3.3,4.3,24.1,108.0,114.0,13.7,0.549,0.389,0.299,2.7,11.6,7.1,18.5,2.3,2.1,13.1,22.2,0.3,2.4,2.6,0.067,-1.2,0.7,-0.6,0.7
dasiltr01,Tristan Da Silva,2025-26,24.0,ORL,ORL,False,SF,77.0,34.0,1899.0,24.66,7.1,15.7,0.45,3.0,8.1,0.374,4.0,7.6,0.532,0.547,2.1,2.4,0.884,1.5,5.7,7.2,3.1,1.7,0.6,1.7,3.0,19.3,114.0,115.0,12.0,0.576,0.518,0.153,3.4,13.4,8.3,9.3,1.7,1.2,9.4,16.2,1.3,2.1,3.3,0.084,-0.7,0.1,-0.6,0.7
diabamo01,Moussa Diabaté,2025-26,24.0,CHO,CHO,False,C,73.0,47.0,1899.0,26.01,6.0,9.5,0.631,0.0,0.1,0.5,6.0,9.4,0.632,0.632,3.0,4.6,0.659,7.1,9.5,16.6,3.7,1.5,1.9,1.9,4.6,15.0,139.0,112.0,17.2,0.653,0.006,0.485,16.5,21.1,18.9,10.2,1.5,3.5,14.2,11.4,4.7,2.8,7.4,0.188,0.4,1.2,1.7,1.8
thompau01,Ausar Thompson,2025-26,23.0,DET,DET,False,SF,73.0,72.0,1896.0,25.97,7.7,14.7,0.525,0.2,0.6,0.25,7.6,14.1,0.537,0.53,2.8,4.9,0.571,3.8,6.8,10.7,5.8,3.7,1.8,2.8,5.1,18.4,115.0,105.0,16.2,0.545,0.042,0.331,9.0,15.6,12.4,16.3,3.7,3.6,14.3,16.9,1.5,4.1,5.7,0.144,-0.6,3.6,3.1,2.4
cliffni01,Nique Clifford,2025-26,23.0,SAC,SAC,False,SG,75.0,28.0,1882.0,25.09,6.4,15.3,0.418,2.0,5.9,0.333,4.4,9.4,0.471,0.482,1.8,2.5,0.722,1.7,5.6,7.2,4.6,1.7,0.6,3.0,4.0,16.6,100.0,122.0,9.0,0.505,0.388,0.163,3.8,13.3,8.4,13.0,1.7,1.2,15.4,17.0,-1.2,0.6,-0.6,-0.014,-3.7,-1.2,-4.9,-1.4
dosunay01,Ayo Dosunmu,2025-26,26.0,,2TM,True,SG,69.0,19.0,1881.0,27.26,9.7,18.7,0.517,3.1,7.0,0.439,6.6,11.7,0.563,0.599,3.2,3.6,0.876,1.2,4.8,5.9,6.2,1.5,0.5,2.4,3.3,25.6,124.0,119.0,16.5,0.63,0.375,0.194,2.7,10.7,6.8,19.6,1.5,0.8,10.6,20.2,3.5,1.3,4.9,0.124,1.3,-0.3,1.0,1.4
collijo01,John Collins,2025-26,28.0,LAC,LAC,False,PF,69.0,56.0,1872.0,27.13,9.7,17.5,0.552,2.4,5.8,0.406,7.3,11.7,0.625,0.62,3.1,4.1,0.766,2.9,6.8,9.8,1.9,1.6,1.4,2.5,5.0,24.8,121.0,116.0,16.3,0.643,0.332,0.234,7.0,15.6,11.4,5.8,1.6,2.6,11.6,19.5,2.7,1.8,4.6,0.117,0.0,-0.5,-0.5,0.7
greendr01,Draymond Green,2025-26,35.0,GSW,GSW,False,PF,68.0,68.0,1869.0,27.49,5.3,12.7,0.418,2.6,8.0,0.326,2.7,4.7,0.575,0.52,1.5,2.2,0.702,1.4,8.3,9.7,9.8,1.6,1.1,4.7,5.1,14.8,104.0,115.0,10.4,0.54,0.631,0.171,3.2,19.5,11.2,27.3,1.6,2.1,25.5,16.1,-0.4,2.1,1.7,0.044,-2.4,1.0,-1.4,0.3
wembavi01,Victor Wembanyama,2025-26,22.0,SAS,SAS,False,C,64.0,55.0,1866.0,29.16,14.2,27.8,0.512,3.1,9.0,0.349,11.1,18.8,0.59,0.569,9.6,11.6,0.827,3.3,15.6,18.9,5.1,1.7,5.1,4.0,4.0,41.2,122.0,101.0,29.9,0.626,0.324,0.417,7.7,33.9,21.2,17.6,1.7,9.4,10.8,32.4,5.0,5.0,10.0,0.257,6.5,4.2,10.7,6.0
westbru01,Russell Westbrook,2025-26,37.0,SAC,SAC,False,SF,64.0,58.0,1853.0,28.95,9.3,21.9,0.427,3.3,9.9,0.338,6.0,12.0,0.5,0.503,3.3,4.8,0.694,2.1,7.0,9.1,11.1,2.2,0.3,5.5,3.8,25.3,104.0,121.0,15.1,0.528,0.452,0.218,4.7,16.6,10.5,34.3,2.2,0.6,18.5,25.9,-0.6,0.9,0.4,0.009,0.6,-1.0,-0.4,0.7
sheadja01,Jamal Shead,2025-26,23.0,TOR,TOR,False,PG,82.0,12.0,1852.0,22.59,4.9,13.3,0.367,2.2,6.9,0.321,2.7,6.4,0.417,0.45,2.4,3.1,0.784,0.7,3.1,3.8,11.7,2.0,0.4,2.9,4.3,14.4,111.0,116.0,10.5,0.491,0.52,0.23,1.6,7.2,4.4,30.6,2.0,0.8,16.8,15.5,0.8,2.0,2.7,0.07,-2.3,0.0,-2.3,-0.1
larsspe01,Pelle Larsson,2025-26,24.0,MIA,MIA,False,SG,70.0,54.0,1849.0,26.41,7.0,14.0,0.496,1.6,4.8,0.323,5.4,9.2,0.586,0.551,4.6,5.8,0.797,1.7,4.4,6.1,5.9,1.2,0.4,2.5,3.7,20.1,121.0,118.0,13.1,0.605,0.343,0.413,3.8,9.9,6.8,16.8,1.2,0.8,13.3,16.8,2.6,1.5,4.1,0.106,-1.2,0.0,-1.2,0.4
dortlu01,Luguentz Dort,2025-26,26.0,OKC,OKC,False,SF,69.0,69.0,1849.0,26.8,5.3,13.7,0.385,3.3,9.7,0.344,1.9,4.0,0.487,0.508,1.2,1.5,0.759,1.5,4.9,6.4,2.2,1.6,0.7,1.4,4.7,15.1,106.0,110.0,8.3,0.524,0.71,0.111,3.4,10.7,7.2,5.9,1.6,1.4,8.9,14.1,0.0,3.0,3.0,0.078,-2.8,0.8,-2.0,0.0
jamessi01,Sion James,2025-26,23.0,CHO,CHO,False,SG,82.0,19.0,1843.0,22.48,3.7,10.0,0.371,2.2,6.3,0.352,1.5,3.7,0.404,0.483,2.2,2.6,0.837,1.3,6.4,7.7,4.4,1.4,0.5,1.7,4.0,11.9,116.0,116.0,8.3,0.531,0.634,0.263,3.1,14.3,8.8,11.4,1.4,1.0,13.5,11.0,1.1,1.9,3.1,0.08,-3.0,1.1,-2.0,0.0
willizi01,Zion Williamson,2025-26,25.0,NOP,NOP,False,PF,62.0,55.0,1841.0,29.69,12.6,21.0,0.6,0.0,0.1,0.25,12.6,20.9,0.601,0.6,8.7,12.1,0.716,3.2,5.9,9.2,5.2,1.6,0.9,3.3,3.7,33.8,126.0,120.0,22.6,0.644,0.005,0.576,7.2,13.5,10.3,17.7,1.6,1.7,11.1,25.7,5.0,1.0,6.1,0.159,3.5,-0.6,2.9,2.3
wellsja01,Jaylen Wells,2025-26,22.0,MEM,MEM,False,SG,69.0,69.0,1821.0,26.39,7.8,18.2,0.431,3.4,9.5,0.353,4.5,8.7,0.517,0.524,3.5,4.4,0.784,1.6,4.1,5.7,2.9,1.6,0.2,1.9,3.9,22.5,111.0,122.0,11.5,0.559,0.523,0.245,3.6,9.6,6.5,8.8,1.6,0.5,8.7,19.3,0.9,0.7,1.6,0.042,-1.8,-1.4,-3.1,-0.5
vucevni01,Nikola Vučević,2025-26,35.0,,2TM,True,C,64.0,49.0,1818.0,28.41,10.3,20.9,0.493,2.6,7.1,0.369,7.7,13.8,0.557,0.556,2.0,2.4,0.828,3.3,10.8,14.0,5.6,1.0,1.1,2.2,3.3,25.2,118.0,116.0,17.7,0.574,0.339,0.116,7.5,23.9,15.8,17.7,1.0,2.0,9.2,21.4,2.5,1.9,4.4,0.116,1.4,0.1,1.5,1.6
ighodos01,Oso Ighodaro,2025-26,23.0,PHO,PHO,False,PF,82.0,24.0,1808.0,22.05,6.5,10.0,0.653,0.0,0.0,0.0,6.5,10.0,0.655,0.653,1.4,3.2,0.453,3.8,7.7,11.4,5.1,2.0,1.6,2.8,6.0,14.5,122.0,112.0,13.8,0.636,0.003,0.32,8.2,17.8,12.8,14.2,2.0,3.0,19.5,12.2,2.1,2.6,4.7,0.125,-2.2,2.3,0.1,0.9
kuzmaky01,Kyle Kuzma,2025-26,30.0,MIL,MIL,False,PF,69.0,43.0,1806.0,26.17,9.2,18.8,0.492,2.3,6.5,0.347,7.0,12.3,0.569,0.552,3.7,5.1,0.726,1.6,7.0,8.5,5.0,1.3,0.8,3.2,3.6,24.4,111.0,120.0,14.1,0.581,0.347,0.27,3.6,15.9,9.8,15.5,1.3,1.5,13.4,21.8,0.9,1.0,1.9,0.051,-1.0,-1.3,-2.3,-0.1
filipky01,Kyle Filipowski,2025-26,22.0,UTA,UTA,False,C,77.0,41.0,1801.0,23.39,8.4,17.1,0.492,1.9,5.9,0.325,6.5,11.2,0.58,0.548,4.1,5.5,0.75,3.8,10.6,14.4,5.2,1.9,1.0,3.3,6.0,22.9,115.0,119.0,16.0,0.586,0.347,0.323,8.4,25.1,16.6,15.7,1.9,2.1,14.3,20.0,1.8,1.3,3.1,0.082,-0.6,-0.5,-1.1,0.4
nembhan01,Andrew Nembhard,2025-26,26.0,IND,IND,False,PG,57.0,57.0,1786.0,31.33,8.9,20.0,0.442,2.8,7.9,0.361,6.0,12.2,0.495,0.513,5.1,6.2,0.825,0.7,3.6,4.3,11.6,1.4,0.2,3.6,3.4,25.7,115.0,122.0,15.7,0.564,0.393,0.311,1.5,8.4,4.9,37.0,1.4,0.4,13.8,23.6,2.2,0.7,2.8,0.077,1.1,-1.9,-0.8,0.6
georgke01,Keyonte George,2025-26,22.0,UTA,UTA,False,PG,54.0,54.0,1786.0,33.07,10.6,23.1,0.456,3.5,9.5,0.371,7.0,13.7,0.515,0.532,8.9,9.9,0.892,0.6,4.6,5.2,8.7,1.5,0.4,4.4,3.2,33.5,118.0,124.0,18.5,0.609,0.41,0.429,1.4,10.9,6.0,28.4,1.5,0.8,13.7,27.9,3.1,0.1,3.3,0.088,3.0,-2.1,0.9,1.3
clownno01,Noah Clowney,2025-26,21.0,BRK,BRK,False,PF,66.0,60.0,1780.0,26.97,6.9,17.5,0.396,3.6,10.9,0.329,3.4,6.6,0.506,0.498,5.0,6.2,0.804,1.4,6.1,7.6,3.0,1.4,1.3,2.8,4.7,22.5,106.0,119.0,11.2,0.554,0.621,0.355,3.2,15.3,8.9,9.5,1.4,2.3,12.3,20.4,-0.1,1.2,1.1,0.029,-2.3,-1.1,-3.4,-0.6
tysonja01,Jaylon Tyson,2025-26,23.0,CLE,CLE,False,SG,66.0,42.0,1777.0,26.92,8.9,18.1,0.493,3.6,8.1,0.446,5.3,10.1,0.53,0.592,2.1,2.9,0.738,3.2,5.9,9.1,4.0,1.5,0.8,2.7,4.4,23.6,119.0,117.0,14.8,0.608,0.445,0.16,7.3,13.6,10.5,11.6,1.5,1.5,12.1,19.3,2.3,1.7,4.0,0.108,0.6,-0.5,0.1,0.9
smartma01,Marcus Smart,2025-26,31.0,LAL,LAL,False,SG,62.0,54.0,1769.0,28.53,5.2,13.1,0.395,2.7,8.1,0.331,2.5,5.1,0.497,0.497,2.9,3.6,0.822,1.0,3.8,4.7,5.1,2.4,0.6,2.5,4.5,16.0,109.0,117.0,9.9,0.543,0.616,0.271,2.5,8.7,5.7,13.6,2.4,1.2,14.7,15.4,0.4,1.6,2.0,0.054,-2.9,0.6,-2.2,-0.1
sensabr01,Brice Sensabaugh,2025-26,22.0,UTA,UTA,False,SF,75.0,22.0,1762.0,23.49,10.5,22.8,0.46,4.3,11.8,0.367,6.2,11.1,0.559,0.554,4.4,5.4,0.826,1.5,4.7,6.2,3.8,1.4,0.3,3.3,3.8,29.7,111.0,124.0,14.4,0.59,0.516,0.235,3.4,11.0,7.1,12.4,1.4,0.7,11.6,24.9,1.0,0.1,1.1,0.029,0.4,-3.0,-2.6,-0.3
reaveau01,Austin Reaves,2025-26,27.0,LAL,LAL,False,SG,51.0,45.0,1762.0,34.55,10.3,21.1,0.49,3.3,9.1,0.36,7.1,12.0,0.588,0.567,9.0,10.3,0.871,0.9,5.7,6.7,7.8,1.6,0.6,4.2,3.0,32.9,123.0,118.0,20.2,0.641,0.43,0.487,2.3,13.3,8.0,24.0,1.6,1.1,14.0,26.7,4.2,1.4,5.6,0.153,3.4,-0.6,2.8,2.1
jonestr01,Tre Jones,2025-26,26.0,CHI,CHI,False,PG,65.0,41.0,1752.0,26.95,9.1,16.5,0.553,1.1,3.5,0.315,8.0,13.0,0.616,0.586,5.1,6.1,0.841,1.0,4.4,5.5,9.4,2.0,0.3,2.5,2.5,24.4,130.0,119.0,18.7,0.637,0.211,0.368,2.3,9.9,6.2,29.2,2.0,0.5,11.4,19.2,4.6,1.1,5.7,0.157,1.2,0.1,1.3,1.5
mamuksa01,Sandro Mamukelashvili,2025-26,26.0,TOR,TOR,False,C,80.0,13.0,1751.0,21.89,9.2,17.6,0.523,3.2,8.2,0.389,6.0,9.3,0.642,0.614,3.3,4.4,0.747,3.0,8.0,11.0,4.2,1.8,1.1,1.9,4.1,24.9,127.0,112.0,18.1,0.637,0.469,0.25,6.9,18.8,12.8,12.4,1.8,2.3,8.7,18.8,3.6,2.5,6.2,0.169,2.1,0.7,2.8,2.1
harrito02,Tobias Harris,2025-26,33.0,DET,DET,False,PF,63.0,63.0,1746.0,27.71,8.6,18.3,0.469,2.3,6.2,0.368,6.3,12.1,0.521,0.531,3.8,4.3,0.866,1.5,7.4,8.9,4.3,1.6,0.7,1.7,3.0,23.2,121.0,111.0,15.0,0.574,0.338,0.238,3.6,16.9,10.4,12.5,1.6,1.5,8.0,18.8,2.6,2.7,5.3,0.145,0.6,0.8,1.4,1.5
achiupr01,Precious Achiuwa,2025-26,26.0,SAC,SAC,False,C,73.0,57.0,1745.0,23.9,8.8,16.6,0.528,0.7,2.7,0.278,8.0,13.9,0.577,0.551,2.1,3.9,0.554,4.9,8.7,13.6,2.8,1.8,1.4,1.8,3.4,20.4,117.0,119.0,16.2,0.558,0.162,0.232,11.0,20.8,15.8,8.5,1.8,2.6,9.0,17.6,1.8,1.2,2.9,0.081,-0.5,-1.1,-1.6,0.2
washipj01,P.J. Washington,2025-26,27.0,DAL,DAL,False,PF,56.0,53.0,1736.0,31.0,8.0,17.9,0.45,2.1,6.4,0.325,6.0,11.5,0.519,0.508,3.4,4.9,0.687,2.3,8.4,10.7,2.7,1.5,1.6,2.6,3.2,21.5,105.0,115.0,13.1,0.537,0.356,0.277,5.2,18.7,12.0,8.1,1.5,2.9,11.3,20.1,-0.3,2.0,1.7,0.046,-1.7,0.1,-1.6,0.2
giddejo01,Josh Giddey,2025-26,23.0,CHI,CHI,False,PG,54.0,51.0,1731.0,32.06,8.7,19.4,0.448,2.8,7.7,0.364,5.9,11.7,0.502,0.52,4.7,6.2,0.763,1.8,10.3,12.1,13.4,1.5,0.7,5.3,2.4,24.9,113.0,116.0,18.0,0.562,0.395,0.318,4.2,23.1,13.7,41.1,1.5,1.4,19.3,24.4,1.6,1.7,3.2,0.09,2.3,0.4,2.7,2.0
barrerj01,RJ Barrett,2025-26,25.0,TOR,TOR,False,SF,57.0,57.0,1726.0,30.28,11.3,23.1,0.491,2.7,8.0,0.339,8.6,15.1,0.572,0.55,5.7,7.9,0.717,1.6,6.9,8.5,5.3,1.2,0.5,2.8,4.2,31.0,115.0,115.0,17.0,0.585,0.347,0.342,3.6,16.3,9.9,16.8,1.2,1.1,9.5,25.8,2.0,2.0,4.0,0.111,1.0,-0.7,0.2,1.0
huffja01,Jay Huff,2025-26,27.0,IND,IND,False,C,82.0,47.0,1719.0,20.96,8.0,16.9,0.476,3.3,10.3,0.319,4.8,6.6,0.723,0.574,2.3,2.7,0.828,2.0,6.9,9.0,3.3,1.1,4.2,2.1,5.4,21.6,114.0,115.0,15.2,0.598,0.61,0.162,4.5,16.2,10.3,10.4,1.1,7.6,10.4,18.0,1.3,1.9,3.2,0.089,-0.9,1.3,0.4,1.1
powelno01,Norman Powell,2025-26,32.0,MIA,MIA,False,SG,58.0,52.0,1717.0,29.6,11.4,24.2,0.47,4.2,11.1,0.38,7.2,13.1,0.546,0.558,7.1,8.6,0.827,0.6,4.9,5.5,3.9,1.7,0.4,3.0,3.4,34.1,116.0,116.0,17.5,0.609,0.458,0.355,1.3,11.0,6.1,12.5,1.7,0.7,9.7,27.2,2.3,1.7,4.0,0.112,1.8,-0.3,1.6,1.5
spencca01,Cam Spencer,2025-26,25.0,MEM,MEM,False,SG,72.0,20.0,1714.0,23.81,7.3,15.4,0.473,4.0,9.0,0.449,3.2,6.4,0.506,0.604,3.5,3.7,0.94,1.1,4.0,5.1,11.1,1.4,0.3,2.6,2.8,22.1,133.0,122.0,17.2,0.649,0.585,0.241,2.5,9.2,5.8,33.1,1.4,0.6,13.1,17.2,4.7,0.6,5.3,0.149,3.0,-0.8,2.2,1.8
wareke01,Kel'el Ware,2025-26,21.0,MIA,MIA,False,C,77.0,34.0,1704.0,22.13,9.4,17.7,0.53,2.5,6.3,0.395,6.9,11.3,0.606,0.601,1.9,2.6,0.74,5.9,13.0,18.9,1.5,1.6,2.3,1.7,3.2,23.2,125.0,109.0,20.0,0.616,0.359,0.148,13.1,29.2,21.1,4.6,1.6,4.4,8.2,18.0,3.2,3.0,6.2,0.175,2.1,0.1,2.1,1.8
brookdi01,Dillon Brooks,2025-26,30.0,PHO,PHO,False,SF,56.0,56.0,1702.0,30.39,12.1,27.8,0.435,3.7,10.7,0.344,8.4,17.1,0.492,0.501,4.9,5.9,0.842,1.2,4.6,5.9,2.9,1.7,0.3,2.8,5.3,32.8,108.0,116.0,14.1,0.54,0.385,0.211,2.7,10.8,6.6,9.6,1.7,0.5,8.6,28.6,0.4,1.6,2.1,0.058,-1.0,-1.3,-2.3,-0.1
schrode01,Dennis Schröder,2025-26,32.0,,2TM,True,PG,70.0,17.0,1697.0,24.24,7.3,17.9,0.405,2.1,6.5,0.329,5.1,11.4,0.449,0.465,4.9,5.8,0.834,0.9,4.5,5.4,9.7,1.6,0.3,3.5,3.1,21.5,111.0,121.0,12.9,0.526,0.362,0.326,2.1,10.5,6.2,27.7,1.6,0.6,14.7,21.0,0.8,0.7,1.5,0.043,-0.9,-1.3,-2.2,-0.1
okorois01,Isaac Okoro,2025-26,25.0,CHI,CHI,False,SG,63.0,62.0,1695.0,26.9,5.8,12.7,0.46,2.0,6.1,0.33,3.8,6.6,0.58,0.539,2.5,3.1,0.795,1.9,2.9,4.8,2.8,1.3,0.8,1.3,4.5,16.1,118.0,121.0,9.8,0.574,0.481,0.244,4.4,6.4,5.4,7.8,1.3,1.5,8.3,13.6,1.4,0.7,2.2,0.061,-3.0,-0.8,-3.8,-0.8
grantje01,Jerami Grant,2025-26,31.0,POR,POR,False,PF,57.0,38.0,1695.0,29.74,9.3,20.6,0.453,3.8,9.9,0.389,5.5,10.7,0.513,0.547,7.4,9.1,0.814,1.5,4.0,5.6,3.4,1.2,1.0,3.4,4.0,29.9,119.0,118.0,15.4,0.608,0.479,0.441,3.5,9.3,6.3,11.0,1.2,1.9,12.0,23.8,2.6,1.4,4.0,0.114,0.9,-0.9,0.0,0.9
barlodo01,Dominick Barlow,2025-26,22.0,PHI,PHI,False,PF,71.0,59.0,1689.0,23.79,6.1,11.4,0.539,0.6,2.3,0.256,5.5,9.1,0.612,0.565,2.7,3.7,0.718,3.8,5.9,9.7,2.5,1.8,1.5,1.6,4.3,15.6,124.0,116.0,13.2,0.597,0.206,0.328,8.5,13.5,11.0,7.0,1.8,2.9,10.9,12.8,2.2,1.8,3.9,0.112,-1.5,0.4,-1.1,0.4
portemi01,Michael Porter Jr.,2025-26,27.0,BRK,BRK,False,SF,52.0,52.0,1689.0,32.48,13.0,28.1,0.463,5.2,14.2,0.363,7.8,13.8,0.567,0.555,5.7,6.6,0.859,2.0,8.7,10.7,4.6,1.6,0.4,3.6,3.4,36.9,113.0,118.0,19.9,0.595,0.506,0.237,4.5,21.7,12.6,18.2,1.6,0.7,10.3,30.5,1.7,1.3,2.9,0.083,4.2,-1.2,3.0,2.1
kennalu01,Luke Kennard,2025-26,29.0,,2TM,True,SG,78.0,6.0,1681.0,21.55,6.7,12.6,0.533,3.3,7.0,0.478,3.4,5.6,0.601,0.665,1.8,2.0,0.913,0.9,4.3,5.2,5.0,1.6,0.2,1.7,2.9,18.6,132.0,118.0,13.5,0.689,0.553,0.156,2.1,10.0,6.1,13.8,1.6,0.4,11.2,13.5,3.2,1.4,4.5,0.13,0.1,0.1,0.1,0.9
johnsca02,Cameron Johnson,2025-26,29.0,DEN,DEN,False,SF,54.0,54.0,1647.0,30.5,6.8,14.1,0.48,3.3,7.6,0.43,3.5,6.5,0.539,0.596,2.8,3.3,0.839,1.3,4.8,6.1,3.9,1.2,0.6,1.4,3.7,19.6,127.0,120.0,12.8,0.629,0.539,0.236,3.1,10.6,7.0,10.6,1.2,1.2,8.2,15.1,2.7,1.0,3.7,0.108,0.3,-0.9,-0.6,0.6
lopezbr01,Brook Lopez,2025-26,37.0,LAC,LAC,False,C,75.0,40.0,1635.0,21.8,7.1,16.5,0.428,3.5,9.6,0.36,3.6,6.8,0.524,0.533,1.7,2.3,0.757,1.4,6.9,8.3,3.0,1.4,2.6,1.9,4.7,19.3,110.0,115.0,12.3,0.552,0.585,0.137,3.4,15.7,9.7,8.5,1.4,5.0,9.6,17.2,0.5,1.8,2.3,0.068,-1.3,0.4,-0.9,0.5
rileywi01,Will Riley,2025-26,19.0,WAS,WAS,False,SF,74.0,18.0,1633.0,22.07,7.9,17.9,0.439,2.3,7.2,0.316,5.6,10.8,0.52,0.502,4.2,5.2,0.8,1.6,4.5,6.1,4.2,1.6,0.3,2.7,2.6,22.2,109.0,125.0,12.1,0.548,0.4,0.291,3.6,10.4,7.0,12.7,1.6,0.5,11.9,20.2,0.4,0.0,0.4,0.012,-1.9,-2.6,-4.5,-1.0
willico04,Cody Williams,2025-26,21.0,UTA,UTA,False,SG,67.0,41.0,1631.0,24.34,6.8,14.6,0.468,0.8,3.8,0.214,6.0,10.9,0.556,0.495,2.4,3.4,0.706,1.8,3.9,5.7,3.9,1.5,0.7,2.1,3.5,16.9,107.0,124.0,9.6,0.524,0.257,0.234,3.9,9.3,6.6,11.4,1.5,1.5,11.5,16.0,0.0,0.1,0.1,0.004,-3.6,-1.9,-5.5,-1.5
mathube01,Bennedict Mathurin,2025-26,23.0,,2TM,True,SF,54.0,25.0,1620.0,30.0,8.7,20.3,0.43,2.2,7.1,0.315,6.5,13.1,0.492,0.485,8.7,10.1,0.869,1.6,7.1,8.8,3.9,1.3,0.4,3.5,4.1,28.4,111.0,119.0,14.7,0.575,0.352,0.496,3.9,16.5,10.2,12.0,1.3,0.7,12.5,25.2,1.0,1.1,2.1,0.062,-1.1,-1.4,-2.5,-0.2
portibo01,Bobby Portis,2025-26,30.0,MIL,MIL,False,PF,67.0,9.0,1619.0,24.16,11.1,22.8,0.488,4.1,9.0,0.456,7.0,13.8,0.509,0.578,1.5,2.1,0.706,2.7,10.3,13.0,3.2,1.2,0.4,2.0,3.3,27.8,114.0,118.0,17.1,0.587,0.395,0.091,6.3,23.5,14.9,10.5,1.2,0.7,7.8,23.1,1.6,1.2,2.8,0.083,1.5,-1.6,0.0,0.8
sextoco01,Collin Sexton,2025-26,27.0,,2TM,True,SG,68.0,22.0,1614.0,23.74,10.8,22.2,0.485,3.4,8.4,0.401,7.4,13.9,0.536,0.561,6.5,7.6,0.855,1.2,3.4,4.6,6.7,2.3,0.3,4.2,4.3,31.5,117.0,117.0,17.4,0.615,0.376,0.344,2.8,7.6,5.3,21.7,2.3,0.6,14.2,25.9,2.5,1.4,3.9,0.117,1.1,-0.5,0.6,1.1
cowarce01,Cedric Coward,2025-26,22.0,MEM,MEM,False,SG,62.0,47.0,1598.0,25.77,9.0,19.2,0.471,2.8,8.2,0.338,6.3,11.1,0.568,0.542,4.2,4.9,0.843,2.5,8.3,10.8,5.1,1.2,0.8,3.1,3.7,25.0,114.0,119.0,15.3,0.585,0.424,0.256,5.5,19.4,12.3,16.0,1.2,1.6,12.7,21.5,1.4,1.1,2.5,0.076,0.4,-0.6,-0.2,0.7
watsope01,Peyton Watson,2025-26,23.0,DEN,DEN,False,SF,54.0,40.0,1598.0,29.59,8.7,17.7,0.491,2.5,6.0,0.411,6.2,11.7,0.531,0.56,4.2,5.8,0.73,1.5,6.6,8.1,3.4,1.5,1.9,2.8,4.2,24.1,112.0,116.0,14.3,0.594,0.339,0.325,3.6,14.4,9.3,9.7,1.5,3.6,12.3,20.6,1.0,1.6,2.6,0.078,-0.8,-0.5,-1.2,0.3
joneshe01,Herbert Jones,2025-26,27.0,NOP,NOP,False,SF,56.0,56.0,1588.0,28.36,5.5,14.4,0.383,2.4,7.8,0.309,3.1,6.6,0.47,0.467,1.5,1.9,0.806,1.4,4.3,5.7,4.7,2.7,0.8,2.2,5.3,14.9,103.0,119.0,9.1,0.491,0.542,0.13,3.2,9.8,6.4,12.9,2.7,1.6,12.6,15.2,-0.4,1.1,0.7,0.022,-3.7,0.6,-3.1,-0.5
suggsja01,Jalen Suggs,2025-26,24.0,ORL,ORL,False,PG,57.0,56.0,1574.0,27.61,8.6,19.8,0.435,3.7,11.0,0.339,4.9,8.8,0.554,0.529,3.1,3.6,0.855,1.1,5.6,6.7,9.5,3.2,1.2,4.6,4.4,24.0,108.0,111.0,15.6,0.561,0.555,0.18,2.5,13.2,7.8,29.6,3.2,2.3,17.8,22.9,0.3,2.4,2.7,0.083,0.7,1.8,2.5,1.8
oubreke01,Kelly Oubre Jr.,2025-26,30.0,PHI,PHI,False,SF,50.0,41.0,1574.0,31.48,7.8,16.7,0.467,2.6,7.3,0.36,5.2,9.4,0.551,0.546,3.4,4.4,0.766,1.5,6.2,7.7,2.5,2.1,0.7,2.1,3.9,21.6,114.0,116.0,13.0,0.58,0.439,0.267,3.4,14.2,8.7,7.3,2.1,1.4,10.2,18.2,1.1,1.6,2.7,0.083,-1.3,-0.1,-1.4,0.2
goodwjo01,Jordan Goodwin,2025-26,27.0,PHO,PHO,False,PG,70.0,10.0,1572.0,22.46,7.2,17.4,0.413,3.5,9.5,0.371,3.7,8.0,0.462,0.514,1.2,1.8,0.696,4.3,6.4,10.7,4.7,3.3,0.4,2.1,4.2,19.1,116.0,111.0,14.7,0.525,0.544,0.101,9.4,14.8,12.0,13.6,3.3,0.9,10.5,17.5,1.5,2.4,3.9,0.118,0.3,1.5,1.8,1.5
holidjr01,Jrue Holiday,2025-26,35.0,POR,POR,False,PG,53.0,51.0,1560.0,29.43,9.8,21.7,0.451,4.2,11.1,0.378,5.6,10.6,0.527,0.548,2.7,3.2,0.838,2.2,5.3,7.5,9.9,1.7,0.2,4.5,2.4,26.5,116.0,117.0,16.4,0.573,0.511,0.148,4.9,12.3,8.5,32.1,1.7,0.3,16.2,23.5,2.1,1.5,3.6,0.109,2.4,-0.5,1.9,1.6
harpedy01,Dylan Harper,2025-26,19.0,SAS,SAS,False,SG,69.0,4.0,1558.0,22.58,10.2,20.2,0.505,1.9,5.5,0.343,8.3,14.7,0.565,0.551,2.8,3.7,0.756,1.7,5.5,7.2,8.2,1.7,0.7,3.1,4.3,25.1,117.0,113.0,16.2,0.574,0.271,0.181,3.8,12.1,8.1,24.7,1.7,1.4,12.3,21.8,2.0,2.2,4.2,0.13,0.3,1.1,1.4,1.3
hollaro01,Ron Holland,2025-26,20.0,DET,DET,False,SF,78.0,5.0,1551.0,19.88,7.3,17.0,0.432,1.6,6.2,0.253,5.8,10.8,0.535,0.478,3.7,4.6,0.805,2.6,7.2,9.8,3.0,2.9,0.8,3.0,5.7,20.0,106.0,108.0,11.7,0.525,0.364,0.274,6.1,16.5,11.4,8.2,2.9,1.7,13.6,18.9,-0.1,2.9,2.8,0.087,-3.3,1.4,-2.0,0.0
easonta01,Tari Eason,2025-26,24.0,HOU,HOU,False,PF,60.0,34.0,1549.0,25.82,7.8,18.7,0.416,3.0,8.4,0.358,4.8,10.3,0.463,0.496,1.7,2.2,0.776,4.0,8.1,12.1,2.9,2.3,0.9,2.6,4.5,20.2,110.0,112.0,12.9,0.514,0.448,0.116,9.0,17.8,13.5,8.0,2.3,1.7,11.7,18.7,0.6,2.3,2.9,0.091,-1.8,0.2,-1.6,0.2
huertke01,Kevin Huerter,2025-26,27.0,,2TM,True,SF,69.0,14.0,1549.0,22.45,8.2,18.2,0.451,3.1,9.9,0.308,5.2,8.3,0.624,0.535,1.7,2.2,0.775,1.0,6.3,7.3,5.4,1.9,1.0,2.2,3.5,21.2,112.0,115.0,13.2,0.552,0.545,0.119,2.4,14.2,8.4,16.1,1.9,1.9,10.3,18.8,0.8,1.7,2.5,0.078,-1.1,0.5,-0.6,0.6
moodymo01,Moses Moody,2025-26,23.0,GSW,GSW,False,SG,60.0,49.0,1540.0,25.67,7.7,17.5,0.44,4.8,11.9,0.401,3.0,5.7,0.522,0.575,2.7,3.6,0.77,1.6,4.7,6.3,3.1,1.8,1.1,1.8,3.8,22.9,118.0,117.0,13.5,0.6,0.677,0.203,3.6,11.0,7.2,9.2,1.8,2.0,8.6,18.3,1.7,1.4,3.1,0.096,0.2,-0.3,-0.1,0.7
mannte01,Terance Mann,2025-26,29.0,BRK,BRK,False,SG,63.0,51.0,1529.0,24.27,5.4,11.9,0.457,1.8,5.0,0.364,3.6,6.9,0.523,0.533,2.0,2.6,0.788,2.3,4.2,6.5,6.1,1.3,0.5,2.3,5.0,14.7,116.0,121.0,10.2,0.564,0.418,0.217,5.0,10.5,7.6,18.6,1.3,0.9,15.0,13.5,1.2,0.6,1.8,0.056,-2.7,-0.7,-3.4,-0.6
allenja01,Jarrett Allen,2025-26,27.0,CLE,CLE,False,C,56.0,56.0,1519.0,27.12,10.7,16.7,0.638,0.0,0.3,0.1,10.6,16.4,0.649,0.639,5.9,8.3,0.709,4.6,10.5,15.1,3.2,1.7,1.5,2.4,3.0,27.2,132.0,112.0,22.1,0.669,0.019,0.494,10.5,24.0,17.2,9.7,1.7,2.9,10.4,19.9,4.2,2.2,6.4,0.202,2.2,0.4,2.6,1.8
colliis01,Isaiah Collier,2025-26,21.0,UTA,UTA,False,PG,59.0,19.0,1517.0,25.71,7.9,15.9,0.495,0.8,3.1,0.27,7.1,12.8,0.549,0.521,4.7,6.5,0.722,0.6,4.0,4.6,13.1,2.0,0.6,4.6,4.3,21.3,114.0,123.0,14.8,0.567,0.194,0.406,1.5,9.4,5.3,39.2,2.0,1.3,19.6,20.4,1.3,0.3,1.7,0.053,-0.7,-1.8,-2.4,-0.2
joeis01,Isaiah Joe,2025-26,26.0,OKC,OKC,False,SG,71.0,9.0,1507.0,21.23,7.9,17.4,0.455,5.8,13.7,0.423,2.1,3.7,0.574,0.622,3.5,3.9,0.894,1.1,4.7,5.8,3.0,1.6,0.4,1.4,3.9,25.2,128.0,111.0,15.5,0.657,0.788,0.227,2.5,10.2,6.5,8.6,1.6,0.7,7.0,18.4,3.2,2.4,5.5,0.176,2.0,0.5,2.5,1.7
landajo01,Jock Landale,2025-26,30.0,,2TM,True,C,68.0,27.0,1506.0,22.15,8.9,17.2,0.515,2.3,6.1,0.383,6.5,11.2,0.586,0.582,2.5,4.0,0.635,5.8,6.4,12.2,3.6,1.1,1.1,1.9,4.7,22.6,124.0,119.0,16.6,0.595,0.352,0.23,12.9,14.9,13.9,11.1,1.1,2.2,9.0,18.3,2.7,1.1,3.8,0.122,0.9,-1.0,-0.1,0.7
risacza01,Zaccharie Risacher,2025-26,20.0,ATL,ATL,False,SF,67.0,46.0,1503.0,22.43,7.7,16.8,0.455,3.0,8.1,0.368,4.7,8.7,0.536,0.544,1.8,2.8,0.644,2.2,5.8,8.1,2.4,1.9,1.1,1.8,4.6,20.1,110.0,114.0,11.8,0.557,0.481,0.168,5.0,13.6,9.3,6.8,1.9,2.2,9.2,17.6,0.5,1.9,2.3,0.074,-2.3,-0.2,-2.5,-0.2
thompkl01,Klay Thompson,2025-26,35.0,DAL,DAL,False,SF,69.0,8.0,1497.0,21.7,9.0,22.9,0.393,6.4,16.6,0.383,2.6,6.3,0.418,0.532,1.1,1.5,0.766,0.6,3.9,4.5,3.0,1.0,0.7,2.0,2.2,25.5,105.0,120.0,11.4,0.541,0.724,0.065,1.3,8.8,5.1,9.5,1.0,1.2,7.8,22.7,-0.3,0.9,0.5,0.018,0.2,-1.5,-1.4,0.2
kalkbry01,Ryan Kalkbrenner,2025-26,24.0,CHO,CHO,False,C,69.0,31.0,1479.0,21.43,7.3,9.8,0.753,0.0,0.2,0.0,7.3,9.6,0.766,0.753,2.8,3.9,0.716,5.6,7.0,12.6,1.8,1.1,3.4,2.1,3.6,17.5,142.0,112.0,17.9,0.762,0.017,0.399,13.0,15.7,14.4,5.2,1.1,6.3,15.3,11.6,3.6,2.1,5.7,0.185,0.5,1.3,1.8,1.4
elliske01,Keon Ellis,2025-26,26.0,,2TM,True,SG,72.0,11.0,1478.0,20.53,5.5,12.5,0.44,3.0,8.2,0.363,2.5,4.3,0.586,0.559,1.7,2.3,0.729,1.2,3.2,4.4,2.3,2.7,1.5,1.3,4.4,15.7,116.0,117.0,10.8,0.579,0.654,0.182,2.8,7.3,5.1,6.3,2.7,2.9,9.0,13.0,1.0,1.2,2.2,0.072,-1.8,1.3,-0.5,0.6
walteja01,Ja'Kobe Walter,2025-26,21.0,TOR,TOR,False,SG,72.0,19.0,1474.0,20.47,6.0,13.4,0.446,3.6,8.9,0.409,2.3,4.5,0.519,0.582,2.3,3.0,0.789,1.9,4.3,6.1,2.8,2.4,0.5,1.2,5.4,17.9,123.0,114.0,11.8,0.61,0.666,0.223,4.3,10.0,7.1,7.7,2.4,0.9,7.7,14.0,1.9,1.9,3.7,0.121,-1.3,1.0,-0.3,0.6
willipa01,Patrick Williams,2025-26,24.0,CHI,CHI,False,PF,72.0,6.0,1474.0,20.47,5.7,15.2,0.372,3.0,8.7,0.347,2.6,6.5,0.407,0.472,1.7,2.4,0.72,1.6,5.3,6.8,3.3,1.6,0.8,2.4,3.0,16.0,98.0,119.0,8.2,0.494,0.573,0.157,3.6,11.8,7.7,9.4,1.6,1.5,12.8,16.6,-1.1,1.0,-0.1,-0.005,-3.4,-1.1,-4.5,-0.9
mitchaj01,Ajay Mitchell,2025-26,23.0,OKC,OKC,False,SG,57.0,16.0,1473.0,25.84,9.4,19.4,0.485,2.0,5.8,0.347,7.4,13.6,0.543,0.536,4.6,5.3,0.87,1.3,4.9,6.2,6.8,2.3,0.6,2.7,3.9,25.4,118.0,109.0,16.8,0.585,0.298,0.275,3.1,10.6,7.0,20.1,2.3,1.2,10.9,21.8,2.2,2.6,4.8,0.156,0.3,1.6,1.9,1.4
sharpsh01,Shaedon Sharpe,2025-26,22.0,POR,POR,False,SG,50.0,42.0,1471.0,29.42,12.7,28.2,0.452,3.3,9.9,0.337,9.4,18.2,0.514,0.511,5.0,6.4,0.787,1.7,5.4,7.0,4.3,2.3,0.2,4.8,3.2,33.8,105.0,115.0,15.3,0.546,0.353,0.227,3.7,12.4,8.0,15.4,2.3,0.4,13.3,30.5,-0.4,1.6,1.3,0.041,-0.4,-0.9,-1.4,0.2
coulibi01,Bilal Coulibaly,2025-26,21.0,WAS,WAS,False,SG,56.0,56.0,1468.0,26.21,7.4,17.5,0.425,2.1,6.6,0.319,5.3,10.9,0.49,0.485,4.3,5.7,0.746,1.5,6.3,7.8,4.7,2.4,1.7,2.6,4.2,21.2,107.0,120.0,13.5,0.531,0.377,0.327,3.5,14.5,8.9,13.9,2.4,3.2,11.6,19.9,0.2,0.8,1.0,0.031,-1.7,-0.4,-2.1,-0.1
allengr01,Grayson Allen,2025-26,30.0,PHO,PHO,False,SG,51.0,27.0,1467.0,28.76,9.1,22.5,0.403,5.4,15.3,0.349,3.7,7.1,0.519,0.522,4.8,5.7,0.857,1.2,4.0,5.2,6.6,2.3,0.4,2.8,3.9,28.3,118.0,115.0,16.1,0.568,0.682,0.252,2.7,9.2,5.9,19.9,2.3,0.8,10.1,23.8,2.3,1.6,3.9,0.127,1.9,0.2,2.1,1.5
willibr03,Brandon Williams,2025-26,26.0,DAL,DAL,False,PG,66.0,15.0,1463.0,22.17,9.4,19.9,0.472,1.2,5.0,0.232,8.2,14.9,0.552,0.501,7.8,9.8,0.793,1.0,5.2,6.2,8.3,2.0,0.6,4.0,3.3,27.7,112.0,117.0,16.8,0.572,0.251,0.493,2.2,11.6,6.9,26.3,2.0,1.2,14.3,25.1,1.2,1.3,2.5,0.083,0.1,0.3,0.4,0.9
jenkida01,Daniss Jenkins,2025-26,24.0,DET,DET,False,PG,72.0,19.0,1455.0,20.21,7.7,18.9,0.408,2.4,6.5,0.374,5.3,12.4,0.426,0.473,4.5,5.4,0.832,1.7,3.8,5.5,9.2,2.1,0.5,3.8,3.6,22.3,111.0,113.0,13.4,0.525,0.343,0.283,4.0,8.7,6.4,25.8,2.1,1.0,15.3,21.5,0.9,2.0,2.9,0.095,-0.8,0.1,-0.7,0.5
jacksja02,Jaren Jackson Jr.,2025-26,26.0,,2TM,True,C,48.0,48.0,1454.0,30.29,11.1,23.4,0.476,2.7,7.7,0.357,8.4,15.8,0.533,0.534,5.3,6.6,0.803,1.4,7.5,8.9,3.1,1.7,2.2,3.5,5.8,30.3,107.0,117.0,15.7,0.576,0.327,0.282,3.1,17.4,10.1,10.4,1.7,4.4,11.7,26.2,0.1,1.3,1.4,0.047,-1.1,0.5,-0.6,0.5
greenja02,Javonte Green,2025-26,32.0,DET,DET,False,SG,82.0,6.0,1446.0,17.63,6.2,13.8,0.447,3.1,8.3,0.381,3.0,5.6,0.545,0.56,3.5,4.2,0.84,2.1,5.6,7.7,1.9,3.4,0.8,1.5,3.6,19.0,124.0,108.0,14.1,0.607,0.597,0.302,4.9,12.8,8.9,5.0,3.4,1.7,8.8,14.8,2.0,2.7,4.7,0.156,-0.3,2.4,2.1,1.5
zubaciv01,Ivica Zubac,2025-26,28.0,,2TM,True,C,48.0,47.0,1446.0,30.12,9.9,16.5,0.598,0.0,0.0,,9.9,16.5,0.598,0.598,3.5,4.9,0.711,5.6,11.9,17.4,3.6,0.6,1.4,2.9,3.8,23.2,123.0,115.0,18.6,0.622,0.0,0.295,13.3,27.2,20.4,11.3,0.6,2.6,13.6,19.2,2.6,1.6,4.2,0.139,0.7,-0.9,-0.3,0.6
johnstr03,Tre Johnson,2025-26,19.0,WAS,WAS,False,SG,60.0,42.0,1443.0,24.05,8.9,21.2,0.419,3.8,10.5,0.358,5.1,10.7,0.479,0.508,2.5,2.9,0.874,1.0,4.6,5.6,4.0,1.1,0.6,3.1,4.0,24.1,103.0,126.0,10.6,0.535,0.496,0.134,2.1,10.7,6.3,12.4,1.1,1.1,11.9,22.5,-0.6,-0.1,-0.7,-0.024,-2.1,-2.9,-5.0,-1.1
markkla01,Lauri Markkanen,2025-26,28.0,UTA,UTA,False,PF,42.0,42.0,1443.0,34.36,12.5,26.2,0.477,3.7,10.5,0.355,8.7,15.6,0.559,0.548,7.8,8.7,0.896,2.7,6.7,9.4,2.9,1.4,0.7,2.0,2.5,36.5,122.0,123.0,21.1,0.608,0.402,0.333,6.1,15.7,10.8,10.1,1.4,1.4,6.4,28.1,3.2,0.3,3.5,0.118,4.6,-2.0,2.6,1.6
middlkh01,Khris Middleton,2025-26,34.0,,2TM,True,SF,63.0,50.0,1439.0,22.84,7.5,17.7,0.42,2.2,6.1,0.36,5.3,11.6,0.452,0.482,3.9,4.5,0.875,1.7,5.9,7.6,5.8,1.3,0.3,3.5,4.7,21.0,105.0,122.0,10.9,0.533,0.344,0.252,3.8,13.4,8.6,17.3,1.3,0.5,15.3,20.6,-0.3,0.5,0.3,0.008,-2.8,-1.5,-4.4,-0.9
cissosi01,Sidy Cissoko,2025-26,21.0,POR,POR,False,SF,75.0,26.0,1435.0,19.13,4.4,11.1,0.398,2.0,6.6,0.298,2.5,4.5,0.544,0.487,1.9,2.9,0.659,2.1,3.5,5.5,3.7,1.7,0.8,2.3,6.1,12.7,107.0,117.0,7.1,0.514,0.593,0.263,4.6,8.0,6.3,10.2,1.7,1.5,15.8,12.5,0.0,1.3,1.3,0.045,-4.6,0.5,-4.0,-0.7
kornelu01,Luke Kornet,2025-26,30.0,SAS,SAS,False,C,68.0,25.0,1430.0,21.03,5.9,9.1,0.643,0.0,0.0,,5.9,9.1,0.643,0.643,3.2,3.8,0.825,6.1,7.8,13.9,4.2,1.1,2.2,0.9,4.0,14.9,154.0,111.0,17.9,0.689,0.0,0.419,14.0,17.0,15.5,11.3,1.1,4.0,8.0,10.3,4.6,2.3,6.9,0.231,1.6,2.1,3.6,2.0
scheiba01,Baylor Scheierman,2025-26,25.0,BOS,BOS,False,SG,77.0,20.0,1429.0,18.56,5.3,11.8,0.453,3.4,8.6,0.399,1.9,3.2,0.6,0.599,1.0,1.1,0.903,2.0,7.5,9.5,4.1,1.5,0.2,1.6,3.8,15.1,128.0,114.0,11.6,0.616,0.73,0.093,4.5,16.0,10.3,10.5,1.5,0.4,11.7,11.9,2.1,1.8,3.8,0.129,-0.7,1.3,0.6,0.9
jonessp01,Spencer Jones,2025-26,24.0,DEN,DEN,False,SF,64.0,37.0,1417.0,22.14,4.5,9.0,0.504,2.0,5.0,0.396,2.6,4.1,0.636,0.613,1.1,1.8,0.608,2.6,4.6,7.2,1.8,1.8,1.0,1.1,6.0,12.1,125.0,118.0,9.3,0.619,0.55,0.195,6.2,10.1,8.3,4.5,1.8,1.9,9.8,9.7,1.5,1.2,2.6,0.089,-2.4,0.0,-2.4,-0.1
willima07,Mark Williams,2025-26,24.0,PHO,PHO,False,C,60.0,55.0,1416.0,23.6,9.8,15.3,0.644,0.0,0.0,1.0,9.8,15.2,0.643,0.645,4.7,6.1,0.771,6.5,10.2,16.6,2.0,1.9,1.9,2.3,4.6,24.4,135.0,110.0,21.8,0.68,0.002,0.4,14.0,23.7,18.7,6.3,1.9,3.7,11.2,17.4,4.0,2.3,6.3,0.215,1.5,0.5,2.0,1.4
wiggiaa01,Aaron Wiggins,2025-26,27.0,OKC,OKC,False,SG,65.0,21.0,1414.0,21.75,7.9,18.3,0.431,3.3,9.2,0.356,4.6,9.1,0.508,0.521,1.8,2.5,0.736,1.4,5.4,6.8,3.7,2.1,1.0,2.8,2.8,20.9,104.0,109.0,11.7,0.538,0.504,0.134,3.3,11.7,7.6,10.6,2.1,1.9,12.5,19.9,-0.4,2.5,2.1,0.072,-1.7,0.7,-0.9,0.4
claytwa01,Walter Clayton,2025-26,22.0,,2TM,True,PG,69.0,6.0,1410.0,20.43,5.9,15.4,0.384,2.5,8.2,0.307,3.4,7.3,0.47,0.465,3.6,4.0,0.901,0.8,3.8,4.6,9.3,1.5,0.6,3.9,4.0,18.0,106.0,123.0,10.3,0.523,0.529,0.262,1.9,8.9,5.3,26.6,1.5,1.3,18.4,18.5,0.0,0.3,0.3,0.009,-2.2,-2.1,-4.3,-0.8
braunch01,Christian Braun,2025-26,24.0,DEN,DEN,False,SG,44.0,44.0,1399.0,31.8,7.0,13.6,0.519,1.5,5.0,0.301,5.5,8.6,0.646,0.575,2.8,3.5,0.782,2.1,5.2,7.4,4.2,1.0,0.4,1.5,3.6,18.3,125.0,120.0,12.6,0.607,0.368,0.26,5.1,11.5,8.4,11.4,1.0,0.8,9.0,14.8,2.2,0.8,3.0,0.103,-0.4,-0.9,-1.2,0.3
santogu01,Gui Santos,2025-26,23.0,GSW,GSW,False,PF,68.0,30.0,1395.0,20.51,8.0,16.0,0.5,2.7,7.7,0.351,5.3,8.3,0.639,0.585,3.0,4.2,0.725,2.6,6.6,9.2,5.5,2.1,0.8,3.5,4.9,21.7,115.0,115.0,14.2,0.609,0.483,0.261,5.9,15.6,10.6,16.7,2.1,1.5,16.6,18.7,1.2,1.5,2.7,0.094,-0.9,0.3,-0.6,0.5
krejcvi01,Vít Krejčí,2025-26,25.0,,2TM,True,PG,65.0,8.0,1392.0,21.42,6.5,14.6,0.448,4.4,11.2,0.39,2.2,3.4,0.634,0.597,1.3,1.7,0.745,1.1,4.0,5.0,3.4,1.6,0.6,1.4,4.7,18.7,121.0,117.0,11.1,0.609,0.765,0.119,2.4,9.3,5.8,9.6,1.6,1.2,8.3,14.6,1.5,1.3,2.9,0.099,-1.5,0.0,-1.6,0.1
georgky01,Kyshawn George,2025-26,22.0,WAS,WAS,False,SF,48.0,48.0,1391.0,28.98,8.6,19.6,0.438,3.4,8.9,0.381,5.2,10.8,0.486,0.524,3.6,4.5,0.802,1.5,6.9,8.3,7.3,1.6,1.5,4.3,5.8,24.2,107.0,122.0,13.8,0.559,0.451,0.227,3.3,15.9,9.5,22.4,1.6,2.7,16.5,22.8,0.1,0.5,0.6,0.022,-0.5,-0.6,-1.2,0.3
sheppbe01,Ben Sheppard,2025-26,24.0,IND,IND,False,SG,65.0,20.0,1390.0,21.38,5.7,13.2,0.434,2.9,7.9,0.362,2.9,5.3,0.542,0.543,1.3,1.7,0.765,1.5,5.2,6.7,3.9,1.3,0.2,1.4,3.9,15.7,114.0,121.0,9.7,0.561,0.599,0.132,3.3,12.2,7.6,11.3,1.3,0.4,9.1,13.8,0.8,0.7,1.4,0.05,-2.4,-0.6,-3.0,-0.4
champju01,Justin Champagnie,2025-26,24.0,WAS,WAS,False,SF,69.0,19.0,1377.0,19.96,8.0,15.9,0.502,1.8,5.7,0.319,6.2,10.2,0.605,0.56,2.8,3.5,0.784,5.0,8.2,13.2,2.9,2.0,1.5,1.5,3.9,20.5,125.0,120.0,17.3,0.589,0.359,0.221,11.1,19.0,15.0,8.7,2.0,2.7,8.2,16.7,2.4,0.8,3.1,0.109,0.6,-1.0,-0.4,0.6
richawi02,Will Richard,2025-26,23.0,GSW,GSW,False,SG,69.0,21.0,1377.0,19.96,5.7,12.2,0.468,2.5,7.5,0.335,3.2,4.7,0.679,0.571,1.6,1.9,0.852,2.4,3.7,6.1,3.3,2.8,0.3,1.9,4.6,15.5,118.0,116.0,11.0,0.596,0.613,0.156,5.3,8.7,7.0,9.3,2.8,0.6,12.5,13.0,1.2,1.4,2.5,0.089,-2.5,0.9,-1.7,0.1
trentga02,Gary Trent Jr.,2025-26,27.0,MIL,MIL,False,SG,65.0,21.0,1377.0,21.18,6.5,16.9,0.387,4.4,12.2,0.36,2.1,4.7,0.458,0.517,1.4,1.9,0.769,0.3,2.1,2.4,2.8,1.2,0.1,1.5,3.0,18.9,105.0,124.0,8.0,0.533,0.723,0.11,0.7,4.8,2.8,8.0,1.2,0.2,7.6,17.2,-0.2,0.2,-0.1,-0.002,-3.2,-2.2,-5.4,-1.2
merrisa01,Sam Merrill,2025-26,29.0,CLE,CLE,False,SG,52.0,38.0,1377.0,26.48,7.8,16.9,0.461,5.5,13.1,0.421,2.3,3.8,0.596,0.624,2.1,2.4,0.855,1.0,3.7,4.6,4.4,1.2,0.2,1.5,4.4,23.1,129.0,119.0,13.6,0.644,0.775,0.143,2.2,8.4,5.3,12.3,1.2,0.5,7.5,17.0,2.8,0.9,3.7,0.127,1.0,-1.0,0.1,0.7
simonan01,Anfernee Simons,2025-26,26.0,,2TM,True,SG,55.0,5.0,1372.0,24.95,10.4,23.7,0.44,5.3,13.8,0.385,5.1,9.8,0.517,0.552,2.5,2.8,0.896,1.1,3.8,4.9,4.9,1.0,0.3,2.5,3.4,28.7,117.0,118.0,14.4,0.576,0.585,0.119,2.5,8.1,5.4,14.6,1.0,0.6,9.1,23.6,1.8,1.1,2.9,0.101,1.2,-1.3,-0.1,0.7
alvarjo01,Jose Alvarado,2025-26,27.0,,2TM,True,PG,69.0,3.0,1370.0,19.86,6.6,15.9,0.416,3.6,10.1,0.352,3.0,5.7,0.531,0.529,1.2,1.6,0.761,0.9,5.1,6.0,8.3,2.3,0.3,2.7,4.6,18.0,114.0,117.0,12.1,0.543,0.639,0.102,2.1,11.6,6.8,23.1,2.3,0.6,14.1,16.8,1.0,1.2,2.2,0.077,-1.3,0.3,-1.0,0.3
monkma01,Malik Monk,2025-26,27.0,SAC,SAC,False,SG,62.0,3.0,1364.0,22.0,9.8,22.4,0.438,4.4,11.1,0.395,5.4,11.3,0.481,0.536,3.3,3.8,0.879,0.5,3.6,4.1,6.6,1.3,0.9,3.2,3.5,27.4,111.0,124.0,14.2,0.568,0.497,0.169,1.2,8.6,4.8,20.6,1.3,1.6,11.8,24.0,0.8,0.2,1.0,0.034,0.8,-2.1,-1.3,0.2
dunnry01,Ryan Dunn,2025-26,23.0,PHO,PHO,False,SF,70.0,16.0,1355.0,19.36,6.0,13.2,0.453,2.0,6.2,0.331,3.9,7.0,0.56,0.53,0.8,1.7,0.489,3.6,7.2,10.8,3.7,2.2,1.1,2.0,4.7,14.8,113.0,113.0,11.7,0.532,0.467,0.13,7.8,16.8,12.2,10.3,2.2,2.0,12.8,13.7,0.7,1.9,2.6,0.093,-2.1,1.2,-0.9,0.4
okogijo01,Josh Okogie,2025-26,27.0,HOU,HOU,False,SG,78.0,32.0,1354.0,17.36,4.6,10.8,0.425,2.3,5.9,0.385,2.3,4.9,0.474,0.531,1.5,2.5,0.594,3.0,4.4,7.4,2.5,2.3,0.6,1.5,3.9,13.0,119.0,114.0,9.9,0.544,0.548,0.235,6.7,9.6,8.2,6.4,2.3,1.1,11.2,11.3,1.1,1.6,2.7,0.095,-2.3,1.1,-1.2,0.3
sandeko01,Kobe Sanders,2025-26,23.0,LAC,LAC,False,SG,68.0,16.0,1351.0,19.87,6.6,14.1,0.466,2.9,7.2,0.408,3.6,6.9,0.527,0.57,2.1,2.5,0.826,1.1,4.6,5.6,4.0,1.8,0.4,3.0,5.4,18.2,110.0,118.0,10.0,0.597,0.51,0.18,2.6,10.4,6.6,11.4,1.8,0.7,16.4,16.3,0.4,1.0,1.4,0.051,-2.7,-0.2,-2.9,-0.3
jonesde02,Derrick Jones Jr.,2025-26,28.0,LAC,LAC,False,SF,50.0,45.0,1350.0,27.0,7.0,14.0,0.499,2.0,5.6,0.359,4.9,8.3,0.593,0.571,2.6,3.4,0.763,2.2,4.1,6.4,2.5,1.7,1.8,1.5,3.8,18.6,122.0,117.0,13.3,0.6,0.404,0.245,5.4,9.4,7.5,7.3,1.7,3.5,8.7,15.1,1.7,1.1,2.8,0.1,-0.6,-0.1,-0.7,0.5
garlada01,Darius Garland,2025-26,26.0,,2TM,True,PG,45.0,43.0,1344.0,29.87,11.2,24.4,0.46,4.4,11.2,0.396,6.8,13.2,0.514,0.551,3.8,4.4,0.861,0.7,3.2,3.9,10.9,1.6,0.3,4.7,3.0,30.6,115.0,119.0,17.1,0.582,0.458,0.182,1.5,7.4,4.5,34.9,1.6,0.6,15.2,27.4,1.7,0.9,2.6,0.092,2.2,-2.4,-0.2,0.6
nesmiaa01,Aaron Nesmith,2025-26,26.0,IND,IND,False,SF,45.0,42.0,1335.0,29.67,7.5,18.2,0.414,3.7,9.9,0.379,3.8,8.4,0.455,0.517,3.3,4.0,0.829,1.7,4.9,6.7,3.1,0.9,0.8,2.2,4.4,22.1,107.0,121.0,10.8,0.554,0.541,0.217,3.8,11.6,7.6,9.4,0.9,1.5,10.1,19.8,0.1,0.6,0.7,0.026,-1.7,-1.6,-3.4,-0.5
murrakr01,Kris Murray,2025-26,25.0,POR,POR,False,SF,57.0,15.0,1333.0,23.39,4.6,9.9,0.467,1.2,4.4,0.279,3.4,5.5,0.617,0.529,1.4,2.0,0.684,3.2,4.2,7.4,2.9,1.8,0.8,1.7,3.3,11.9,117.0,116.0,9.6,0.55,0.442,0.207,7.2,9.6,8.4,8.1,1.8,1.5,13.5,10.6,0.9,1.3,2.2,0.079,-2.3,0.8,-1.5,0.2
curryst01,Stephen Curry,2025-26,37.0,GSW,GSW,False,PG,43.0,41.0,1329.0,30.91,13.6,29.1,0.468,6.9,17.7,0.393,6.7,11.5,0.584,0.587,7.4,8.1,0.923,0.6,5.0,5.6,7.4,1.8,0.6,4.4,2.7,41.7,119.0,117.0,22.6,0.637,0.606,0.277,1.4,11.7,6.5,27.0,1.8,1.2,11.9,32.5,2.9,1.2,4.1,0.147,6.3,-1.0,5.4,2.5
millejo02,Jordan Miller,2025-26,26.0,LAC,LAC,False,SF,60.0,1.0,1325.0,22.08,8.0,15.0,0.531,1.4,4.1,0.345,6.5,10.8,0.602,0.579,5.1,6.6,0.777,1.9,5.0,6.8,5.1,1.7,0.4,2.4,2.3,22.4,125.0,118.0,15.9,0.628,0.276,0.439,4.5,11.3,8.0,15.1,1.7,0.8,11.7,18.0,2.5,1.0,3.5,0.125,0.6,-0.4,0.2,0.8
poweldr01,Drake Powell,2025-26,20.0,BRK,BRK,False,SG,63.0,24.0,1320.0,20.95,5.4,13.4,0.402,1.9,6.8,0.28,3.5,6.6,0.528,0.473,2.6,2.9,0.896,0.8,3.4,4.2,3.4,1.3,0.5,2.2,3.3,15.3,102.0,122.0,7.3,0.521,0.508,0.215,1.8,8.4,4.9,10.3,1.3,1.0,13.3,14.9,-0.5,0.5,-0.1,-0.003,-4.6,-1.3,-6.0,-1.3
simsje01,Jericho Sims,2025-26,27.0,MIL,MIL,False,C,67.0,19.0,1318.0,19.67,5.4,6.9,0.784,0.0,0.0,,5.4,6.9,0.784,0.784,1.6,2.6,0.62,5.5,8.3,13.8,3.9,0.7,0.6,2.8,5.4,12.5,136.0,120.0,12.9,0.772,0.0,0.384,12.7,19.0,15.9,10.7,0.7,1.3,25.8,9.8,2.5,0.7,3.2,0.117,-2.1,-0.9,-3.1,-0.4
wadede01,Dean Wade,2025-26,29.0,CLE,CLE,False,PF,59.0,38.0,1318.0,22.34,4.4,10.1,0.439,2.6,7.1,0.362,1.9,3.0,0.622,0.567,1.0,1.4,0.711,1.9,7.1,9.0,3.2,1.6,0.8,0.6,3.3,12.5,130.0,115.0,10.9,0.58,0.705,0.137,4.4,16.1,10.3,8.3,1.6,1.7,5.1,9.9,1.7,1.4,3.1,0.114,-0.8,1.0,0.2,0.7
stewais01,Isaiah Stewart,2025-26,24.0,DET,DET,False,C,58.0,13.0,1317.0,22.71,8.1,14.8,0.55,1.5,4.4,0.333,6.6,10.4,0.642,0.6,3.6,4.8,0.756,3.5,7.1,10.6,2.4,0.6,3.4,2.5,6.1,21.3,123.0,110.0,15.2,0.632,0.299,0.326,8.3,16.3,12.4,6.9,0.6,7.0,12.7,16.6,1.9,2.1,4.1,0.149,-1.1,1.1,0.0,0.7
demineg01,Egor Dëmin,2025-26,19.0,BRK,BRK,False,PG,52.0,45.0,1308.0,25.15,6.8,17.0,0.399,4.7,12.2,0.385,2.1,4.8,0.433,0.537,2.0,2.5,0.831,0.8,5.4,6.2,6.5,1.6,0.6,3.3,3.5,20.3,107.0,120.0,11.3,0.561,0.717,0.145,1.8,13.5,7.3,20.7,1.6,1.2,15.3,18.8,0.1,0.7,0.9,0.032,-0.9,-0.7,-1.6,0.1
sarral01,Alex Sarr,2025-26,20.0,WAS,WAS,False,C,48.0,48.0,1305.0,27.19,11.5,23.8,0.482,1.8,5.4,0.333,9.7,18.4,0.526,0.52,3.7,5.3,0.692,3.8,9.1,12.9,4.7,1.4,3.4,3.0,3.8,28.4,110.0,119.0,19.4,0.544,0.229,0.223,8.5,20.9,14.6,15.9,1.4,6.4,10.2,25.7,0.7,0.9,1.6,0.059,0.8,-0.1,0.7,0.9
missiyv01,Yves Missi,2025-26,21.0,NOP,NOP,False,C,66.0,14.0,1297.0,19.65,5.9,10.8,0.544,0.0,0.0,0.0,5.9,10.8,0.546,0.544,2.1,3.8,0.559,6.7,7.5,14.2,3.1,0.7,3.7,2.0,4.2,13.9,122.0,118.0,15.0,0.556,0.003,0.347,15.0,17.0,16.0,8.6,0.7,7.4,13.7,12.6,1.6,1.1,2.7,0.098,-1.4,-0.3,-1.7,0.1
batumni01,Nicolas Batum,2025-26,37.0,LAC,LAC,False,PF,74.0,6.0,1295.0,17.5,3.7,9.1,0.403,3.5,8.8,0.404,0.2,0.4,0.4,0.597,0.3,0.4,0.818,0.9,6.2,7.1,2.5,1.8,0.9,1.4,3.8,11.3,115.0,117.0,8.4,0.603,0.958,0.046,2.1,14.1,8.3,6.5,1.8,1.7,13.2,9.6,0.6,1.2,1.8,0.066,-1.7,0.7,-1.0,0.3
willizi02,Ziaire Williams,2025-26,24.0,BRK,BRK,False,SF,56.0,13.0,1281.0,22.88,7.1,16.7,0.425,3.3,9.7,0.343,3.8,7.0,0.538,0.524,4.6,5.4,0.85,1.2,4.0,5.2,2.3,2.9,0.8,2.3,4.5,22.1,110.0,118.0,12.4,0.579,0.58,0.323,2.6,10.0,6.1,7.4,2.9,1.5,10.7,18.9,0.5,1.1,1.6,0.059,-2.0,0.4,-1.7,0.1
clarkjo01,Jordan Clarkson,2025-26,33.0,NYK,NYK,False,SG,72.0,1.0,1279.0,17.76,9.2,20.4,0.451,2.7,8.3,0.327,6.5,12.1,0.535,0.517,3.0,3.6,0.83,2.4,2.5,4.9,3.7,1.2,0.3,2.4,4.8,24.1,113.0,118.0,11.6,0.548,0.407,0.179,5.4,5.7,5.6,10.7,1.2,0.7,10.0,21.1,0.9,1.0,1.9,0.072,-1.9,-1.4,-3.3,-0.4
willija07,Jaylin Williams,2025-26,23.0,OKC,OKC,False,PF,65.0,11.0,1277.0,19.65,5.6,13.3,0.423,3.7,9.7,0.383,1.9,3.6,0.531,0.563,2.8,3.5,0.793,1.2,12.3,13.6,6.0,1.2,1.6,2.5,4.8,17.8,118.0,105.0,13.8,0.597,0.727,0.261,2.8,26.6,15.2,16.0,1.2,3.2,14.6,15.6,1.3,2.8,4.1,0.155,0.0,2.8,2.7,1.5
porteke02,Kevin Porter Jr.,2025-26,25.0,MIL,MIL,False,PG,38.0,36.0,1261.0,33.18,9.3,20.0,0.465,1.8,5.6,0.322,7.5,14.5,0.52,0.51,5.3,6.1,0.878,1.3,6.4,7.7,10.9,3.2,0.7,4.3,3.4,25.8,115.0,116.0,18.7,0.567,0.278,0.304,3.1,14.6,8.9,33.8,3.2,1.5,15.9,24.3,1.5,1.3,2.8,0.106,0.8,1.2,2.1,1.3
whiteco01,Coby White,2025-26,25.0,,2TM,True,SG,50.0,26.0,1249.0,24.98,10.6,23.8,0.446,4.4,12.1,0.362,6.2,11.6,0.534,0.539,7.5,9.2,0.817,0.6,5.8,6.5,7.6,1.0,0.2,4.9,4.2,33.1,113.0,120.0,16.1,0.595,0.51,0.387,1.5,13.1,7.4,24.8,0.9,0.4,14.9,28.8,1.2,0.7,2.0,0.076,0.6,-1.9,-1.3,0.2
murraco01,Collin Murray-Boyles,2025-26,20.0,TOR,TOR,False,PF,57.0,22.0,1246.0,21.86,7.7,13.4,0.579,0.7,2.0,0.34,7.1,11.4,0.62,0.604,2.8,4.2,0.657,5.2,5.9,11.2,4.1,2.0,2.1,2.3,5.8,18.9,125.0,112.0,16.4,0.621,0.146,0.316,12.0,14.0,13.0,11.7,2.0,4.1,13.2,15.5,2.1,1.9,4.0,0.154,-0.5,1.5,1.0,1.0
traorno01,Nolan Traoré,2025-26,19.0,BRK,BRK,False,PG,56.0,31.0,1243.0,22.2,7.2,19.1,0.38,2.4,7.6,0.318,4.8,11.4,0.422,0.444,2.9,3.7,0.787,0.6,3.4,3.9,8.5,1.8,0.9,5.1,4.7,19.9,93.0,120.0,7.9,0.479,0.401,0.196,1.2,8.4,4.6,27.2,1.8,1.7,19.9,22.8,-2.3,0.6,-1.6,-0.063,-4.8,-2.0,-6.8,-1.5
bonaad01,Adem Bona,2025-26,22.0,PHI,PHI,False,C,71.0,18.0,1234.0,17.38,5.1,8.6,0.595,0.1,0.2,0.333,5.0,8.4,0.603,0.6,3.1,4.4,0.708,5.0,7.0,12.0,1.3,1.2,3.2,2.2,6.0,13.5,123.0,114.0,12.8,0.638,0.027,0.514,11.2,16.0,13.6,3.4,1.2,6.2,17.2,11.1,1.4,1.5,2.9,0.112,-3.2,0.3,-2.9,-0.3
drumman01,Andre Drummond,2025-26,32.0,PHI,PHI,False,C,63.0,25.0,1231.0,19.54,6.2,13.2,0.472,1.3,3.5,0.356,5.0,9.7,0.514,0.519,2.1,3.3,0.631,7.8,13.0,20.9,3.1,1.5,1.9,2.4,4.9,15.8,119.0,111.0,16.4,0.539,0.267,0.249,17.5,29.8,23.6,8.9,1.5,3.7,14.0,14.9,1.5,1.9,3.4,0.133,-0.4,-0.2,-0.6,0.4
spencpa01,Pat Spencer,2025-26,29.0,GSW,GSW,False,PG,66.0,14.0,1229.0,18.62,7.3,17.2,0.427,2.4,6.6,0.357,5.0,10.6,0.47,0.495,1.7,2.2,0.772,2.0,4.2,6.2,9.2,1.9,0.2,3.4,3.0,18.8,110.0,118.0,12.1,0.516,0.385,0.131,4.5,9.9,7.2,27.1,1.9,0.4,15.6,18.9,0.5,1.0,1.4,0.056,-1.7,-0.6,-2.3,-0.1
lavinza01,Zach LaVine,2025-26,30.0,SAC,SAC,False,SG,39.0,37.0,1224.0,31.38,10.4,21.6,0.479,3.9,10.0,0.39,6.4,11.6,0.556,0.569,4.9,5.6,0.88,0.3,4.0,4.3,3.5,1.1,0.4,2.9,3.2,29.6,115.0,125.0,14.7,0.614,0.464,0.26,0.7,9.4,4.9,11.2,1.1,0.8,10.8,23.7,1.3,0.0,1.3,0.051,0.6,-2.2,-1.5,0.2
walshjo01,Jordan Walsh,2025-26,21.0,BOS,BOS,False,PF,68.0,25.0,1212.0,17.82,5.7,11.1,0.509,2.0,5.2,0.384,3.7,5.9,0.62,0.599,1.8,2.4,0.772,3.5,7.8,11.4,2.3,2.0,1.3,1.5,5.7,15.2,130.0,111.0,13.1,0.623,0.468,0.213,7.9,16.6,12.3,5.8,2.0,2.6,10.7,11.7,1.9,1.9,3.8,0.15,-1.4,1.6,0.2,0.7
hayesja02,Jaxson Hayes,2025-26,25.0,LAL,LAL,False,C,66.0,9.0,1207.0,18.29,8.0,10.6,0.756,0.1,0.1,1.0,7.9,10.5,0.753,0.761,4.0,6.1,0.653,4.0,7.0,11.0,2.4,1.2,2.1,1.3,5.1,20.1,149.0,116.0,18.3,0.758,0.011,0.573,10.0,16.1,13.2,6.9,1.2,4.0,8.6,13.0,3.8,1.2,5.0,0.199,0.8,0.4,1.2,1.0
embiijo01,Joel Embiid,2025-26,31.0,PHI,PHI,False,C,38.0,38.0,1201.0,31.61,13.7,28.0,0.489,2.1,6.4,0.333,11.6,21.6,0.535,0.527,11.5,13.5,0.854,3.0,8.8,11.8,6.0,0.8,1.8,4.4,3.3,41.0,119.0,116.0,24.7,0.605,0.228,0.481,6.7,20.0,13.3,21.7,0.8,3.6,11.4,33.5,2.8,1.3,4.1,0.163,5.1,-0.2,4.9,2.1
baglema01,Marvin Bagley III,2025-26,26.0,,2TM,True,PF,60.0,12.0,1201.0,20.02,10.0,16.2,0.618,0.9,2.0,0.462,9.1,14.1,0.641,0.647,3.7,5.7,0.66,5.9,8.5,14.4,3.3,1.1,1.7,2.4,4.8,24.7,130.0,119.0,20.2,0.661,0.127,0.35,13.2,19.3,16.3,10.8,1.1,3.1,11.4,18.6,3.0,0.8,3.8,0.15,1.8,-1.0,0.8,0.8
aldamsa01,Santi Aldama,2025-26,25.0,MEM,MEM,False,PF,43.0,11.0,1198.0,27.86,9.0,18.8,0.479,2.8,7.9,0.35,6.2,10.9,0.572,0.553,3.0,4.5,0.667,2.6,8.7,11.3,5.0,1.5,1.2,2.2,2.7,23.8,116.0,118.0,16.3,0.572,0.42,0.239,6.0,20.2,13.0,15.7,1.5,2.4,9.5,20.2,1.3,1.0,2.3,0.092,1.3,0.4,1.7,1.1
gaffoda01,Daniel Gafford,2025-26,27.0,DAL,DAL,False,C,55.0,44.0,1195.0,21.73,8.2,12.5,0.655,0.0,0.0,,8.2,12.5,0.655,0.655,4.3,6.4,0.683,5.4,9.5,14.9,2.3,1.7,2.7,2.5,5.7,20.7,129.0,112.0,18.8,0.677,0.0,0.509,12.3,21.1,16.7,7.0,1.7,4.9,14.0,15.8,2.5,1.7,4.1,0.167,-0.5,1.2,0.7,0.8
wolfda01,Danny Wolf,2025-26,21.0,BRK,BRK,False,PF,57.0,15.0,1187.0,20.82,7.4,18.3,0.405,2.8,8.8,0.322,4.6,9.5,0.48,0.482,3.5,4.5,0.771,2.4,9.3,11.7,5.3,1.2,1.3,3.0,5.2,21.2,105.0,118.0,12.3,0.521,0.48,0.248,5.3,23.2,13.8,17.1,1.2,2.5,13.0,20.6,-0.2,1.0,0.8,0.032,-2.2,-0.3,-2.5,-0.2
butleji01,Jimmy Butler,2025-26,36.0,GSW,GSW,False,SF,38.0,38.0,1182.0,31.11,9.8,18.9,0.519,1.3,3.5,0.376,8.5,15.5,0.552,0.554,10.2,11.8,0.864,3.6,5.0,8.7,7.6,2.3,0.3,2.5,1.9,31.2,136.0,117.0,23.5,0.646,0.184,0.621,8.2,11.8,10.0,24.3,2.3,0.6,9.3,23.3,4.6,1.1,5.7,0.233,5.0,0.5,5.5,2.3
gueyemo02,Mouhamed Gueye,2025-26,23.0,ATL,ATL,False,PF,77.0,8.0,1179.0,15.31,5.2,11.6,0.452,1.6,5.2,0.308,3.6,6.4,0.569,0.521,1.6,2.5,0.645,3.6,7.4,11.0,2.8,2.4,1.6,1.3,5.1,13.7,117.0,111.0,12.0,0.539,0.448,0.214,8.1,17.4,12.7,7.4,2.4,3.0,9.4,12.4,0.9,1.8,2.7,0.11,-2.6,1.3,-1.3,0.2
jacksgg01,GG Jackson II,2025-26,21.0,MEM,MEM,False,PF,55.0,28.0,1178.0,21.42,10.3,20.7,0.496,2.6,7.8,0.332,7.7,12.9,0.595,0.558,4.5,6.1,0.742,2.0,7.5,9.5,3.3,1.2,1.8,3.4,3.0,27.6,109.0,118.0,15.6,0.591,0.375,0.294,4.4,17.4,10.8,10.7,1.2,3.4,12.8,23.5,0.4,0.9,1.3,0.052,0.0,-1.2,-1.2,0.2
hylanbo01,Bones Hyland,2025-26,25.0,MIN,MIN,False,PG,71.0,3.0,1177.0,16.58,8.6,19.0,0.453,4.7,12.1,0.388,3.9,6.9,0.568,0.577,2.6,3.3,0.78,0.9,4.2,5.2,7.6,1.8,0.7,2.8,4.9,24.5,120.0,116.0,15.1,0.599,0.639,0.175,2.2,9.5,5.9,22.7,1.8,1.3,12.2,20.6,1.8,1.3,3.1,0.126,1.2,0.5,1.7,1.1
huntede01,De'Andre Hunter,2025-26,28.0,,2TM,True,SF,45.0,25.0,1176.0,26.13,8.5,20.5,0.415,3.1,10.1,0.305,5.4,10.4,0.522,0.49,5.1,5.8,0.867,1.2,6.3,7.6,3.7,1.2,0.2,3.1,4.6,25.1,107.0,118.0,11.4,0.545,0.491,0.285,2.8,14.5,8.7,10.6,1.2,0.5,11.7,22.9,0.1,1.0,1.1,0.044,-2.5,-1.5,-3.9,-0.6
robinmi01,Mitchell Robinson,2025-26,27.0,NYK,NYK,False,C,60.0,16.0,1175.0,19.58,6.3,8.7,0.723,0.0,0.0,,6.3,8.7,0.723,0.723,1.8,4.3,0.408,10.6,11.5,22.2,2.2,2.4,3.0,1.7,5.4,14.3,145.0,106.0,21.1,0.676,0.0,0.5,23.9,26.1,25.0,5.8,2.4,6.1,14.0,10.7,3.3,2.5,5.8,0.236,1.9,1.5,3.5,1.6
fontesi01,Simone Fontecchio,2025-26,30.0,MIA,MIA,False,SF,70.0,9.0,1173.0,16.76,7.7,18.6,0.412,4.9,13.0,0.375,2.8,5.7,0.497,0.542,3.4,4.0,0.843,2.2,6.1,8.3,4.0,1.5,0.4,1.9,4.1,23.6,118.0,116.0,13.8,0.579,0.696,0.217,4.9,13.8,9.3,11.6,1.5,0.7,8.7,19.6,1.4,1.2,2.6,0.106,0.7,-0.2,0.5,0.7
nembhry01,Ryan Nembhard,2025-26,22.0,DAL,DAL,False,PG,60.0,27.0,1171.0,19.52,6.5,15.7,0.415,1.9,5.4,0.356,4.6,10.3,0.447,0.477,1.0,1.2,0.806,0.5,4.8,5.4,12.7,1.0,0.1,3.4,3.5,16.0,107.0,120.0,10.9,0.492,0.346,0.079,1.2,10.8,6.0,37.2,1.0,0.1,17.4,17.5,0.1,0.7,0.8,0.031,-2.4,-1.7,-4.1,-0.6
shamela01,Landry Shamet,2025-26,28.0,NYK,NYK,False,SG,51.0,12.0,1171.0,22.96,6.7,15.4,0.437,4.4,11.1,0.392,2.4,4.3,0.554,0.578,2.3,3.2,0.711,1.0,2.9,3.9,3.0,1.3,0.4,1.3,3.3,20.1,123.0,117.0,11.2,0.598,0.723,0.209,2.2,6.6,4.4,8.2,1.3,0.8,7.0,15.7,1.6,1.0,2.6,0.106,-0.4,0.1,-0.3,0.5
sharpda01,Day'Ron Sharpe,2025-26,24.0,BRK,BRK,False,C,62.0,7.0,1160.0,18.71,9.1,15.2,0.601,0.4,1.7,0.231,8.7,13.5,0.647,0.614,4.4,6.5,0.678,7.3,10.3,17.6,6.2,2.9,1.1,4.5,6.3,23.0,121.0,114.0,20.5,0.638,0.11,0.427,16.2,25.7,20.7,21.1,2.9,2.1,20.0,19.9,2.0,1.5,3.5,0.144,0.4,1.0,1.4,1.0
mccaija01,Jared McCain,2025-26,21.0,,2TM,True,SG,67.0,3.0,1160.0,17.31,8.5,20.0,0.425,4.1,10.7,0.385,4.4,9.3,0.471,0.528,2.1,2.5,0.864,1.0,4.7,5.7,3.7,1.5,0.2,2.3,3.4,23.2,108.0,115.0,11.6,0.551,0.535,0.123,2.2,10.6,6.4,11.0,1.5,0.4,10.0,20.7,0.2,1.2,1.5,0.06,-1.6,-0.8,-2.4,-0.1
postqu01,Quinten Post,2025-26,25.0,GSW,GSW,False,PF,67.0,35.0,1159.0,17.3,8.1,18.4,0.44,3.9,11.6,0.336,4.2,6.8,0.617,0.546,1.4,1.8,0.791,2.8,8.4,11.3,3.9,1.1,1.5,2.3,5.2,21.5,112.0,116.0,13.0,0.56,0.631,0.098,6.4,19.7,12.9,11.9,1.1,2.8,10.9,18.8,0.7,1.2,1.9,0.078,-1.0,-0.1,-1.1,0.3
mykhasv01,Svi Mykhailiuk,2025-26,28.0,UTA,UTA,False,SF,50.0,41.0,1156.0,23.12,7.0,14.7,0.478,4.0,9.7,0.408,3.0,5.0,0.615,0.613,1.0,1.1,0.893,1.5,3.6,5.0,3.8,1.1,0.1,1.7,2.6,19.0,121.0,126.0,11.4,0.626,0.663,0.077,3.3,8.4,5.8,11.0,1.1,0.3,10.1,14.8,1.3,-0.2,1.1,0.048,0.3,-2.0,-1.7,0.1
leverca01,Caris LeVert,2025-26,31.0,DET,DET,False,SG,60.0,0.0,1154.0,19.23,6.8,16.4,0.417,2.5,7.5,0.333,4.3,8.8,0.488,0.494,2.4,3.5,0.679,1.0,3.9,4.9,6.7,2.1,1.7,3.4,3.8,18.6,105.0,111.0,10.9,0.518,0.46,0.215,2.3,9.0,5.7,18.2,2.1,3.5,16.1,18.4,-0.2,1.8,1.6,0.066,-1.8,1.5,-0.4,0.5
poeltja01,Jakob Poeltl,2025-26,30.0,TOR,TOR,False,C,46.0,44.0,1149.0,24.98,9.2,13.2,0.7,0.0,0.0,,9.2,13.2,0.7,0.7,2.5,4.2,0.602,4.8,8.9,13.7,3.9,1.7,1.4,2.4,6.2,20.9,132.0,111.0,18.1,0.698,0.0,0.316,11.2,20.8,16.0,11.7,1.7,2.7,13.9,15.3,2.6,1.8,4.3,0.18,0.2,1.4,1.6,1.0
portecr01,Craig Porter Jr.,2025-26,25.0,CLE,CLE,False,PG,64.0,3.0,1148.0,17.94,4.9,10.8,0.45,1.4,3.9,0.355,3.5,6.9,0.503,0.514,1.0,1.7,0.6,3.6,5.7,9.2,8.6,2.4,1.6,2.5,2.9,12.1,121.0,114.0,13.7,0.524,0.36,0.155,8.2,12.9,10.5,22.4,2.4,3.1,17.6,12.3,1.3,1.5,2.8,0.116,0.0,1.9,2.0,1.2
paytoga02,Gary Payton II,2025-26,33.0,GSW,GSW,False,SG,73.0,1.0,1142.0,15.64,10.3,17.6,0.583,1.6,5.4,0.291,8.7,12.2,0.712,0.628,1.1,1.7,0.65,4.3,7.0,11.2,5.2,2.8,0.9,2.6,5.6,23.2,124.0,113.0,18.3,0.632,0.306,0.096,9.7,16.3,12.9,16.9,2.8,1.7,12.5,18.4,2.0,1.5,3.5,0.149,0.7,1.3,1.9,1.1
smithdr01,Dru Smith,2025-26,28.0,MIA,MIA,False,SG,70.0,1.0,1141.0,16.3,5.5,13.2,0.415,1.5,5.2,0.295,3.9,8.0,0.495,0.474,3.5,4.3,0.829,2.5,4.5,7.0,7.3,4.1,0.9,2.2,4.4,16.1,118.0,110.0,14.5,0.532,0.397,0.323,5.6,10.2,7.9,20.0,4.1,1.6,12.9,15.2,1.2,1.9,3.0,0.127,-1.5,3.6,2.2,1.2
harteis01,Isaiah Hartenstein,2025-26,27.0,OKC,OKC,False,C,47.0,46.0,1137.0,24.19,7.8,12.6,0.622,0.0,0.3,0.0,7.8,12.3,0.637,0.622,2.7,4.5,0.61,6.3,12.5,18.8,7.1,2.0,1.5,3.5,5.0,18.4,127.0,103.0,19.8,0.631,0.024,0.355,14.8,27.0,21.1,20.1,2.0,3.1,19.3,16.1,2.5,2.8,5.3,0.223,1.0,3.2,4.2,1.8
georgpa01,Paul George,2025-26,35.0,PHI,PHI,False,PF,37.0,37.0,1135.0,30.68,9.6,21.8,0.439,4.3,10.8,0.392,5.3,11.0,0.484,0.536,3.9,4.7,0.82,0.9,7.5,8.3,5.7,2.6,0.7,2.7,3.6,27.3,114.0,114.0,16.7,0.57,0.497,0.216,1.9,17.1,9.4,17.7,2.6,1.3,10.2,23.3,1.1,1.4,2.5,0.108,1.0,0.7,1.7,1.1
vandeja01,Jarred Vanderbilt,2025-26,26.0,LAL,LAL,False,PF,65.0,3.0,1128.0,17.35,4.9,10.4,0.471,1.3,4.3,0.293,3.6,6.1,0.596,0.531,1.4,2.4,0.589,3.5,9.2,12.6,3.6,2.4,0.8,2.4,4.5,12.5,111.0,113.0,11.2,0.544,0.413,0.233,8.6,21.3,15.2,9.6,2.4,1.6,17.5,12.4,0.4,1.5,1.8,0.079,-2.4,0.9,-1.5,0.1
meltode01,De'Anthony Melton,2025-26,27.0,GSW,GSW,False,PG,49.0,24.0,1125.0,22.96,9.3,22.8,0.407,3.1,10.6,0.294,6.2,12.2,0.505,0.475,4.3,5.2,0.826,1.7,5.1,6.8,5.4,3.3,0.9,3.9,3.9,25.9,102.0,113.0,13.4,0.518,0.464,0.229,3.8,12.0,7.8,16.9,3.3,1.6,13.5,25.4,-0.7,1.5,0.7,0.031,-2.6,0.1,-2.5,-0.1
garzalu01,Luka Garza,2025-26,27.0,BOS,BOS,False,C,69.0,6.0,1118.0,16.2,9.3,16.2,0.577,2.5,5.7,0.433,6.8,10.4,0.657,0.654,4.1,5.3,0.769,7.1,5.7,12.7,3.0,1.2,1.3,2.1,7.3,25.2,140.0,114.0,19.9,0.682,0.356,0.328,15.7,12.0,13.8,8.5,1.2,2.5,10.1,17.7,3.9,1.4,5.3,0.226,2.2,0.2,2.4,1.2
hendrta01,Taylor Hendricks,2025-26,22.0,,2TM,True,PF,59.0,17.0,1118.0,18.95,6.9,15.0,0.459,2.7,7.8,0.342,4.2,7.2,0.585,0.548,2.1,3.0,0.681,2.7,6.6,9.3,2.3,2.1,1.3,2.1,4.2,18.5,110.0,119.0,12.2,0.566,0.518,0.203,6.2,15.4,10.7,6.8,2.1,2.5,11.5,16.2,0.4,0.8,1.1,0.049,-1.5,-0.9,-2.4,-0.1
konchjo01,John Konchar,2025-26,29.0,,2TM,True,SG,56.0,8.0,1115.0,19.91,4.0,8.4,0.472,1.2,4.2,0.283,2.8,4.2,0.66,0.543,1.4,1.9,0.727,3.1,7.0,10.1,5.0,3.5,1.6,1.5,3.3,10.5,125.0,116.0,13.6,0.568,0.497,0.221,7.0,16.5,11.6,13.4,3.5,3.2,13.8,9.4,1.2,1.2,2.4,0.104,-1.3,2.2,0.9,0.8
diengou01,Ousmane Dieng,2025-26,22.0,,2TM,True,C,57.0,20.0,1099.0,19.28,7.5,17.7,0.422,2.8,8.2,0.341,4.7,9.5,0.493,0.501,1.4,2.0,0.711,1.3,6.7,8.0,6.1,1.1,0.8,3.3,3.5,19.2,101.0,118.0,10.2,0.516,0.465,0.113,3.0,15.2,9.2,17.7,1.1,1.5,15.2,19.7,-0.6,0.9,0.3,0.012,-2.6,-1.2,-3.8,-0.5
smithja04,Jalen Smith,2025-26,25.0,CHI,CHI,False,C,53.0,21.0,1095.0,20.66,8.3,17.3,0.483,3.5,9.4,0.373,4.8,7.9,0.614,0.584,2.9,4.0,0.742,4.2,11.0,15.2,2.8,1.0,1.8,2.3,4.7,23.1,119.0,116.0,16.6,0.608,0.545,0.23,9.6,24.6,17.2,8.5,1.0,3.3,10.6,19.0,1.5,1.1,2.6,0.114,0.2,-0.9,-0.7,0.4
caldwke01,Kentavious Caldwell-Pope,2025-26,32.0,MEM,MEM,False,SG,51.0,14.0,1088.0,21.33,6.5,15.9,0.41,2.4,7.6,0.316,4.1,8.4,0.495,0.485,3.2,3.5,0.913,0.9,4.6,5.4,6.1,1.9,0.3,2.7,2.5,18.6,108.0,121.0,11.0,0.533,0.475,0.219,2.0,10.6,6.2,17.7,1.9,0.7,13.2,17.7,0.2,0.5,0.7,0.032,-2.3,-0.2,-2.5,-0.1
gonzahu01,Hugo González,2025-26,19.0,BOS,BOS,False,SF,74.0,3.0,1084.0,14.65,5.5,11.5,0.476,2.0,5.4,0.362,3.5,6.1,0.577,0.561,0.6,1.2,0.5,2.9,8.6,11.5,1.9,2.0,1.0,1.8,5.8,13.5,114.0,111.0,10.2,0.561,0.472,0.106,6.4,18.3,12.5,4.8,2.0,2.0,12.9,11.8,0.5,1.7,2.2,0.099,-3.1,1.6,-1.5,0.1
nurkiju01,Jusuf Nurkić,2025-26,31.0,UTA,UTA,False,C,41.0,36.0,1083.0,26.41,7.8,15.5,0.503,1.1,3.1,0.352,6.7,12.4,0.54,0.538,2.7,4.9,0.549,4.6,13.8,18.4,8.5,2.3,1.0,4.4,5.8,19.4,110.0,116.0,16.4,0.548,0.198,0.316,10.3,32.6,21.2,25.4,2.3,2.0,19.9,19.3,0.4,1.1,1.5,0.068,-0.5,1.6,1.1,0.9
mcbrimi01,Miles McBride,2025-26,25.0,NYK,NYK,False,SG,41.0,15.0,1080.0,26.34,7.9,18.5,0.423,5.1,12.4,0.413,2.7,6.1,0.444,0.562,1.7,2.2,0.787,1.1,3.5,4.6,4.9,1.6,0.4,1.5,3.2,22.5,122.0,116.0,13.1,0.578,0.671,0.116,2.5,7.9,5.2,13.5,1.6,0.9,7.2,18.2,1.6,1.1,2.7,0.119,1.0,0.2,1.2,0.9
kispeco01,Corey Kispert,2025-26,26.0,,2TM,True,SF,58.0,10.0,1080.0,18.62,8.1,17.2,0.467,3.8,10.4,0.367,4.2,6.9,0.618,0.577,3.4,4.2,0.794,1.2,4.6,5.8,4.0,0.7,0.4,2.0,2.6,23.3,119.0,121.0,13.1,0.609,0.602,0.246,2.7,10.7,6.6,11.8,0.7,0.7,9.3,18.6,1.4,0.5,1.8,0.082,0.1,-2.0,-1.9,0.0
ruperra01,Rayan Rupert,2025-26,21.0,,2TM,True,SG,64.0,8.0,1072.0,16.75,5.5,13.9,0.393,2.0,6.0,0.324,3.5,7.9,0.446,0.463,1.9,2.4,0.778,2.1,6.2,8.3,3.0,2.4,0.4,2.4,5.5,14.7,101.0,116.0,8.2,0.493,0.435,0.173,4.8,14.4,9.5,8.6,2.4,0.8,14.0,15.0,-0.5,1.1,0.6,0.026,-5.0,-0.1,-5.1,-0.8
dickgr01,Gradey Dick,2025-26,22.0,TOR,TOR,False,SG,76.0,1.0,1067.0,14.04,7.4,17.6,0.419,2.6,8.5,0.301,4.8,9.0,0.53,0.492,3.5,4.0,0.875,1.9,4.8,6.7,2.3,2.1,0.3,2.0,4.6,20.8,108.0,114.0,10.7,0.538,0.484,0.229,4.4,11.3,7.8,6.5,2.1,0.6,9.2,18.7,0.2,1.3,1.4,0.064,-3.2,-0.4,-3.6,-0.4
antetgi01,Giannis Antetokounmpo,2025-26,31.0,MIL,MIL,False,PF,36.0,36.0,1039.0,28.86,17.7,28.3,0.624,0.7,2.1,0.333,16.9,26.2,0.647,0.636,11.0,16.9,0.65,4.6,12.0,16.7,9.3,1.6,1.1,5.4,4.1,47.0,125.0,115.0,32.6,0.658,0.075,0.597,10.7,27.4,19.2,38.7,1.6,2.3,13.2,37.0,3.9,1.1,5.0,0.231,7.7,1.8,9.5,3.0
herroty01,Tyler Herro,2025-26,26.0,MIA,MIA,False,SG,33.0,28.0,1033.0,31.3,11.1,23.1,0.48,3.8,10.0,0.378,7.3,13.2,0.556,0.561,4.4,4.9,0.917,0.6,6.5,7.1,6.1,1.0,0.5,2.9,2.8,30.4,117.0,117.0,17.1,0.602,0.431,0.21,1.4,14.6,7.9,19.7,1.0,1.0,10.2,24.7,1.4,1.0,2.4,0.112,2.4,-0.4,2.0,1.1
watkija01,Jamir Watkins,2025-26,24.0,WAS,WAS,False,SG,50.0,7.0,1032.0,20.64,6.1,13.6,0.446,2.2,7.3,0.297,3.9,6.3,0.616,0.525,2.6,3.8,0.695,2.2,6.7,8.9,3.1,2.5,1.1,1.8,5.9,16.9,113.0,120.0,11.8,0.554,0.534,0.277,5.0,15.4,10.1,8.8,2.5,2.1,10.8,15.1,0.5,0.5,1.1,0.049,-2.9,-0.5,-3.3,-0.3
carusal01,Alex Caruso,2025-26,31.0,OKC,OKC,False,SG,56.0,0.0,1020.0,18.21,6.0,14.2,0.423,2.5,8.6,0.293,3.5,5.6,0.622,0.512,1.9,2.4,0.804,1.3,6.0,7.3,5.2,3.4,0.8,2.3,3.2,16.5,110.0,106.0,12.8,0.54,0.603,0.17,3.1,13.0,8.2,14.1,3.4,1.6,13.0,15.7,0.3,2.2,2.5,0.12,-1.4,3.3,1.9,1.0
wagnefr01,Franz Wagner,2025-26,24.0,ORL,ORL,False,SF,34.0,32.0,1019.0,29.97,11.5,23.9,0.481,2.3,6.6,0.345,9.2,17.3,0.533,0.529,7.7,9.3,0.823,2.0,6.3,8.3,5.3,1.5,0.5,2.7,3.4,32.9,118.0,116.0,19.2,0.588,0.274,0.391,4.7,14.8,9.7,18.2,1.5,1.0,8.9,27.0,1.8,1.1,2.8,0.134,2.6,-0.2,2.5,1.2
loveca01,Caleb Love,2025-26,24.0,POR,POR,False,SG,49.0,1.0,1013.0,20.67,9.0,23.1,0.388,4.4,13.8,0.318,4.6,9.3,0.49,0.483,1.7,2.3,0.735,1.2,4.2,5.4,5.8,1.3,0.2,2.9,2.3,24.0,106.0,118.0,10.7,0.497,0.596,0.1,2.6,9.7,6.1,18.4,1.3,0.4,10.8,23.0,-0.1,0.8,0.6,0.031,-1.5,-1.6,-3.1,-0.3
williro04,Robert Williams,2025-26,28.0,POR,POR,False,C,59.0,1.0,1008.0,17.08,8.4,11.8,0.708,0.4,1.1,0.391,8.0,10.8,0.74,0.726,1.6,2.7,0.596,6.7,13.0,19.7,2.8,1.7,4.1,2.3,3.5,18.8,138.0,107.0,22.1,0.722,0.092,0.228,14.9,29.9,22.3,8.9,1.7,7.7,15.1,13.1,2.4,2.0,4.5,0.213,2.0,2.4,4.5,1.7
yabusgu01,Guerschon Yabusele,2025-26,30.0,,2TM,True,C,67.0,19.0,1007.0,15.03,5.9,14.8,0.401,3.3,9.3,0.352,2.7,5.5,0.483,0.511,2.6,3.4,0.75,2.7,8.4,11.1,3.0,1.2,0.8,1.9,3.8,17.7,112.0,116.0,11.1,0.543,0.628,0.231,6.1,19.0,12.6,8.3,1.2,1.5,10.7,16.1,0.4,1.0,1.4,0.067,-1.7,-0.5,-2.2,-0.1
gordoaa01,Aaron Gordon,2025-26,30.0,DEN,DEN,False,PF,36.0,33.0,1005.0,27.92,9.6,19.3,0.497,3.0,7.6,0.389,6.7,11.7,0.568,0.574,6.1,7.9,0.767,2.5,7.7,10.1,4.7,1.0,0.5,1.8,3.0,28.3,127.0,118.0,18.5,0.62,0.394,0.41,6.0,16.8,11.6,13.7,1.0,0.9,7.5,21.9,2.4,0.7,3.2,0.153,2.9,-1.2,1.7,0.9
tomlina01,Nae'Qwan Tomlin,2025-26,25.0,CLE,CLE,False,PF,64.0,3.0,1004.0,15.69,7.2,15.0,0.478,1.3,5.5,0.235,5.9,9.5,0.618,0.521,2.2,2.9,0.77,4.1,4.8,8.9,2.5,2.0,1.6,1.4,6.0,17.9,119.0,115.0,12.9,0.549,0.366,0.194,9.5,10.9,10.2,7.0,2.0,3.2,7.8,15.5,1.1,1.1,2.2,0.107,-2.2,0.1,-2.1,0.0
conlemi01,Mike Conley,2025-26,38.0,MIN,MIN,False,PG,54.0,15.0,991.0,18.35,3.5,10.4,0.335,2.7,8.0,0.337,0.8,2.4,0.327,0.465,2.2,2.4,0.9,0.9,3.6,4.5,7.6,1.7,0.7,1.6,4.0,11.8,120.0,116.0,9.4,0.517,0.772,0.233,2.0,8.2,5.2,19.5,1.7,1.2,12.5,11.5,0.9,1.0,1.9,0.092,-2.3,1.0,-1.3,0.2
prospol01,Olivier-Maxence Prosper,2025-26,23.0,MEM,MEM,False,PF,53.0,24.0,984.0,18.57,9.2,16.9,0.549,2.9,7.1,0.405,6.4,9.7,0.653,0.634,4.1,5.5,0.754,2.8,6.2,9.0,2.5,1.9,0.6,2.3,4.0,25.5,124.0,119.0,16.9,0.662,0.423,0.326,6.4,14.3,10.3,7.8,1.9,1.2,10.5,18.9,1.8,0.7,2.4,0.119,1.1,-1.2,-0.1,0.5
jonesty01,Tyus Jones,2025-26,29.0,,3TM,True,PG,67.0,12.0,979.0,14.61,3.7,10.7,0.349,2.0,6.7,0.292,1.8,4.0,0.444,0.44,0.3,0.4,0.778,0.6,3.1,3.7,7.8,1.8,0.1,1.2,1.5,9.8,110.0,118.0,8.3,0.448,0.628,0.041,1.4,7.2,4.3,20.9,1.8,0.3,10.1,10.7,0.2,0.8,1.0,0.051,-2.9,0.5,-2.4,-0.1
edwarju01,Justin Edwards,2025-26,22.0,PHI,PHI,False,SF,64.0,12.0,977.0,15.27,7.1,15.8,0.447,3.3,8.9,0.372,3.8,6.9,0.543,0.552,1.6,1.9,0.846,1.3,3.4,4.6,4.0,2.7,0.5,1.8,4.5,19.1,116.0,117.0,12.1,0.572,0.563,0.122,2.9,7.7,5.2,11.5,2.7,1.1,9.6,16.1,0.8,0.9,1.7,0.086,-1.8,0.6,-1.3,0.2
agbajoc01,Ochai Agbaji,2025-26,25.0,,2TM,True,SG,62.0,13.0,973.0,15.69,6.1,14.1,0.436,1.7,6.4,0.266,4.4,7.7,0.579,0.496,1.8,2.2,0.837,2.3,4.8,7.1,2.4,1.2,0.9,1.6,4.7,15.8,108.0,117.0,8.9,0.525,0.457,0.154,5.3,11.5,8.3,6.8,1.2,1.7,9.4,14.6,0.1,0.8,0.9,0.046,-3.5,-0.5,-4.0,-0.5
bitadgo01,Goga Bitadze,2025-26,26.0,ORL,ORL,False,C,64.0,3.0,972.0,15.19,7.5,11.1,0.676,0.1,0.5,0.182,7.4,10.6,0.701,0.68,3.4,4.8,0.711,6.8,9.0,15.8,4.2,1.8,3.0,2.1,6.7,18.5,140.0,110.0,20.1,0.7,0.049,0.431,15.6,21.2,18.4,12.5,1.8,5.7,13.8,13.5,2.8,1.6,4.4,0.218,0.8,2.0,2.8,1.2
dilliro01,Rob Dillingham,2025-26,21.0,,2TM,True,PG,65.0,0.0,970.0,14.92,7.9,20.0,0.396,2.0,6.5,0.316,5.9,13.6,0.434,0.447,2.0,2.7,0.745,0.9,5.4,6.4,6.9,2.3,0.3,4.9,5.5,19.9,90.0,117.0,7.7,0.469,0.323,0.133,2.1,12.2,7.2,20.6,2.3,0.5,18.6,23.1,-2.0,0.9,-1.1,-0.056,-6.3,-0.9,-7.3,-1.3
horfoal01,Al Horford,2025-26,39.0,GSW,GSW,False,C,45.0,13.0,969.0,21.53,6.9,16.2,0.426,3.7,10.3,0.361,3.2,6.0,0.538,0.54,1.1,1.3,0.846,2.2,8.8,11.0,5.8,1.5,2.6,2.1,2.6,18.6,116.0,113.0,14.7,0.554,0.633,0.08,5.0,20.5,12.6,17.0,1.5,4.9,11.1,16.5,0.8,1.3,2.1,0.105,0.3,1.3,1.6,0.9
mccontj01,T.J. McConnell,2025-26,33.0,IND,IND,False,PG,56.0,4.0,963.0,17.2,11.9,22.2,0.538,0.8,2.5,0.32,11.2,19.7,0.565,0.556,1.2,1.4,0.862,1.1,5.0,6.1,14.2,2.8,0.5,3.2,3.1,25.9,120.0,117.0,20.5,0.567,0.111,0.064,2.4,11.8,7.0,50.0,2.8,0.9,12.1,23.2,1.8,0.8,2.6,0.132,2.1,0.4,2.5,1.1
brownko01,Kobe Brown,2025-26,26.0,,2TM,True,PF,61.0,10.0,963.0,15.79,6.4,13.6,0.469,2.6,7.0,0.374,3.8,6.6,0.568,0.565,2.4,3.0,0.797,3.4,5.9,9.3,4.0,1.2,0.6,2.7,3.5,17.7,115.0,120.0,12.0,0.594,0.513,0.218,7.8,13.6,10.7,11.6,1.2,1.1,15.1,15.6,0.8,0.6,1.3,0.066,-1.2,-1.4,-2.7,-0.2
gillan01,Anthony Gill,2025-26,33.0,WAS,WAS,False,PF,55.0,8.0,951.0,17.29,6.7,10.7,0.628,0.8,2.4,0.354,5.9,8.3,0.707,0.667,1.7,2.3,0.739,2.9,5.0,7.9,3.4,1.5,1.0,1.8,4.4,16.0,131.0,124.0,13.4,0.682,0.223,0.214,6.4,11.5,8.9,10.0,1.5,1.9,13.3,11.9,1.6,0.1,1.7,0.087,-1.3,-1.3,-2.6,-0.2
jakucka01,Kasparas Jakučionis,2025-26,19.0,MIA,MIA,False,PG,53.0,12.0,945.0,17.83,5.0,11.7,0.429,3.2,7.7,0.423,1.8,4.0,0.439,0.567,2.8,3.2,0.879,2.1,4.7,6.8,6.7,1.6,0.3,2.5,4.9,16.1,124.0,117.0,11.9,0.614,0.655,0.277,4.7,10.5,7.6,18.1,1.6,0.7,15.8,13.7,1.4,0.9,2.3,0.114,-1.0,0.6,-0.4,0.4
willija06,Jalen Williams,2025-26,24.0,OKC,OKC,False,SG,33.0,33.0,936.0,28.36,11.2,23.0,0.484,1.2,4.0,0.299,10.0,19.1,0.523,0.51,5.6,6.7,0.837,1.4,6.5,7.9,9.4,2.0,0.5,3.3,3.4,29.1,116.0,109.0,19.0,0.56,0.173,0.289,3.3,13.9,8.8,29.3,2.0,0.9,11.1,26.2,1.3,1.7,3.0,0.156,1.1,1.0,2.1,1.0
poolejo01,Jordan Poole,2025-26,26.0,NOP,NOP,False,PG,39.0,8.0,933.0,23.92,8.5,22.8,0.372,4.9,14.8,0.333,3.5,8.0,0.442,0.48,5.0,5.8,0.86,0.5,3.5,3.9,6.1,1.1,0.8,3.5,4.6,26.9,106.0,123.0,11.5,0.53,0.649,0.257,1.0,7.9,4.4,18.3,1.1,1.5,12.3,25.1,0.0,0.2,0.2,0.01,-0.9,-2.6,-3.5,-0.4
capelca01,Clint Capela,2025-26,31.0,HOU,HOU,False,C,75.0,3.0,926.0,12.35,6.4,12.2,0.52,0.1,0.1,0.5,6.3,12.1,0.52,0.522,2.4,4.2,0.577,8.6,10.0,18.6,2.7,1.9,3.4,2.2,4.0,15.2,122.0,108.0,17.9,0.54,0.009,0.344,19.4,21.8,20.6,7.1,1.9,6.3,13.6,13.7,1.3,1.7,3.0,0.156,-0.5,0.9,0.4,0.6
sarafbe01,Ben Saraf,2025-26,19.0,BRK,BRK,False,SG,44.0,11.0,916.0,20.82,6.5,16.4,0.396,1.0,4.9,0.211,5.5,11.5,0.474,0.427,3.9,4.8,0.83,1.1,3.9,5.0,7.8,2.1,0.4,5.3,4.4,17.9,92.0,120.0,7.8,0.486,0.297,0.29,2.4,9.7,5.8,24.5,2.1,0.8,22.5,21.0,-1.6,0.5,-1.1,-0.057,-5.6,-1.7,-7.3,-1.2
peavymi01,Micah Peavy,2025-26,24.0,NOP,NOP,False,SG,61.0,4.0,913.0,14.97,5.6,14.4,0.385,1.5,5.7,0.259,4.1,8.8,0.467,0.436,1.2,1.5,0.759,2.4,3.7,6.1,3.2,2.3,0.5,1.0,5.0,13.7,105.0,120.0,8.3,0.455,0.393,0.105,5.4,8.5,6.9,8.8,2.3,0.9,6.5,14.0,-0.1,0.5,0.4,0.02,-4.4,-0.8,-5.2,-0.7
matkoka01,Karlo Matković,2025-26,24.0,NOP,NOP,False,PF,62.0,2.0,912.0,14.71,7.4,12.3,0.604,2.0,4.7,0.422,5.5,7.6,0.717,0.685,1.6,2.2,0.732,3.8,8.2,12.0,2.6,1.3,2.8,1.8,5.5,18.5,134.0,117.0,16.5,0.696,0.383,0.174,8.4,18.8,13.5,7.7,1.3,5.6,11.8,13.1,1.8,0.9,2.7,0.141,0.2,0.4,0.7,0.6
greenjo02,Josh Green,2025-26,25.0,CHO,CHO,False,SG,58.0,0.0,908.0,15.66,4.5,9.9,0.459,3.2,7.5,0.42,1.4,2.3,0.581,0.619,1.4,1.5,0.893,2.5,3.1,5.6,2.6,1.9,0.3,1.9,3.5,13.6,125.0,117.0,9.7,0.644,0.762,0.155,5.7,7.0,6.3,6.8,1.9,0.6,15.3,10.6,1.0,0.9,1.9,0.099,-1.7,1.0,-0.7,0.3
pottemi01,Micah Potter,2025-26,27.0,IND,IND,False,C,47.0,7.0,908.0,19.32,7.9,15.3,0.515,3.7,8.8,0.423,4.2,6.5,0.64,0.637,4.4,5.3,0.842,3.0,9.2,12.2,3.6,1.2,0.8,2.5,4.3,24.0,127.0,118.0,17.0,0.679,0.573,0.345,6.8,21.4,14.0,11.2,1.2,1.4,12.2,18.0,1.8,0.7,2.6,0.135,1.5,-0.8,0.7,0.6
jacksis01,Isaiah Jackson,2025-26,24.0,,2TM,True,C,55.0,14.0,908.0,16.51,8.0,12.6,0.637,0.0,0.2,0.0,8.0,12.4,0.645,0.637,3.6,5.6,0.648,6.0,9.4,15.4,2.8,1.9,2.6,3.1,7.8,19.6,123.0,113.0,17.3,0.653,0.013,0.443,13.6,21.8,17.7,8.5,1.9,4.8,17.0,16.2,1.4,1.2,2.6,0.139,-1.9,0.8,-1.2,0.2
cardwdy01,Dylan Cardwell,2025-26,24.0,SAC,SAC,False,C,44.0,1.0,907.0,20.61,5.6,9.5,0.587,0.1,0.2,0.5,5.5,9.3,0.589,0.592,1.4,2.7,0.51,7.8,9.9,17.7,3.3,1.6,3.6,2.1,8.6,12.7,127.0,116.0,15.8,0.591,0.022,0.285,17.6,23.5,20.5,9.2,1.6,6.8,16.2,11.3,1.4,0.9,2.3,0.122,-2.5,0.6,-1.9,0.0
poweldw01,Dwight Powell,2025-26,34.0,DAL,DAL,False,C,63.0,12.0,904.0,14.35,3.4,5.3,0.644,0.1,0.4,0.286,3.3,4.9,0.67,0.653,4.1,5.8,0.696,5.0,8.4,13.4,3.5,1.8,1.1,2.1,6.9,11.0,135.0,115.0,12.6,0.699,0.069,1.109,11.3,18.7,15.1,9.5,1.8,2.0,21.4,8.9,1.6,1.0,2.6,0.138,-2.9,1.5,-1.4,0.1
reedpa01,Paul Reed,2025-26,26.0,DET,DET,False,C,65.0,11.0,901.0,13.86,11.2,18.2,0.617,0.7,2.1,0.325,10.5,16.0,0.656,0.636,3.9,5.9,0.664,7.0,8.8,15.8,4.3,3.1,3.2,3.1,6.4,27.1,129.0,104.0,24.2,0.65,0.118,0.324,16.5,20.1,18.3,13.3,3.1,6.6,13.0,20.6,2.4,2.1,4.5,0.239,2.4,2.9,5.3,1.6
hardyja02,Jaden Hardy,2025-26,23.0,,2TM,True,SG,57.0,4.0,898.0,15.75,9.6,22.6,0.424,5.5,13.8,0.397,4.1,8.8,0.467,0.545,2.9,3.9,0.733,0.8,3.7,4.5,3.1,0.8,0.3,3.3,4.7,27.5,104.0,124.0,10.9,0.566,0.611,0.175,1.8,8.5,5.1,9.7,0.8,0.6,11.8,24.4,-0.3,0.1,-0.2,-0.01,-1.5,-3.3,-4.8,-0.6
jacksqu01,Quenton Jackson,2025-26,27.0,IND,IND,False,PG,49.0,19.0,897.0,18.31,8.2,17.4,0.47,2.2,6.3,0.356,5.9,11.1,0.533,0.534,5.2,6.3,0.824,1.5,4.6,6.0,7.4,1.6,0.3,3.3,4.3,23.7,115.0,120.0,14.4,0.589,0.36,0.363,3.3,10.7,6.9,23.1,1.6,0.6,14.0,20.9,0.9,0.5,1.4,0.076,-1.1,-0.8,-1.8,0.0
clarkja02,Jaylen Clark,2025-26,24.0,MIN,MIN,False,SG,68.0,1.0,888.0,13.06,5.3,12.3,0.434,1.8,5.4,0.327,3.5,6.8,0.52,0.507,2.4,3.6,0.657,2.9,3.5,6.5,2.3,2.5,0.5,1.2,4.7,14.8,116.0,115.0,10.3,0.534,0.443,0.294,6.8,8.0,7.4,6.3,2.5,0.9,8.2,13.3,0.6,1.0,1.7,0.09,-3.2,0.7,-2.4,-0.1
thomaca02,Cam Thomas,2025-26,24.0,,2TM,True,SG,42.0,8.0,881.0,20.98,10.6,25.8,0.41,2.9,9.4,0.31,7.7,16.4,0.468,0.466,7.7,9.5,0.811,0.6,3.4,4.0,6.1,0.5,0.2,4.1,2.4,31.8,103.0,124.0,12.6,0.53,0.364,0.367,1.4,8.1,4.6,21.0,0.5,0.4,12.1,30.3,-0.5,0.1,-0.4,-0.024,-1.2,-3.9,-5.2,-0.7
mcgowbr01,Bryce McGowens,2025-26,23.0,NOP,NOP,False,SG,42.0,13.0,880.0,20.95,6.2,12.9,0.481,2.1,5.1,0.409,4.1,7.8,0.528,0.561,4.0,5.2,0.779,0.7,4.1,4.8,3.4,1.5,0.4,0.9,4.8,18.5,128.0,122.0,11.7,0.61,0.392,0.401,1.5,9.4,5.4,9.5,1.5,0.9,5.7,14.0,1.4,0.3,1.7,0.094,-2.0,-0.9,-2.9,-0.2
vincega01,Gabe Vincent,2025-26,29.0,,2TM,True,PG,53.0,7.0,879.0,16.58,4.2,11.9,0.352,3.2,9.5,0.341,0.9,2.4,0.395,0.488,1.1,1.3,0.87,0.9,2.0,3.0,4.2,1.5,0.2,1.5,4.3,12.7,109.0,120.0,6.5,0.511,0.801,0.106,2.2,4.7,3.5,10.8,1.5,0.3,10.7,12.3,0.1,0.5,0.6,0.035,-3.8,-0.5,-4.3,-0.5
valanjo01,Jonas Valančiūnas,2025-26,33.0,DEN,DEN,False,C,65.0,6.0,871.0,13.4,12.7,21.9,0.582,0.4,1.5,0.308,12.3,20.4,0.602,0.592,5.9,7.6,0.772,5.9,12.6,18.4,4.4,0.8,2.1,4.1,7.5,31.8,121.0,114.0,22.0,0.63,0.067,0.349,14.2,27.5,21.2,14.1,0.8,4.0,14.0,26.1,1.8,1.1,2.9,0.162,0.5,-0.5,0.0,0.4
carteje01,Jevon Carter,2025-26,30.0,,2TM,True,PG,53.0,1.0,867.0,16.36,6.8,16.9,0.401,4.3,11.8,0.363,2.5,5.1,0.489,0.528,0.8,1.0,0.789,0.8,4.1,4.9,4.8,2.2,0.5,2.0,3.1,18.6,108.0,116.0,10.7,0.537,0.7,0.062,1.8,9.6,5.6,14.0,2.2,1.0,10.2,17.0,0.1,0.8,0.9,0.052,-1.4,0.4,-1.1,0.2
watfotr01,Trendon Watford,2025-26,25.0,PHI,PHI,False,PF,53.0,7.0,864.0,16.3,7.7,15.0,0.515,0.6,2.8,0.2,7.2,12.2,0.587,0.534,3.4,4.3,0.779,2.1,7.7,9.8,7.4,0.9,1.2,3.6,6.0,19.3,113.0,117.0,13.1,0.573,0.187,0.287,4.7,17.5,11.0,21.8,0.9,2.4,17.5,17.9,0.6,0.8,1.4,0.078,-2.2,0.2,-1.9,0.0
strawju01,Julian Strawther,2025-26,23.0,DEN,DEN,False,SG,57.0,14.0,861.0,15.11,8.4,18.1,0.467,3.3,8.5,0.387,5.2,9.6,0.538,0.558,3.2,4.0,0.814,0.7,5.8,6.5,3.5,1.4,0.3,2.0,4.1,23.4,114.0,119.0,12.5,0.59,0.47,0.219,1.6,12.7,7.4,9.8,1.4,0.7,9.3,19.4,0.7,0.6,1.3,0.071,-1.2,-1.1,-2.3,-0.1
wilsoja03,Jalen Wilson,2025-26,25.0,BRK,BRK,False,PF,54.0,2.0,859.0,15.91,6.3,16.0,0.396,3.1,8.8,0.355,3.2,7.3,0.444,0.493,4.0,5.5,0.719,1.0,5.6,6.6,2.9,1.3,0.1,2.2,4.9,19.7,105.0,121.0,8.7,0.536,0.547,0.345,2.2,13.9,7.7,9.0,1.3,0.2,10.6,18.2,-0.2,0.4,0.2,0.012,-3.6,-2.1,-5.6,-0.8
martica02,Caleb Martin,2025-26,30.0,DAL,DAL,False,SF,58.0,12.0,856.0,14.76,4.7,10.4,0.45,1.1,3.1,0.351,3.6,7.3,0.492,0.503,2.0,3.4,0.607,1.5,6.3,7.9,4.5,2.2,0.8,2.2,4.7,12.5,106.0,115.0,9.3,0.526,0.302,0.323,3.5,14.1,8.8,12.4,2.2,1.5,15.6,12.5,-0.1,0.9,0.9,0.048,-4.0,1.7,-2.2,0.0
willike04,Kenrich Williams,2025-26,31.0,OKC,OKC,False,PF,56.0,2.0,855.0,15.27,7.9,16.7,0.473,2.8,7.3,0.388,5.1,9.4,0.539,0.557,1.9,2.9,0.635,3.3,7.2,10.6,4.5,1.8,0.3,2.4,3.3,20.5,115.0,109.0,14.2,0.569,0.436,0.176,7.8,15.6,11.9,12.7,1.8,0.6,11.9,18.3,0.8,1.5,2.3,0.13,-0.1,0.3,0.2,0.5
anderky01,Kyle Anderson,2025-26,32.0,,3TM,True,SF,43.0,5.0,853.0,19.84,5.9,11.2,0.53,0.2,0.6,0.364,5.7,10.6,0.539,0.54,2.7,3.8,0.706,2.3,6.0,8.3,7.0,2.5,1.4,2.2,5.3,14.8,121.0,116.0,13.7,0.573,0.054,0.337,5.4,13.8,9.6,19.4,2.5,2.8,14.4,13.2,1.0,0.8,1.9,0.105,-1.3,1.7,0.4,0.5
plowdda01,Daeqwon Plowden,2025-26,27.0,SAC,SAC,False,SG,32.0,7.0,844.0,26.38,6.9,16.0,0.43,3.6,10.7,0.333,3.3,5.3,0.624,0.541,2.4,2.8,0.857,1.9,3.7,5.6,2.3,1.3,0.4,1.5,4.5,19.7,116.0,124.0,10.7,0.572,0.667,0.176,4.2,8.7,6.4,6.7,1.3,0.8,8.0,16.4,0.7,0.1,0.8,0.043,-2.1,-2.3,-4.4,-0.5
minotjo01,Josh Minott,2025-26,23.0,,2TM,True,PF,49.0,11.0,834.0,17.02,7.6,15.2,0.5,3.9,9.2,0.418,3.7,6.0,0.626,0.627,2.9,3.7,0.787,2.9,6.6,9.5,2.8,2.6,1.4,2.6,4.4,21.9,122.0,112.0,16.0,0.653,0.607,0.242,6.4,14.8,10.6,7.9,2.6,2.8,13.4,16.8,1.2,1.2,2.4,0.139,1.4,1.1,2.5,1.0
smallja01,Javon Small,2025-26,23.0,MEM,MEM,False,PG,41.0,12.0,830.0,20.24,7.6,16.4,0.465,3.4,8.1,0.423,4.2,8.3,0.507,0.569,3.9,4.7,0.829,2.1,5.3,7.3,8.6,1.9,0.5,3.2,3.7,22.6,122.0,120.0,16.1,0.611,0.493,0.285,4.6,12.2,8.3,26.1,1.9,1.0,14.7,19.0,1.4,0.5,1.9,0.112,1.7,-0.6,1.0,0.6
kuminjo01,Jonathan Kuminga,2025-26,23.0,,2TM,True,PF,36.0,14.0,830.0,23.06,9.1,19.6,0.463,2.0,6.1,0.333,7.0,13.5,0.521,0.515,5.1,7.1,0.724,2.8,8.8,11.7,4.8,1.3,0.6,3.9,3.2,25.3,108.0,115.0,14.2,0.557,0.31,0.363,6.4,20.7,13.4,14.7,1.3,1.2,14.6,23.4,0.1,0.9,1.0,0.059,-1.5,-0.5,-2.0,0.0
greenja05,Jalen Green,2025-26,23.0,PHO,PHO,False,SG,32.0,27.0,828.0,25.88,12.9,30.5,0.422,4.2,13.5,0.313,8.7,17.0,0.509,0.491,3.9,5.2,0.747,1.0,6.0,6.9,5.4,2.0,0.5,4.3,2.5,33.9,102.0,115.0,14.8,0.516,0.443,0.17,2.1,13.9,7.8,18.6,2.0,0.9,11.6,31.9,-0.6,1.0,0.3,0.019,-0.2,-0.9,-1.1,0.2
willivi01,Vince Williams Jr.,2025-26,25.0,,2TM,True,SG,40.0,12.0,820.0,20.5,5.9,16.9,0.353,3.2,10.2,0.311,2.8,6.6,0.417,0.447,2.3,2.9,0.78,2.3,6.7,8.9,9.6,1.7,0.9,4.0,4.6,17.3,102.0,119.0,10.7,0.478,0.606,0.171,5.1,15.6,10.2,27.5,1.7,1.8,18.2,19.5,-0.4,0.5,0.1,0.008,-1.5,0.5,-1.0,0.2
hieldbu01,Buddy Hield,2025-26,33.0,,2TM,True,SG,51.0,3.0,819.0,16.06,8.4,19.3,0.437,4.4,12.5,0.349,4.1,6.8,0.6,0.55,1.8,2.2,0.811,1.6,5.3,6.9,4.2,2.3,0.5,2.8,3.4,23.0,109.0,116.0,12.8,0.568,0.648,0.113,3.6,12.3,7.9,12.8,2.3,1.0,12.3,20.3,0.2,0.8,1.0,0.06,-0.9,-0.1,-1.0,0.2
bryanca01,Carter Bryant,2025-26,20.0,SAS,SAS,False,PF,71.0,0.0,818.0,11.52,6.3,15.6,0.408,3.1,9.1,0.335,3.3,6.5,0.509,0.506,1.8,2.5,0.714,2.2,8.2,10.5,2.8,0.9,1.4,1.9,5.5,17.5,108.0,112.0,9.9,0.526,0.585,0.158,5.1,17.9,11.7,7.5,0.9,2.5,10.4,16.3,0.1,1.2,1.3,0.076,-3.1,0.2,-3.0,-0.2
jovicni01,Nikola Jović,2025-26,22.0,MIA,MIA,False,PF,47.0,1.0,808.0,17.19,6.6,18.0,0.366,2.6,9.6,0.269,4.0,8.4,0.476,0.438,4.0,5.8,0.683,1.4,7.4,8.8,5.9,1.5,1.0,3.7,3.7,19.8,97.0,114.0,9.5,0.48,0.532,0.322,3.2,16.5,9.8,16.5,1.5,1.9,15.4,21.4,-0.9,1.0,0.0,0.001,-3.5,-0.1,-3.5,-0.3
pickeja02,Jalen Pickett,2025-26,26.0,DEN,DEN,False,SG,50.0,18.0,807.0,16.14,5.9,14.0,0.422,3.0,7.7,0.386,3.0,6.3,0.467,0.528,0.9,1.1,0.789,1.1,5.8,6.9,7.0,0.8,0.3,2.1,2.5,15.7,115.0,120.0,10.3,0.541,0.547,0.082,2.6,12.7,7.9,18.4,0.8,0.6,12.4,14.8,0.6,0.4,1.0,0.059,-1.1,-1.1,-2.3,-0.1
murrake02,Keegan Murray,2025-26,25.0,SAC,SAC,False,PF,23.0,22.0,793.0,34.48,7.7,18.3,0.42,1.9,6.8,0.277,5.8,11.5,0.505,0.472,2.3,3.0,0.776,2.0,6.0,8.1,2.3,1.5,2.2,1.6,2.6,19.6,104.0,121.0,11.7,0.499,0.373,0.163,4.5,14.4,9.3,6.8,1.5,4.2,7.7,18.7,-0.2,0.4,0.2,0.011,-2.0,-1.0,-3.1,-0.2
holidaa01,Aaron Holiday,2025-26,29.0,HOU,HOU,False,PG,57.0,1.0,781.0,13.7,6.7,16.1,0.417,4.3,10.9,0.394,2.4,5.2,0.463,0.55,2.2,2.6,0.854,0.8,2.9,3.7,3.8,1.7,0.3,2.4,4.6,20.0,117.0,117.0,10.1,0.578,0.675,0.163,1.9,6.3,4.1,10.2,1.7,0.6,12.3,16.6,0.7,0.7,1.4,0.088,-2.2,-0.2,-2.4,-0.1
martity01,Tyrese Martin,2025-26,26.0,,2TM,True,SG,46.0,6.0,777.0,16.89,6.9,17.6,0.394,3.4,10.5,0.321,3.6,7.1,0.5,0.489,1.2,1.8,0.679,2.2,5.2,7.4,5.0,1.6,0.4,2.5,2.1,18.4,102.0,120.0,10.3,0.501,0.596,0.101,4.8,12.9,8.6,15.6,1.6,0.7,12.1,18.4,-0.3,0.4,0.1,0.006,-2.0,-1.4,-3.4,-0.3
porzikr01,Kristaps Porziņģis,2025-26,30.0,,2TM,True,C,32.0,23.0,769.0,24.03,10.8,24.1,0.446,3.4,9.9,0.338,7.4,14.2,0.522,0.515,8.3,9.8,0.842,2.5,7.9,10.4,5.0,1.1,2.4,2.5,5.7,33.1,119.0,114.0,19.6,0.582,0.412,0.407,5.6,18.5,11.9,16.1,1.1,4.5,8.2,27.3,1.4,1.0,2.4,0.148,1.6,0.3,1.9,0.8
walkeja01,Jabari Walker,2025-26,23.0,PHI,PHI,False,PF,64.0,6.0,762.0,11.91,6.1,13.5,0.455,2.0,6.0,0.337,4.1,7.5,0.551,0.531,3.2,4.3,0.735,4.6,7.6,12.2,2.2,1.5,0.8,1.7,6.5,17.5,120.0,116.0,12.5,0.568,0.446,0.319,10.2,17.4,13.7,6.1,1.5,1.6,10.0,15.0,0.9,0.8,1.7,0.106,-2.1,-0.6,-2.7,-0.1
pendano01,Noah Penda,2025-26,21.0,ORL,ORL,False,SF,59.0,2.0,757.0,12.83,5.2,12.9,0.404,1.9,5.9,0.323,3.3,7.0,0.473,0.478,2.1,3.0,0.688,4.3,7.6,11.9,4.4,1.9,1.1,2.7,4.4,14.4,108.0,113.0,11.3,0.506,0.458,0.236,9.8,17.9,13.8,12.5,1.9,2.2,15.8,14.8,0.1,1.0,1.1,0.07,-2.0,0.6,-1.5,0.1
hendesc01,Scoot Henderson,2025-26,21.0,POR,POR,False,PG,30.0,10.0,748.0,24.93,9.1,21.8,0.418,3.6,10.3,0.352,5.5,11.5,0.478,0.501,5.4,6.4,0.84,1.1,4.0,5.1,7.2,1.7,0.6,4.7,5.4,27.3,110.0,117.0,12.9,0.553,0.474,0.292,2.6,9.1,5.8,22.8,1.7,1.1,15.9,25.0,0.3,0.7,1.0,0.064,-1.7,-0.5,-2.2,0.0
nancepe01,Pete Nance,2025-26,25.0,MIL,MIL,False,PF,47.0,6.0,737.0,15.68,6.7,12.9,0.515,3.3,7.9,0.42,3.3,5.0,0.667,0.644,0.3,0.7,0.364,1.8,6.5,8.3,3.2,0.9,0.9,1.7,4.1,16.9,120.0,121.0,11.6,0.639,0.613,0.057,4.2,14.9,9.6,9.2,0.9,1.9,11.6,13.5,0.8,0.4,1.1,0.072,-1.0,-1.2,-2.3,-0.1
bryanth01,Thomas Bryant,2025-26,28.0,CLE,CLE,False,C,60.0,1.0,732.0,12.2,8.9,17.5,0.506,3.1,8.6,0.359,5.8,8.9,0.647,0.594,3.5,4.3,0.803,3.9,9.6,13.5,2.2,1.2,1.7,1.8,4.9,24.3,126.0,114.0,17.2,0.625,0.491,0.247,8.9,21.9,15.4,6.3,1.2,3.4,8.6,18.6,1.4,0.9,2.3,0.153,0.8,-0.7,0.1,0.4
adamsst01,Steven Adams,2025-26,32.0,HOU,HOU,False,C,32.0,11.0,730.0,22.81,4.8,9.5,0.504,0.0,0.0,,4.8,9.5,0.504,0.504,3.2,5.5,0.58,9.9,9.0,18.9,3.3,1.5,1.4,2.4,3.8,12.8,125.0,112.0,15.8,0.535,0.0,0.583,22.3,19.6,21.0,8.3,1.5,2.5,16.7,12.1,1.1,1.0,2.1,0.141,-0.1,-0.3,-0.5,0.3
balllo01,Lonzo Ball,2025-26,28.0,CLE,CLE,False,PG,35.0,3.0,728.0,20.8,3.5,11.6,0.301,2.6,9.7,0.272,0.9,1.9,0.448,0.415,0.9,1.4,0.667,1.7,7.5,9.2,9.0,3.0,0.6,3.4,3.0,10.6,100.0,112.0,9.5,0.432,0.835,0.119,3.9,17.2,10.6,22.6,3.0,1.2,21.9,13.7,-0.4,1.0,0.6,0.042,-2.9,1.8,-1.1,0.2
kolekty01,Tyler Kolek,2025-26,24.0,NYK,NYK,False,PG,62.0,1.0,727.0,11.73,7.4,16.9,0.435,3.0,7.8,0.386,4.4,9.1,0.478,0.524,1.0,1.4,0.7,1.1,5.6,6.7,11.6,1.5,0.3,3.8,4.4,18.7,114.0,115.0,12.5,0.533,0.46,0.081,2.5,12.7,7.5,31.7,1.5,0.6,17.6,18.4,0.6,0.8,1.4,0.093,-0.8,0.2,-0.6,0.3
millele01,Leonard Miller,2025-26,22.0,,2TM,True,SF,46.0,12.0,719.0,15.63,9.5,17.1,0.553,2.1,6.5,0.323,7.4,10.6,0.693,0.615,2.5,3.5,0.736,3.5,8.3,11.8,2.6,1.1,1.0,2.4,4.2,23.6,120.0,118.0,15.9,0.633,0.378,0.202,8.1,18.6,13.4,8.2,1.1,1.8,11.2,18.7,1.0,0.6,1.6,0.105,-0.2,-1.1,-1.3,0.1
willigr01,Grant Williams,2025-26,27.0,CHO,CHO,False,PF,36.0,3.0,711.0,19.75,5.4,12.8,0.426,3.6,9.3,0.388,1.8,3.4,0.531,0.568,3.1,3.8,0.815,3.2,6.7,9.9,3.9,1.2,1.3,2.2,3.9,17.6,126.0,115.0,12.9,0.609,0.732,0.295,7.4,15.0,11.3,10.6,1.2,2.3,13.0,14.1,1.1,0.8,1.9,0.131,0.6,1.0,1.6,0.7
richani01,Nick Richards,2025-26,28.0,,2TM,True,C,48.0,6.0,701.0,14.6,7.0,13.7,0.512,0.3,1.2,0.278,6.7,12.5,0.536,0.525,4.4,6.9,0.644,5.2,11.3,16.5,1.1,0.7,2.2,4.0,6.0,18.8,103.0,114.0,11.9,0.562,0.09,0.502,11.8,25.6,18.7,3.2,0.7,4.1,19.4,18.2,-0.2,0.8,0.6,0.04,-4.9,-1.2,-6.1,-0.7
coopesh01,Sharife Cooper,2025-26,24.0,WAS,WAS,False,PG,41.0,1.0,700.0,17.07,8.6,16.7,0.514,2.0,5.1,0.382,6.6,11.6,0.573,0.573,3.4,4.1,0.833,1.2,4.6,5.8,8.4,1.1,0.3,4.1,4.1,22.5,115.0,126.0,13.8,0.609,0.308,0.243,2.7,10.6,6.6,25.8,1.1,0.6,18.2,20.0,0.7,-0.1,0.6,0.041,-1.0,-2.9,-3.9,-0.3
cartede02,Devin Carter,2025-26,23.0,SAC,SAC,False,PG,38.0,12.0,700.0,18.42,8.4,20.2,0.414,2.1,7.9,0.263,6.3,12.3,0.511,0.466,4.6,6.5,0.713,2.5,6.2,8.6,7.0,2.3,0.6,3.7,3.5,23.4,104.0,120.0,13.8,0.508,0.39,0.322,5.6,14.6,10.0,20.9,2.3,1.2,13.9,23.5,-0.2,0.4,0.2,0.012,-1.5,-1.2,-2.6,-0.1
howarje01,Jett Howard,2025-26,22.0,ORL,ORL,False,SF,55.0,0.0,695.0,12.64,7.3,17.3,0.418,3.7,10.0,0.372,3.5,7.3,0.481,0.526,2.6,2.7,0.949,1.6,4.4,6.0,3.1,0.7,0.8,1.0,4.6,20.8,118.0,118.0,11.2,0.561,0.578,0.155,3.7,10.4,7.0,9.3,0.7,1.4,5.3,17.2,0.7,0.5,1.3,0.087,-0.8,-1.1,-1.8,0.0
hawkijo01,Jordan Hawkins,2025-26,23.0,NOP,NOP,False,SG,51.0,1.0,692.0,13.57,6.5,17.8,0.366,3.2,9.3,0.348,3.2,8.4,0.385,0.457,1.6,1.9,0.852,1.4,4.7,6.1,2.9,0.9,0.7,2.4,2.1,17.8,98.0,123.0,7.6,0.48,0.525,0.105,3.1,10.7,6.9,8.2,0.9,1.4,11.2,18.2,-0.6,0.2,-0.4,-0.029,-3.2,-3.0,-6.2,-0.7
flemira01,Rasheer Fleming,2025-26,21.0,PHO,PHO,False,PF,55.0,1.0,673.0,12.24,6.4,15.8,0.405,3.3,9.5,0.346,3.1,6.2,0.494,0.509,1.4,2.5,0.559,4.2,4.9,9.1,1.2,1.6,1.5,2.1,4.7,17.5,107.0,115.0,10.2,0.517,0.605,0.158,9.1,11.4,10.2,3.3,1.6,3.0,11.2,16.3,0.0,0.8,0.8,0.055,-3.0,-0.7,-3.8,-0.3
mashaja01,Jahmai Mashack,2025-26,23.0,MEM,MEM,False,SG,31.0,7.0,673.0,21.71,5.4,13.7,0.395,1.3,5.3,0.253,4.1,8.4,0.483,0.444,1.3,2.5,0.543,1.6,4.1,5.7,4.9,2.6,1.0,3.4,4.7,13.5,90.0,118.0,7.0,0.456,0.385,0.179,3.6,9.5,6.5,13.8,2.6,1.9,18.9,16.0,-1.0,0.5,-0.5,-0.036,-6.1,-0.9,-7.0,-0.8
vukcetr01,Tristan Vukcevic,2025-26,22.0,WAS,WAS,False,C,49.0,12.0,671.0,13.69,10.7,22.4,0.479,3.5,10.2,0.347,7.2,12.2,0.59,0.558,6.1,7.8,0.784,2.3,8.1,10.4,3.9,1.6,2.3,4.4,5.8,31.1,110.0,120.0,17.8,0.603,0.454,0.35,5.0,18.7,11.8,12.8,1.6,4.3,14.5,26.6,0.4,0.4,0.8,0.054,0.8,-0.8,0.0,0.3
iveyja01,Jaden Ivey,2025-26,23.0,,2TM,True,SG,37.0,5.0,670.0,18.11,8.2,18.4,0.445,3.6,9.6,0.373,4.6,8.8,0.525,0.543,2.7,3.4,0.809,1.7,4.8,6.5,4.9,1.7,1.0,2.9,3.8,22.7,113.0,114.0,13.0,0.571,0.523,0.184,4.0,10.9,7.5,14.0,1.6,2.0,12.9,19.7,0.5,0.9,1.3,0.096,-0.2,0.2,0.0,0.3
manntr01,Tre Mann,2025-26,24.0,CHO,CHO,False,PG,53.0,1.0,669.0,12.62,8.1,22.5,0.36,3.7,11.5,0.323,4.4,11.0,0.399,0.442,1.7,2.0,0.852,1.5,5.3,6.8,6.4,1.9,0.4,4.0,5.1,21.6,98.0,115.0,8.3,0.462,0.512,0.089,3.4,11.9,7.8,18.7,1.9,0.7,14.6,23.3,-0.8,0.7,0.0,-0.003,-4.5,-0.8,-5.3,-0.5
harriga01,Gary Harris,2025-26,31.0,MIL,MIL,False,SG,48.0,2.0,661.0,13.77,3.4,7.7,0.442,2.1,5.1,0.412,1.3,2.7,0.5,0.577,0.6,0.7,0.889,1.2,3.3,4.5,3.8,2.0,0.7,1.4,3.9,9.5,119.0,121.0,8.0,0.593,0.654,0.087,2.8,7.6,5.2,9.9,2.0,1.4,15.0,8.5,0.4,0.3,0.7,0.054,-3.2,0.7,-2.5,-0.1
thompet01,Ethan Thompson,2025-26,26.0,IND,IND,False,SG,32.0,13.0,653.0,20.41,5.4,14.3,0.378,2.8,8.4,0.328,2.6,5.8,0.45,0.474,2.7,3.4,0.787,1.2,3.8,5.0,4.1,1.5,0.7,1.8,5.0,16.2,106.0,121.0,8.3,0.515,0.592,0.24,2.8,8.9,5.7,11.9,1.5,1.2,10.3,15.7,0.0,0.3,0.3,0.02,-4.1,-0.8,-4.9,-0.5
bouyeja01,Jamaree Bouyea,2025-26,26.0,PHO,PHO,False,PG,46.0,1.0,644.0,14.0,8.3,18.1,0.458,1.8,6.0,0.295,6.5,12.1,0.538,0.506,1.8,2.7,0.686,1.4,4.9,6.3,6.3,2.2,1.2,2.3,2.9,20.2,112.0,114.0,13.5,0.523,0.331,0.148,3.0,11.4,7.1,18.6,2.2,2.4,10.7,18.5,0.4,0.8,1.1,0.086,-1.4,1.1,-0.4,0.3
furphjo01,Johnny Furphy,2025-26,21.0,IND,IND,False,SG,35.0,21.0,643.0,18.37,5.2,11.0,0.47,1.7,5.2,0.324,3.5,5.8,0.603,0.547,1.3,2.6,0.486,2.4,8.9,11.3,3.0,1.5,0.5,2.1,4.8,13.3,106.0,118.0,9.2,0.547,0.477,0.235,5.3,20.9,12.9,8.6,1.5,0.9,15.0,12.8,0.0,0.5,0.5,0.036,-3.9,0.2,-3.7,-0.3
diawamo01,Mohamed Diawara,2025-26,20.0,NYK,NYK,False,SF,69.0,7.0,634.0,9.19,7.0,16.7,0.423,3.8,10.2,0.369,3.3,6.5,0.506,0.535,1.4,1.9,0.75,1.2,6.2,7.4,4.1,1.3,0.5,2.3,3.9,19.2,111.0,115.0,10.3,0.55,0.61,0.113,2.6,14.0,8.3,11.2,1.3,1.0,11.8,17.1,0.2,0.7,0.9,0.072,-1.8,0.1,-1.7,0.0
nnajize01,Zeke Nnaji,2025-26,25.0,DEN,DEN,False,PF,52.0,4.0,626.0,12.04,5.5,11.8,0.47,1.1,4.2,0.259,4.4,7.6,0.588,0.517,2.7,3.4,0.773,2.6,8.0,10.6,2.3,1.3,1.9,2.1,5.5,14.8,111.0,116.0,10.3,0.558,0.358,0.291,6.2,17.6,12.2,5.9,1.3,3.6,13.7,13.7,0.2,0.7,0.9,0.066,-3.6,0.0,-3.5,-0.3
davisan02,Anthony Davis,2025-26,32.0,DAL,DAL,False,PF,20.0,20.0,626.0,31.3,12.7,25.2,0.506,0.8,2.8,0.27,12.0,22.4,0.535,0.521,4.4,6.1,0.728,4.7,12.0,16.7,4.2,1.7,2.5,3.1,3.2,30.7,111.0,111.0,21.5,0.551,0.111,0.243,10.6,26.7,18.7,15.1,1.7,4.5,10.0,27.5,0.4,1.0,1.3,0.103,1.5,0.9,2.4,0.7
finnedo01,Dorian Finney-Smith,2025-26,32.0,HOU,HOU,False,PF,37.0,1.0,620.0,16.76,3.5,10.6,0.333,2.2,8.1,0.27,1.4,2.6,0.531,0.436,0.6,0.7,0.889,2.8,4.7,7.5,2.9,1.3,0.5,1.8,4.9,9.9,105.0,117.0,5.8,0.452,0.758,0.068,6.3,10.2,8.3,7.1,1.3,0.9,13.9,10.7,0.0,0.6,0.5,0.042,-4.3,-0.1,-4.3,-0.4
joneska03,Kam Jones,2025-26,23.0,IND,IND,False,SG,37.0,7.0,616.0,16.65,5.2,13.0,0.402,1.7,5.8,0.293,3.5,7.3,0.489,0.467,0.3,0.6,0.5,1.2,3.5,4.6,9.2,1.4,0.0,2.8,3.0,12.5,103.0,122.0,8.2,0.47,0.444,0.047,2.6,8.1,5.3,26.2,1.4,0.0,17.3,14.4,-0.2,0.2,0.0,0.002,-4.2,-1.9,-6.2,-0.6
loveke01,Kevin Love,2025-26,37.0,UTA,UTA,False,PF,37.0,5.0,613.0,16.57,6.0,15.2,0.397,4.1,10.9,0.373,2.0,4.4,0.456,0.53,2.8,3.4,0.841,4.2,12.2,16.5,5.1,1.1,0.7,2.3,4.1,19.0,120.0,120.0,14.7,0.568,0.714,0.221,9.5,28.9,18.9,14.6,1.1,1.4,12.1,16.6,0.8,0.3,1.1,0.088,1.1,-0.9,0.2,0.3
princta02,Taurean Prince,2025-26,31.0,MIL,MIL,False,SF,26.0,7.0,611.0,23.5,6.9,15.4,0.45,4.9,11.3,0.436,2.0,4.1,0.49,0.61,0.5,0.5,1.0,0.3,6.2,6.5,3.7,1.3,0.5,2.5,3.9,19.2,110.0,121.0,10.5,0.617,0.733,0.031,0.7,14.1,7.5,10.7,1.3,1.0,13.8,16.2,0.2,0.3,0.5,0.039,-1.3,-1.8,-3.1,-0.2
richaja02,Jase Richardson,2025-26,20.0,ORL,ORL,False,SG,54.0,0.0,587.0,10.87,7.3,15.4,0.473,2.3,6.5,0.354,5.0,8.9,0.56,0.548,2.7,3.8,0.717,1.7,3.4,5.2,4.7,1.6,0.2,2.0,4.3,19.6,116.0,118.0,11.5,0.574,0.42,0.245,4.0,8.1,6.0,14.2,1.6,0.3,10.7,16.8,0.5,0.5,1.0,0.082,-1.9,-0.7,-2.5,-0.1
salauti01,Tidjane Salaün,2025-26,20.0,CHO,CHO,False,PF,37.0,0.0,575.0,15.54,6.9,13.7,0.503,3.1,7.2,0.434,3.8,6.6,0.579,0.616,2.2,3.4,0.65,2.2,10.6,12.8,2.3,1.4,0.6,2.2,4.7,19.1,120.0,113.0,12.9,0.629,0.522,0.252,5.2,23.7,14.6,6.6,1.4,1.1,12.8,14.9,0.6,0.8,1.4,0.117,-1.2,0.4,-0.8,0.2
moranja01,Ja Morant,2025-26,26.0,MEM,MEM,False,PG,20.0,20.0,569.0,28.45,11.0,26.8,0.41,1.7,7.1,0.235,9.3,19.7,0.473,0.441,8.7,9.7,0.897,0.7,4.7,5.4,13.4,1.7,0.5,5.9,3.3,32.4,107.0,121.0,16.6,0.521,0.264,0.363,1.5,11.0,6.2,45.1,1.7,1.0,16.0,32.5,0.0,0.3,0.3,0.024,0.5,-2.0,-1.5,0.1
sabondo01,Domantas Sabonis,2025-26,29.0,SAC,SAC,False,C,19.0,15.0,564.0,29.68,10.3,19.0,0.543,0.4,2.3,0.185,9.9,16.6,0.593,0.554,4.8,6.6,0.727,5.5,13.0,18.5,6.7,1.5,0.3,4.4,5.7,25.8,115.0,118.0,19.2,0.59,0.122,0.348,12.3,31.0,21.4,21.3,1.5,0.7,16.7,23.0,0.7,0.4,1.1,0.095,0.7,-0.2,0.6,0.4
knechda01,Dalton Knecht,2025-26,24.0,LAL,LAL,False,SF,54.0,1.0,553.0,10.24,7.7,16.9,0.455,3.4,9.8,0.342,4.3,7.1,0.613,0.555,1.4,1.9,0.727,1.2,5.4,6.6,1.9,1.0,1.0,2.0,4.0,20.1,108.0,119.0,10.2,0.568,0.581,0.115,3.1,12.5,8.0,5.3,1.0,1.8,10.3,17.7,0.1,0.4,0.4,0.038,-2.1,-1.6,-3.6,-0.2
eubandr01,Drew Eubanks,2025-26,28.0,SAC,SAC,False,C,42.0,11.0,552.0,13.14,8.1,13.7,0.596,0.1,0.6,0.143,8.1,13.1,0.617,0.599,2.8,5.0,0.561,3.4,7.7,11.1,1.7,1.3,2.3,2.6,5.0,19.2,112.0,120.0,13.6,0.605,0.045,0.365,7.7,18.3,12.9,5.0,1.3,4.3,14.2,16.3,0.3,0.3,0.6,0.053,-3.0,-0.7,-3.7,-0.2
terryda01,Dalen Terry,2025-26,23.0,,2TM,True,SG,48.0,0.0,551.0,11.48,5.8,13.3,0.439,2.1,5.7,0.364,3.8,7.6,0.494,0.516,1.4,2.6,0.533,2.2,5.1,7.4,5.7,2.5,1.3,2.2,4.2,15.1,110.0,116.0,11.6,0.523,0.426,0.194,5.1,11.6,8.3,16.0,2.5,2.4,13.4,14.8,0.2,0.6,0.7,0.063,-2.4,0.8,-1.7,0.0
proctty01,Tyrese Proctor,2025-26,21.0,CLE,CLE,False,PG,50.0,1.0,545.0,10.9,8.2,19.8,0.413,4.1,11.6,0.351,4.1,8.3,0.5,0.516,3.5,4.0,0.889,1.0,4.7,5.6,6.5,2.2,0.0,3.5,5.2,24.0,110.0,117.0,12.2,0.556,0.582,0.2,2.2,10.7,6.5,18.6,2.2,0.0,14.0,22.0,0.2,0.5,0.7,0.066,-2.3,-0.5,-2.8,-0.1
harklej01,Elijah Harkless,2025-26,25.0,UTA,UTA,False,SG,26.0,9.0,545.0,20.96,4.6,13.9,0.335,1.8,7.6,0.239,2.8,6.3,0.452,0.401,4.2,5.5,0.766,0.9,3.7,4.6,6.5,2.7,0.5,2.2,4.5,15.3,104.0,122.0,9.1,0.471,0.547,0.398,1.9,8.7,5.3,17.6,2.7,1.1,12.1,16.2,-0.1,0.2,0.1,0.005,-4.9,-0.7,-5.6,-0.5
shannte01,Terrence Shannon Jr.,2025-26,25.0,MIN,MIN,False,SG,43.0,2.0,538.0,12.51,6.8,15.2,0.45,2.8,6.7,0.408,4.1,8.4,0.484,0.541,5.0,6.2,0.8,0.9,3.5,4.3,3.4,1.2,0.1,2.1,4.4,21.4,118.0,118.0,11.1,0.597,0.444,0.409,2.1,7.8,5.0,9.5,1.2,0.2,10.6,17.7,0.6,0.4,1.0,0.09,-2.5,-1.1,-3.6,-0.2
wallake01,Keaton Wallace,2025-26,26.0,ATL,ATL,False,PG,53.0,3.0,536.0,10.11,6.0,15.1,0.398,3.3,9.0,0.373,2.6,6.1,0.435,0.509,1.1,1.6,0.667,0.3,4.7,4.9,8.3,2.1,0.4,2.5,4.2,16.4,109.0,115.0,10.4,0.52,0.596,0.105,0.6,10.9,5.7,22.5,2.1,0.8,13.5,16.1,0.1,0.6,0.7,0.066,-3.0,0.3,-2.7,-0.1
cissemo01,Moussa Cisse,2025-26,23.0,DAL,DAL,False,C,38.0,1.0,530.0,13.95,5.9,10.2,0.574,0.0,0.0,,5.9,10.2,0.574,0.574,3.4,7.2,0.469,7.9,11.3,19.2,0.8,1.7,4.0,2.7,6.5,15.1,114.0,110.0,16.0,0.564,0.0,0.704,17.9,25.2,21.6,2.3,1.7,7.2,16.6,14.3,0.4,0.9,1.3,0.116,-3.6,0.7,-2.9,-0.1
anthoco01,Cole Anthony,2025-26,25.0,MIL,MIL,False,PG,35.0,0.0,527.0,15.06,9.1,21.6,0.424,2.1,6.7,0.306,7.1,14.8,0.478,0.472,1.5,2.4,0.615,1.5,6.6,8.1,11.3,1.9,1.0,6.1,6.8,21.8,96.0,118.0,10.7,0.483,0.312,0.113,3.5,15.1,9.3,34.8,1.9,2.1,21.1,25.8,-0.9,0.4,-0.5,-0.042,-3.9,-0.9,-4.7,-0.4
tatumja01,Jayson Tatum,2025-26,27.0,BOS,BOS,False,PF,16.0,16.0,522.0,32.62,11.4,27.8,0.411,4.6,13.9,0.329,6.9,14.0,0.493,0.493,6.3,7.7,0.823,0.8,14.7,15.5,8.2,2.1,0.3,3.8,2.5,33.7,113.0,107.0,20.3,0.541,0.498,0.275,1.7,31.3,16.8,25.1,2.1,0.6,10.8,30.0,0.6,1.0,1.6,0.148,2.9,1.8,4.8,0.9
isaacjo01,Jonathan Isaac,2025-26,28.0,ORL,ORL,False,PF,52.0,0.0,521.0,10.02,4.2,10.0,0.422,0.6,3.5,0.184,3.6,6.5,0.549,0.454,3.2,5.3,0.603,4.0,8.2,12.2,2.0,1.8,2.9,1.7,3.8,12.4,109.0,111.0,11.5,0.498,0.349,0.532,9.1,19.3,14.1,5.6,1.8,5.4,11.8,12.4,0.1,0.8,0.9,0.085,-2.9,1.3,-1.6,0.1
battlja01,Jamison Battle,2025-26,24.0,TOR,TOR,False,SF,61.0,2.0,517.0,8.48,7.0,13.7,0.51,3.3,8.0,0.412,3.7,5.7,0.65,0.631,0.8,1.3,0.643,1.9,6.5,8.4,2.3,0.7,0.3,1.8,4.0,18.1,118.0,117.0,10.6,0.635,0.586,0.097,4.4,15.3,9.8,6.3,0.7,0.6,11.2,14.1,0.4,0.5,0.9,0.086,-1.6,-1.0,-2.6,-0.1
newelas01,Asa Newell,2025-26,20.0,ATL,ATL,False,PF,44.0,2.0,500.0,11.36,8.6,16.0,0.538,2.7,7.1,0.387,5.9,8.9,0.66,0.624,1.5,2.7,0.552,4.2,4.9,9.1,2.5,1.5,1.4,2.2,6.1,21.4,120.0,115.0,14.2,0.624,0.444,0.172,9.4,11.5,10.4,7.2,1.5,2.7,11.2,17.1,0.6,0.6,1.2,0.113,-1.0,-0.5,-1.5,0.1
hukpoar01,Ariel Hukporti,2025-26,23.0,NYK,NYK,False,C,54.0,5.0,498.0,9.22,4.5,8.0,0.563,0.1,0.4,0.25,4.4,7.6,0.579,0.569,2.6,3.3,0.788,5.6,10.3,15.8,2.9,0.9,2.6,3.2,6.7,11.6,118.0,111.0,11.9,0.619,0.05,0.413,12.5,23.2,17.9,7.3,0.9,5.3,25.3,10.9,0.4,0.8,1.2,0.115,-3.7,1.4,-2.3,0.0
jackstr02,Trayce Jackson-Davis,2025-26,25.0,,2TM,True,C,53.0,1.0,496.0,9.36,6.9,12.1,0.573,0.1,0.1,1.0,6.8,12.0,0.569,0.577,3.7,7.2,0.514,6.5,7.7,14.2,3.8,1.7,2.3,2.2,4.4,17.7,123.0,113.0,16.6,0.578,0.008,0.597,14.7,18.1,16.4,11.1,1.7,4.5,12.3,15.3,0.8,0.7,1.4,0.138,-0.8,0.4,-0.4,0.2
russeda01,D'Angelo Russell,2025-26,29.0,DAL,DAL,False,PG,26.0,3.0,495.0,19.04,9.0,22.1,0.405,3.1,10.7,0.295,5.8,11.4,0.508,0.476,4.1,5.7,0.717,0.8,5.1,5.8,9.9,1.1,0.2,4.7,2.9,25.2,102.0,119.0,12.3,0.511,0.483,0.259,1.7,11.2,6.5,31.2,1.1,0.3,15.9,26.0,-0.3,0.3,0.0,-0.004,-0.7,-1.6,-2.3,0.0
peterta01,Taelon Peter,2025-26,23.0,IND,IND,False,SG,38.0,0.0,492.0,12.95,5.8,15.3,0.38,4.0,12.1,0.328,1.8,3.2,0.576,0.509,1.0,1.5,0.625,1.0,4.7,5.7,3.9,2.5,0.4,2.6,3.7,16.5,98.0,118.0,8.6,0.518,0.791,0.101,2.2,11.1,6.5,11.2,2.5,0.7,14.1,16.6,-0.4,0.4,0.0,-0.001,-4.1,-0.4,-4.6,-0.3
mbengbe01,Bez Mbeng,2025-26,22.0,UTA,UTA,False,SG,15.0,5.0,492.0,32.8,4.8,9.5,0.5,0.6,3.0,0.194,4.2,6.6,0.638,0.53,1.5,2.4,0.64,1.7,3.7,5.4,5.9,3.2,0.5,2.1,4.4,11.6,114.0,121.0,10.5,0.55,0.31,0.25,3.9,8.8,6.3,16.2,3.2,1.0,16.5,11.1,0.2,0.2,0.5,0.047,-5.0,0.1,-4.9,-0.4
coffeam01,Amir Coffey,2025-26,28.0,,2TM,True,SG,46.0,3.0,490.0,10.65,5.5,11.4,0.487,1.7,4.9,0.347,3.8,6.4,0.594,0.562,2.2,2.8,0.786,1.9,3.8,5.7,2.7,0.9,0.5,0.9,3.0,15.0,126.0,121.0,10.2,0.594,0.434,0.248,4.2,8.8,6.5,7.5,0.9,1.0,6.7,11.9,0.6,0.2,0.8,0.083,-2.2,-0.9,-3.1,-0.1
carlsbr01,Branden Carlson,2025-26,26.0,OKC,OKC,False,C,42.0,4.0,488.0,11.62,9.7,18.4,0.527,3.1,8.5,0.36,6.6,9.9,0.67,0.61,1.5,2.6,0.577,2.9,9.4,12.3,2.9,0.8,2.7,1.6,3.6,24.0,122.0,107.0,17.7,0.613,0.462,0.14,6.7,20.3,13.8,8.6,0.8,5.4,7.5,18.9,0.8,1.0,1.7,0.171,0.5,0.3,0.8,0.4
cainja01,Jamal Cain,2025-26,26.0,ORL,ORL,False,SF,40.0,1.0,486.0,12.15,7.3,15.0,0.487,2.8,7.2,0.384,4.5,7.8,0.582,0.579,3.9,4.5,0.848,2.8,4.9,7.7,2.9,1.1,0.4,1.9,5.2,21.2,124.0,117.0,13.0,0.624,0.48,0.303,6.4,11.6,9.0,8.6,1.1,0.7,9.9,16.6,0.8,0.4,1.2,0.116,-0.4,-1.0,-1.4,0.1
chrisca02,Cam Christie,2025-26,20.0,LAC,LAC,False,SG,55.0,0.0,480.0,8.73,5.5,14.4,0.381,1.2,5.1,0.245,4.2,9.3,0.456,0.424,3.9,5.2,0.76,2.0,6.1,8.1,3.2,1.7,0.3,2.3,2.0,16.2,102.0,118.0,9.2,0.484,0.353,0.36,4.7,13.9,9.4,8.9,1.7,0.6,12.0,16.9,-0.2,0.4,0.2,0.016,-3.5,-1.1,-4.6,-0.3
thybuma01,Matisse Thybulle,2025-26,28.0,POR,POR,False,SG,30.0,0.0,480.0,16.0,5.8,13.3,0.433,3.7,9.3,0.398,2.1,4.1,0.512,0.571,2.1,2.5,0.84,1.7,4.2,5.9,2.7,6.0,1.6,2.8,4.3,17.3,113.0,106.0,14.5,0.6,0.694,0.187,3.8,9.6,6.7,7.7,6.0,3.0,16.2,14.7,0.2,1.0,1.3,0.126,-1.7,6.1,4.4,0.8
sochaje01,Jeremy Sochan,2025-26,22.0,,2TM,True,PF,44.0,0.0,469.0,10.66,6.6,13.3,0.496,1.1,4.6,0.244,5.5,8.7,0.631,0.539,2.0,2.7,0.731,3.8,7.2,11.0,4.1,1.8,0.7,2.2,6.4,16.3,118.0,112.0,12.2,0.563,0.349,0.202,8.7,16.0,12.4,11.2,1.8,1.4,13.0,14.6,0.5,0.7,1.2,0.12,-2.3,1.1,-1.2,0.1
klebima01,Maxi Kleber,2025-26,34.0,LAL,LAL,False,PF,43.0,1.0,461.0,10.72,3.5,7.7,0.452,0.6,2.8,0.231,2.9,5.0,0.574,0.493,1.5,2.8,0.538,3.8,5.1,8.9,2.9,1.9,1.2,1.8,6.4,9.1,112.0,117.0,8.1,0.509,0.356,0.356,9.5,11.8,10.7,7.3,1.9,2.2,16.8,9.6,0.2,0.4,0.6,0.063,-4.2,0.3,-3.9,-0.2
sassema01,Marcus Sasser,2025-26,25.0,DET,DET,False,PG,38.0,5.0,457.0,12.03,7.3,18.7,0.39,4.7,11.2,0.415,2.6,7.5,0.352,0.514,1.6,1.9,0.833,0.7,3.4,4.1,7.9,2.1,0.4,3.3,4.3,20.8,110.0,113.0,11.2,0.533,0.599,0.102,1.7,7.7,4.8,21.9,2.1,0.9,14.4,19.6,0.2,0.6,0.8,0.085,-1.6,-0.2,-1.7,0.0
johnsaj01,AJ Johnson,2025-26,21.0,,2TM,True,SG,48.0,0.0,454.0,9.46,5.9,18.3,0.324,1.2,5.9,0.211,4.7,12.4,0.378,0.358,3.5,4.2,0.85,1.5,4.3,5.7,4.9,1.1,0.3,3.1,3.1,16.7,88.0,123.0,5.6,0.413,0.324,0.227,3.3,9.7,6.5,14.0,1.1,0.6,13.4,20.6,-1.0,0.1,-0.9,-0.09,-6.4,-2.5,-8.9,-0.8
bogdabo01,Bogdan Bogdanović,2025-26,33.0,LAC,LAC,False,SG,23.0,3.0,452.0,19.65,6.5,16.7,0.388,3.6,10.5,0.347,2.9,6.3,0.456,0.497,2.2,2.8,0.8,0.7,5.8,6.5,5.6,1.1,0.3,3.0,5.1,18.8,104.0,119.0,8.9,0.525,0.625,0.164,1.6,13.3,7.6,15.9,1.1,0.6,14.2,18.6,-0.1,0.3,0.2,0.02,-2.3,-0.8,-3.1,-0.1
bradlto01,Tony Bradley,2025-26,28.0,,2TM,True,C,41.0,4.0,450.0,10.98,6.8,12.4,0.547,0.2,0.4,0.5,6.5,11.9,0.549,0.556,3.4,4.5,0.744,6.3,5.9,12.2,2.3,0.6,0.7,1.9,6.5,17.1,125.0,121.0,12.8,0.596,0.034,0.368,14.2,13.8,14.0,6.9,0.6,1.3,11.7,14.5,0.7,0.2,0.9,0.099,-2.5,-1.7,-4.2,-0.3
nancela02,Larry Nance Jr.,2025-26,33.0,CLE,CLE,False,PF,35.0,3.0,449.0,12.83,5.6,13.3,0.419,2.2,6.7,0.333,3.3,6.5,0.508,0.504,0.6,1.4,0.462,3.1,6.8,10.0,3.6,2.2,0.6,2.1,5.9,14.0,107.0,114.0,9.5,0.505,0.508,0.105,7.1,15.6,11.4,9.7,2.2,1.3,13.4,14.0,0.0,0.5,0.6,0.06,-3.9,0.5,-3.4,-0.2
tshieos01,Oscar Tshiebwe,2025-26,26.0,UTA,UTA,False,C,27.0,6.0,448.0,16.59,9.6,15.2,0.634,0.0,0.0,,9.6,15.2,0.634,0.634,2.8,5.1,0.551,8.1,10.7,18.7,3.4,1.7,0.5,2.2,4.1,22.1,130.0,120.0,20.2,0.633,0.0,0.338,18.1,25.2,21.6,10.6,1.7,1.1,11.2,17.2,1.1,0.3,1.3,0.141,1.0,-2.8,-1.8,0.0
mcderdo01,Doug McDermott,2025-26,34.0,SAC,SAC,False,SF,29.0,0.0,439.0,15.14,5.9,15.3,0.388,5.3,13.6,0.39,0.7,1.8,0.375,0.561,0.9,1.0,0.889,0.8,3.3,4.1,2.4,0.7,0.4,1.4,3.1,18.1,113.0,126.0,8.6,0.574,0.885,0.065,1.7,7.9,4.7,6.8,0.7,0.8,8.3,15.1,0.2,-0.1,0.2,0.018,-1.4,-3.0,-4.4,-0.3
blackle01,Leaky Black,2025-26,26.0,WAS,WAS,False,SF,15.0,9.0,433.0,28.87,4.4,11.3,0.388,2.1,6.0,0.345,2.3,5.2,0.438,0.481,0.8,0.9,0.875,1.6,6.6,8.2,2.4,2.0,0.9,1.5,4.4,11.6,103.0,122.0,7.8,0.498,0.534,0.078,3.7,15.2,9.3,6.6,2.0,1.6,11.6,11.6,-0.1,0.1,0.0,0.004,-4.2,-1.1,-5.3,-0.4
phillju01,Julian Phillips,2025-26,22.0,,2TM,True,SF,48.0,2.0,428.0,8.92,5.6,13.3,0.421,2.2,7.1,0.308,3.4,6.2,0.554,0.504,2.0,2.5,0.783,2.5,2.9,5.4,1.1,2.4,0.8,1.2,4.7,15.4,110.0,118.0,9.3,0.534,0.537,0.19,5.8,6.4,6.1,3.1,2.4,1.4,7.7,13.9,0.1,0.3,0.5,0.051,-3.3,-0.3,-3.6,-0.2
wagnemo01,Moritz Wagner,2025-26,28.0,ORL,ORL,False,C,36.0,0.0,427.0,11.86,9.3,21.9,0.426,2.5,7.9,0.314,6.9,14.1,0.488,0.482,6.6,8.1,0.819,3.0,9.9,12.9,3.0,1.7,0.2,2.1,6.5,27.8,113.0,113.0,15.3,0.545,0.359,0.369,7.0,23.2,15.0,9.7,1.7,0.4,7.7,24.3,0.4,0.6,0.9,0.104,-1.4,-0.8,-2.2,0.0
konanya01,Yanic Konan Niederhäuser,2025-26,22.0,LAC,LAC,False,C,41.0,0.0,424.0,10.34,7.5,11.7,0.64,0.1,0.6,0.2,7.4,11.1,0.663,0.645,5.5,7.3,0.758,4.3,9.4,13.7,1.4,0.6,3.5,2.7,7.7,20.6,128.0,114.0,16.4,0.691,0.05,0.62,10.4,21.4,16.0,4.1,0.6,6.7,15.3,15.7,0.8,0.5,1.3,0.152,-2.6,0.4,-2.2,0.0
toppiob01,Obi Toppin,2025-26,27.0,IND,IND,False,PF,24.0,3.0,424.0,17.67,11.2,22.3,0.503,4.1,11.8,0.352,7.1,10.5,0.67,0.595,4.7,5.2,0.913,1.5,10.4,11.9,6.2,1.3,0.1,3.1,3.1,31.3,120.0,118.0,19.7,0.636,0.528,0.231,3.3,24.4,13.6,21.2,1.3,0.2,11.3,24.8,0.7,0.3,1.1,0.124,3.4,-0.4,3.0,0.5
maluakh01,Khaman Maluach,2025-26,19.0,PHO,PHO,False,C,46.0,1.0,411.0,8.93,6.7,12.6,0.533,0.6,2.5,0.238,6.1,10.1,0.607,0.557,2.6,3.7,0.71,5.9,10.1,16.0,0.7,0.6,4.0,3.0,5.2,16.7,112.0,111.0,14.0,0.586,0.2,0.295,12.8,23.5,18.0,2.0,0.6,7.7,17.4,14.8,0.2,0.6,0.8,0.099,-3.7,0.0,-3.7,-0.2
gardnmy01,Myron Gardner,2025-26,24.0,MIA,MIA,False,SF,45.0,7.0,411.0,9.13,6.7,13.9,0.48,2.9,7.2,0.406,3.7,6.7,0.559,0.585,2.1,2.9,0.731,4.4,9.4,13.8,5.0,2.3,0.9,1.9,8.8,18.4,127.0,111.0,15.2,0.606,0.52,0.211,9.8,21.1,15.4,14.0,2.3,1.7,11.2,15.0,0.8,0.6,1.4,0.163,-1.1,1.9,0.9,0.3
jacksan01,Andre Jackson Jr.,2025-26,24.0,MIL,MIL,False,SG,48.0,1.0,408.0,8.5,4.7,14.3,0.328,1.8,7.2,0.25,2.9,7.1,0.407,0.391,2.4,3.9,0.625,3.0,5.7,8.7,5.2,2.3,0.5,3.7,5.2,13.6,91.0,119.0,6.8,0.425,0.504,0.269,7.0,12.9,10.0,14.0,2.3,1.0,18.9,17.8,-0.7,0.3,-0.4,-0.047,-5.7,-1.4,-7.1,-0.5
hayeski01,Killian Hayes,2025-26,24.0,SAC,SAC,False,PG,23.0,3.0,406.0,17.65,5.0,16.4,0.304,2.0,7.5,0.27,3.0,8.9,0.333,0.366,3.1,3.3,0.929,0.5,6.0,6.4,9.7,2.5,0.5,3.3,4.3,15.1,96.0,120.0,8.8,0.422,0.457,0.203,1.1,14.2,7.4,26.3,2.5,0.9,15.7,18.7,-0.5,0.2,-0.3,-0.031,-5.1,-0.9,-6.0,-0.4
tateja01,Jae'Sean Tate,2025-26,30.0,HOU,HOU,False,SF,46.0,1.0,405.0,8.8,6.9,13.4,0.514,1.2,3.9,0.313,5.7,9.5,0.597,0.56,0.9,1.4,0.636,4.1,4.9,9.0,3.1,1.2,0.4,2.0,5.9,15.9,120.0,117.0,10.7,0.567,0.294,0.101,9.2,10.8,10.0,8.3,1.2,0.7,12.3,13.5,0.4,0.4,0.8,0.095,-3.2,-0.7,-3.9,-0.2
reeseju01,Julian Reese,2025-26,22.0,WAS,WAS,False,PF,13.0,10.0,402.0,30.92,7.4,14.0,0.529,0.0,0.0,,7.4,14.0,0.529,0.529,3.3,5.2,0.636,6.5,9.7,16.1,2.8,2.1,0.9,3.8,4.9,18.1,109.0,119.0,14.4,0.557,0.0,0.37,14.4,22.3,18.3,8.4,2.1,1.7,18.8,17.7,0.1,0.3,0.3,0.041,-2.9,-2.2,-5.1,-0.3
murrade01,Dejounte Murray,2025-26,29.0,NOP,NOP,False,PG,14.0,14.0,389.0,27.79,10.8,22.4,0.484,2.3,7.6,0.306,8.5,14.8,0.575,0.536,4.8,5.5,0.867,0.5,8.7,9.2,10.9,2.8,0.4,5.8,4.1,28.8,109.0,116.0,18.1,0.58,0.341,0.247,1.1,19.9,10.4,35.4,2.8,0.7,18.9,26.6,0.2,0.4,0.6,0.072,0.8,0.5,1.4,0.3
youngtr01,Trae Young,2025-26,27.0,,2TM,True,PG,15.0,15.0,384.0,25.6,10.0,21.8,0.458,3.3,9.8,0.338,6.6,11.9,0.557,0.534,9.8,11.9,0.825,0.5,3.2,3.7,14.8,1.6,0.2,4.8,4.1,33.1,124.0,120.0,21.1,0.612,0.452,0.548,1.1,7.4,4.2,45.8,1.6,0.5,15.1,28.1,1.2,0.2,1.4,0.174,4.2,-1.4,2.8,0.5
etienty01,Tyson Etienne,2025-26,26.0,BRK,BRK,False,PG,24.0,2.0,380.0,15.83,7.5,18.9,0.4,5.6,14.1,0.398,2.0,4.8,0.405,0.548,3.9,4.7,0.833,0.7,2.9,3.5,5.2,1.4,0.0,2.1,6.1,24.6,117.0,122.0,11.9,0.588,0.745,0.248,1.4,7.1,4.1,16.9,1.4,0.0,9.0,20.3,0.4,0.1,0.5,0.069,-0.8,-2.0,-2.8,-0.1
jamesbr02,Bronny James,2025-26,21.0,LAL,LAL,False,SG,42.0,1.0,375.0,8.93,6.1,15.0,0.409,2.9,7.4,0.386,3.3,7.6,0.431,0.504,0.8,0.9,0.857,0.7,2.3,3.0,6.6,2.5,0.5,3.3,3.6,15.9,102.0,118.0,9.0,0.517,0.496,0.061,1.6,5.4,3.6,18.1,2.5,1.0,17.5,16.7,-0.2,0.3,0.1,0.018,-3.4,-0.9,-4.3,-0.2
smithni01,Nick Smith Jr.,2025-26,21.0,LAL,LAL,False,SG,30.0,1.0,375.0,12.5,9.1,21.0,0.435,4.4,11.2,0.395,4.7,9.8,0.48,0.54,1.4,2.0,0.733,0.4,2.6,3.0,4.0,1.2,0.3,2.7,3.6,24.1,105.0,121.0,10.2,0.552,0.534,0.093,1.0,6.0,3.6,12.0,1.2,0.5,11.1,22.0,-0.1,0.2,0.1,0.013,-2.1,-2.6,-4.7,-0.3
payneca01,Cameron Payne,2025-26,31.0,PHI,PHI,False,PG,22.0,1.0,374.0,17.0,7.2,19.2,0.376,4.1,12.5,0.33,3.1,6.7,0.462,0.483,2.5,2.8,0.864,0.4,5.3,5.7,7.5,3.1,0.9,1.4,3.9,21.0,115.0,114.0,14.4,0.514,0.651,0.148,0.9,12.1,6.4,21.8,3.1,1.8,6.5,19.2,0.4,0.5,0.8,0.106,-0.7,1.0,0.3,0.2
mcneeli01,Liam McNeeley,2025-26,20.0,CHO,CHO,False,SF,31.0,0.0,368.0,11.87,5.1,12.8,0.4,3.2,8.1,0.4,1.9,4.7,0.4,0.526,4.3,5.3,0.821,1.8,8.1,9.8,3.2,0.7,0.4,1.8,4.9,17.8,124.0,116.0,10.6,0.588,0.632,0.411,4.1,18.1,11.2,8.7,0.7,0.8,10.4,14.4,0.5,0.4,0.9,0.112,-1.3,0.0,-1.3,0.1
weslebl01,Blake Wesley,2025-26,22.0,POR,POR,False,SG,31.0,0.0,361.0,11.65,7.4,16.4,0.452,1.3,4.8,0.278,6.1,11.6,0.523,0.492,3.4,6.2,0.553,1.1,4.1,5.2,8.2,2.1,0.7,4.1,4.5,19.6,104.0,116.0,10.8,0.511,0.29,0.379,2.4,9.4,5.9,24.8,2.1,1.2,17.6,19.8,-0.1,0.4,0.3,0.038,-3.7,0.1,-3.6,-0.1
robinje02,Jeremiah Robinson-Earl,2025-26,25.0,,2TM,True,PF,22.0,3.0,361.0,16.41,4.9,13.1,0.37,1.3,5.4,0.244,3.5,7.8,0.458,0.42,2.2,2.4,0.944,4.7,8.8,13.5,2.0,1.2,0.1,1.6,3.4,13.3,105.0,119.0,9.3,0.468,0.41,0.18,10.6,20.4,15.5,5.6,1.2,0.2,10.0,14.1,0.0,0.3,0.2,0.03,-3.5,-1.7,-5.2,-0.3
olynyke01,Kelly Olynyk,2025-26,34.0,SAS,SAS,False,C,42.0,0.0,360.0,8.57,6.3,12.8,0.49,1.6,6.3,0.255,4.7,6.5,0.714,0.552,3.6,5.1,0.711,3.2,6.9,10.1,6.5,2.0,0.4,3.2,5.2,17.7,119.0,111.0,13.5,0.59,0.49,0.396,7.4,15.1,11.3,17.6,2.0,0.7,17.6,16.0,0.4,0.6,1.0,0.13,-1.3,1.3,-0.1,0.2
smithma02,Malachi Smith,2025-26,26.0,BRK,BRK,False,SG,15.0,4.0,359.0,23.93,6.6,13.6,0.485,2.8,6.3,0.435,3.9,7.3,0.528,0.586,1.1,1.1,1.0,1.7,5.4,7.0,6.8,1.7,0.6,1.9,1.8,17.1,123.0,120.0,13.7,0.605,0.465,0.081,3.7,13.4,8.3,21.2,1.7,1.0,12.0,14.2,0.5,0.2,0.7,0.094,-0.1,-0.8,-0.8,0.1
kolokch01,Christian Koloko,2025-26,25.0,,3TM,True,C,27.0,4.0,357.0,13.22,4.1,9.8,0.419,0.1,1.2,0.111,4.0,8.6,0.462,0.426,1.3,2.0,0.667,4.1,6.6,10.7,2.4,1.9,3.0,2.1,6.4,9.7,100.0,114.0,8.8,0.453,0.122,0.203,9.3,15.4,12.3,6.4,1.9,5.9,16.6,11.3,-0.2,0.4,0.3,0.038,-5.9,1.2,-4.7,-0.2
chandke01,Kennedy Chandler,2025-26,23.0,UTA,UTA,False,PG,11.0,2.0,355.0,32.27,8.1,18.1,0.445,2.0,5.0,0.395,6.1,13.1,0.465,0.5,3.7,5.7,0.651,0.8,4.1,4.9,9.8,1.5,0.3,3.0,3.0,21.8,111.0,125.0,13.0,0.529,0.277,0.314,1.8,9.7,5.6,29.4,1.5,0.5,12.9,20.7,0.2,0.0,0.2,0.029,-2.5,-3.1,-5.7,-0.3
whitmca01,Cam Whitmore,2025-26,21.0,WAS,WAS,False,SF,21.0,0.0,354.0,16.86,10.3,22.6,0.456,2.1,7.5,0.286,8.2,15.1,0.54,0.503,3.1,4.1,0.742,2.5,5.2,7.8,2.0,2.0,1.1,2.4,3.3,25.8,104.0,123.0,13.7,0.528,0.331,0.183,5.7,12.0,8.8,6.5,2.0,2.0,9.0,23.7,-0.1,0.1,0.0,-0.002,-1.1,-2.1,-3.3,-0.1
liddeej01,E.J. Liddell,2025-26,25.0,BRK,BRK,False,PF,26.0,5.0,349.0,13.42,7.7,15.7,0.486,2.6,7.4,0.346,5.1,8.4,0.61,0.568,3.0,3.7,0.808,2.0,7.8,9.8,3.4,0.9,1.4,2.1,6.4,20.8,116.0,119.0,12.6,0.6,0.468,0.234,4.4,19.4,11.5,11.0,0.9,2.7,10.9,17.2,0.3,0.2,0.5,0.074,-2.2,-1.2,-3.3,-0.1
barnhbr01,Brooks Barnhizer,2025-26,23.0,OKC,OKC,False,SG,40.0,0.0,348.0,8.7,3.8,9.9,0.38,1.0,3.3,0.292,2.8,6.5,0.426,0.43,1.0,1.4,0.7,2.6,8.2,10.8,3.1,1.5,0.7,1.4,3.8,9.4,104.0,108.0,7.9,0.451,0.338,0.141,6.2,17.7,12.2,7.8,1.5,1.4,11.7,10.6,-0.1,0.6,0.6,0.082,-4.1,1.0,-3.1,-0.1
johnsch06,Chaney Johnson,2025-26,23.0,BRK,BRK,False,SF,17.0,1.0,348.0,20.47,7.2,13.4,0.543,1.3,4.3,0.3,6.0,9.1,0.656,0.59,4.0,5.0,0.8,4.7,6.5,11.2,5.1,2.1,1.3,2.8,7.2,19.8,125.0,117.0,16.0,0.635,0.319,0.372,10.4,16.3,13.2,16.4,2.1,2.4,15.5,16.2,0.6,0.3,0.9,0.128,-0.3,0.4,0.1,0.2
liveris01,Isaiah Livers,2025-26,27.0,PHO,PHO,False,PF,36.0,0.0,347.0,9.64,3.1,9.1,0.344,1.7,5.7,0.3,1.4,3.4,0.417,0.438,1.3,1.7,0.75,2.7,6.0,8.7,3.0,1.9,1.1,1.7,4.0,9.3,106.0,114.0,7.6,0.469,0.625,0.188,5.9,13.9,9.8,7.7,1.9,2.2,14.8,9.9,0.0,0.4,0.4,0.057,-3.7,1.2,-2.5,0.0
olbrila01,Lachlan Olbrich,2025-26,22.0,CHI,CHI,False,C,37.0,2.0,344.0,9.3,4.9,10.5,0.468,0.3,2.6,0.105,4.6,7.9,0.586,0.481,2.0,5.4,0.375,6.1,9.1,15.2,5.7,1.6,1.1,2.2,6.7,12.1,113.0,116.0,12.0,0.47,0.247,0.519,14.1,20.4,17.3,15.8,1.6,2.0,14.5,13.4,0.2,0.3,0.5,0.075,-3.3,-0.2,-3.4,-0.1
jeromty01,Ty Jerome,2025-26,28.0,MEM,MEM,False,SG,15.0,15.0,339.0,22.6,14.3,30.0,0.474,5.9,14.0,0.42,8.4,16.1,0.522,0.572,6.8,7.8,0.875,1.5,4.3,5.9,11.9,2.2,0.6,3.8,4.3,41.2,125.0,120.0,25.6,0.616,0.465,0.26,3.5,10.1,6.7,44.9,2.2,1.1,10.1,32.7,1.1,0.2,1.3,0.191,8.2,-0.6,7.7,0.8
harpero02,Ron Harper Jr.,2025-26,25.0,BOS,BOS,False,SF,29.0,3.0,318.0,10.97,7.3,17.5,0.418,4.5,12.7,0.35,2.9,4.8,0.6,0.545,0.5,0.6,0.75,2.4,5.3,7.6,3.5,1.6,1.4,1.3,3.2,19.6,120.0,114.0,13.1,0.55,0.727,0.036,5.3,11.2,8.3,9.5,1.6,2.9,6.7,16.4,0.4,0.4,0.8,0.119,0.2,0.9,1.1,0.3
berinjo01,Joan Beringer,2025-26,19.0,MIN,MIN,False,PF,40.0,3.0,314.0,7.85,9.9,14.9,0.663,0.0,0.0,,9.9,14.9,0.663,0.663,4.0,5.6,0.703,6.8,7.1,14.0,1.8,1.1,4.0,1.7,7.1,23.7,139.0,111.0,21.3,0.683,0.0,0.378,16.1,16.1,16.1,5.6,1.1,7.2,8.8,16.8,1.0,0.5,1.5,0.222,0.2,0.2,0.4,0.2
slawsja01,Jalen Slawson,2025-26,26.0,IND,IND,False,SF,13.0,6.0,311.0,23.92,5.2,11.8,0.442,2.3,6.1,0.375,2.9,5.7,0.514,0.539,1.8,2.6,0.706,1.1,7.6,8.7,5.5,3.1,2.1,2.6,4.1,14.5,108.0,113.0,12.6,0.562,0.519,0.221,2.4,17.9,10.0,15.7,3.1,3.8,16.8,13.9,0.0,0.4,0.5,0.07,-2.2,1.8,-0.4,0.1
looneke01,Kevon Looney,2025-26,29.0,NOP,NOP,False,C,21.0,8.0,308.0,14.67,3.9,9.3,0.417,0.3,2.0,0.154,3.6,7.3,0.489,0.433,1.1,1.6,0.7,7.5,10.9,18.3,5.3,1.4,1.6,1.4,5.3,9.2,124.0,116.0,13.6,0.458,0.217,0.167,16.6,24.8,20.6,14.0,1.4,3.1,12.3,9.9,0.4,0.3,0.7,0.109,-1.2,-0.6,-1.8,0.0
burtoty01,Tyler Burton,2025-26,25.0,MEM,MEM,False,SF,12.0,0.0,307.0,25.58,6.5,17.3,0.375,3.4,10.2,0.333,3.1,7.1,0.435,0.473,3.5,4.2,0.852,1.2,6.5,7.7,1.9,1.7,0.6,1.7,4.8,19.9,105.0,119.0,9.5,0.521,0.589,0.241,2.8,15.1,8.8,5.4,1.7,1.2,8.2,18.3,-0.1,0.2,0.1,0.023,-3.4,-1.9,-5.3,-0.3
yangha01,Yang Hansen,2025-26,20.0,POR,POR,False,C,43.0,1.0,300.0,6.98,4.9,15.9,0.31,0.8,6.7,0.119,4.1,9.2,0.448,0.335,4.5,5.4,0.824,3.2,7.3,10.5,3.5,0.5,1.6,5.1,6.8,15.1,84.0,116.0,3.7,0.413,0.42,0.34,7.1,16.8,11.9,9.8,0.5,3.0,21.8,19.9,-0.8,0.3,-0.5,-0.075,-8.9,-0.6,-9.5,-0.6
connapa01,Pat Connaughton,2025-26,33.0,CHO,CHO,False,SG,42.0,0.0,297.0,7.07,6.3,14.2,0.447,3.5,8.7,0.404,2.8,5.5,0.515,0.571,2.2,3.3,0.65,2.5,7.7,10.2,3.0,1.8,0.2,1.8,1.5,18.4,121.0,114.0,12.9,0.586,0.612,0.235,5.8,17.2,11.6,8.4,1.8,0.3,10.5,14.9,0.3,0.4,0.7,0.113,-0.2,0.3,0.1,0.2
cryerlj01,LJ Cryer,2025-26,24.0,GSW,GSW,False,PG,18.0,1.0,292.0,16.22,7.8,19.4,0.402,6.1,15.6,0.394,1.7,3.8,0.435,0.56,2.8,3.2,0.895,0.7,4.0,4.6,3.0,0.5,0.0,2.3,4.6,24.6,112.0,121.0,9.9,0.59,0.803,0.162,1.5,9.3,5.3,9.0,0.5,0.0,10.0,20.3,0.2,0.1,0.3,0.045,-1.8,-2.9,-4.7,-0.2
strusma01,Max Strus,2025-26,29.0,CLE,CLE,False,SF,12.0,5.0,288.0,24.0,7.8,17.7,0.443,5.5,13.7,0.402,2.3,4.0,0.583,0.599,1.2,1.5,0.778,1.5,9.3,10.8,4.0,0.5,0.0,1.5,5.7,22.4,123.0,117.0,12.8,0.609,0.774,0.085,3.5,21.3,12.4,11.3,0.5,0.0,7.6,17.4,0.4,0.2,0.7,0.116,0.1,-1.3,-1.2,0.1
waterli01,Lindy Waters III,2025-26,28.0,SAS,SAS,False,SG,40.0,0.0,285.0,7.12,5.6,14.8,0.375,4.5,13.3,0.342,1.0,1.5,0.667,0.528,0.3,0.5,0.667,0.5,4.4,4.9,3.2,1.0,0.2,1.2,4.0,16.0,110.0,115.0,7.5,0.532,0.898,0.034,1.2,9.5,5.5,8.5,1.0,0.3,7.3,14.2,0.1,0.3,0.4,0.063,-2.9,-0.3,-3.2,-0.1
hinsobl01,Blake Hinson,2025-26,26.0,UTA,UTA,False,SF,14.0,3.0,285.0,20.36,9.7,18.9,0.513,6.1,13.0,0.468,3.6,5.9,0.611,0.674,2.0,2.6,0.75,1.8,3.6,5.4,2.6,0.8,0.3,0.8,4.0,27.5,134.0,127.0,16.5,0.684,0.687,0.139,4.1,8.6,6.3,8.3,0.8,0.7,3.9,18.3,0.7,0.0,0.7,0.112,2.5,-3.0,-0.6,0.1
edeyza01,Zach Edey,2025-26,23.0,MEM,MEM,False,C,11.0,11.0,284.0,25.82,10.3,16.3,0.633,0.2,0.8,0.2,10.2,15.5,0.656,0.638,4.2,5.3,0.781,7.2,13.2,20.4,2.0,1.2,3.5,4.3,6.2,25.0,119.0,113.0,20.7,0.669,0.051,0.327,16.1,30.6,23.3,6.6,1.2,6.8,18.8,20.2,0.4,0.4,0.8,0.134,-0.6,1.1,0.5,0.2
mclaujo01,Jordan McLaughlin,2025-26,29.0,SAS,SAS,False,PG,44.0,0.0,282.0,6.41,5.6,13.5,0.418,2.9,6.8,0.425,2.7,6.6,0.41,0.525,1.0,1.2,0.857,1.2,4.3,5.4,6.5,3.4,0.3,2.6,1.9,15.2,111.0,110.0,12.0,0.542,0.506,0.089,2.7,9.3,6.1,17.2,3.4,0.6,15.5,14.5,0.1,0.5,0.6,0.1,-1.9,2.5,0.6,0.2
johnske10,Keshad Johnson,2025-26,24.0,MIA,MIA,False,SF,32.0,0.0,280.0,8.75,8.5,17.2,0.49,2.2,7.3,0.295,6.3,9.9,0.633,0.553,3.5,4.8,0.724,4.3,6.0,10.3,1.3,2.5,1.3,2.2,4.6,22.5,115.0,113.0,15.2,0.582,0.423,0.279,9.6,13.4,11.5,3.9,2.5,2.5,10.0,18.9,0.3,0.4,0.6,0.11,-1.3,0.0,-1.3,0.1
leonsma01,Malevy Leons,2025-26,26.0,GSW,GSW,False,SF,25.0,2.0,276.0,11.04,5.6,12.6,0.444,0.7,2.8,0.25,4.9,9.8,0.5,0.472,2.6,3.3,0.789,5.3,4.0,9.3,4.0,2.5,1.6,2.3,5.4,14.6,115.0,115.0,12.2,0.516,0.222,0.264,11.9,9.5,10.7,11.4,2.5,3.0,13.9,14.4,0.2,0.3,0.5,0.087,-3.0,0.2,-2.8,-0.1
branhma01,Malaki Branham,2025-26,22.0,WAS,WAS,False,SG,28.0,0.0,275.0,9.82,7.4,15.7,0.473,2.4,6.4,0.378,5.0,9.3,0.537,0.549,4.8,5.9,0.824,2.1,5.5,7.6,4.0,1.7,0.5,2.6,3.6,22.0,118.0,124.0,14.0,0.604,0.407,0.374,4.6,12.7,8.6,11.8,1.7,1.0,12.4,18.4,0.3,0.0,0.4,0.064,-0.8,-1.5,-2.2,0.0
ryanco01,Cormac Ryan,2025-26,27.0,MIL,MIL,False,SG,11.0,2.0,271.0,24.64,9.6,18.5,0.52,4.9,10.7,0.458,4.7,7.8,0.605,0.652,4.4,4.7,0.923,1.5,3.6,5.1,3.4,2.0,0.5,3.1,4.9,28.5,123.0,121.0,16.9,0.692,0.578,0.255,3.4,8.3,5.8,10.8,2.0,1.1,13.0,21.3,0.5,0.1,0.6,0.114,1.0,-1.8,-0.8,0.1
laniech01,Chaz Lanier,2025-26,24.0,DET,DET,False,SG,34.0,0.0,262.0,7.71,5.2,16.4,0.315,3.5,12.4,0.284,1.7,4.1,0.409,0.421,0.9,1.1,0.833,1.5,2.8,4.2,3.1,1.3,0.0,0.6,2.2,14.8,106.0,116.0,6.6,0.436,0.753,0.067,3.5,6.3,4.9,8.2,1.3,0.0,3.2,15.0,0.0,0.3,0.3,0.046,-3.8,-1.3,-5.1,-0.2
reathdu01,Duop Reath,2025-26,29.0,POR,POR,False,C,32.0,0.0,258.0,8.06,6.1,13.7,0.446,4.3,10.2,0.418,1.9,3.5,0.526,0.601,0.9,1.1,0.833,1.9,5.2,7.0,1.9,0.9,1.5,1.3,5.2,17.4,125.0,117.0,10.6,0.613,0.743,0.081,4.1,11.9,8.0,5.4,0.9,2.8,8.4,13.2,0.3,0.2,0.6,0.103,-0.9,0.0,-0.9,0.1
simpskj01,KJ Simpson,2025-26,23.0,,2TM,True,PG,20.0,2.0,257.0,12.85,6.5,19.1,0.343,2.3,7.7,0.3,4.2,11.4,0.373,0.404,2.1,3.5,0.611,1.7,5.4,7.1,8.3,3.1,0.0,4.8,3.5,17.5,93.0,113.0,8.1,0.426,0.404,0.182,4.1,12.0,8.1,23.0,3.1,0.0,19.0,21.8,-0.5,0.3,-0.1,-0.023,-5.4,0.4,-5.1,-0.2
poulajo01,John Poulakidas,2025-26,22.0,DAL,DAL,False,SG,13.0,0.0,253.0,19.46,7.3,17.0,0.429,5.8,14.4,0.403,1.5,2.6,0.571,0.599,1.1,1.3,0.857,0.7,4.8,5.6,2.1,1.3,0.7,0.7,5.2,21.4,122.0,118.0,12.0,0.611,0.846,0.077,1.7,10.8,6.3,6.1,1.3,1.3,4.1,16.2,0.3,0.2,0.5,0.095,-1.0,-1.2,-2.2,0.0
mogbojo01,Jonathan Mogbo,2025-26,24.0,TOR,TOR,False,PF,40.0,0.0,249.0,6.22,5.1,8.6,0.591,0.0,0.2,0.0,5.1,8.4,0.605,0.591,1.8,2.7,0.643,3.7,9.6,13.3,4.9,2.2,1.6,2.7,5.1,11.9,117.0,110.0,12.8,0.608,0.023,0.318,8.6,22.5,15.5,12.9,2.2,3.1,21.8,11.1,0.2,0.4,0.6,0.12,-2.6,1.9,-0.7,0.1
balad01,Adama-Alpha Bal,2025-26,22.0,MEM,MEM,False,SG,8.0,1.0,241.0,30.12,5.5,13.4,0.412,3.5,8.6,0.409,2.0,4.7,0.417,0.544,1.8,2.0,0.9,1.2,3.7,4.9,3.7,1.8,0.2,1.2,5.3,16.3,119.0,121.0,9.6,0.573,0.647,0.147,2.6,8.7,5.6,10.6,1.8,0.4,7.7,13.5,0.2,0.1,0.3,0.065,-3.6,-1.8,-5.4,-0.2
willije02,Nate Williams,2025-26,26.0,GSW,GSW,False,SG,14.0,2.0,239.0,17.07,8.7,17.8,0.489,2.6,6.1,0.433,6.1,11.8,0.517,0.563,2.6,3.0,0.867,4.1,2.0,6.1,2.8,1.0,0.0,3.0,5.3,22.7,113.0,122.0,11.3,0.592,0.341,0.17,9.2,4.8,7.0,8.8,1.0,0.0,13.7,19.5,0.2,0.1,0.3,0.052,-2.1,-2.9,-5.0,-0.2
timmedr01,Drew Timme,2025-26,25.0,LAL,LAL,False,PF,27.0,1.0,235.0,8.7,7.9,13.7,0.576,2.3,5.2,0.44,5.6,8.5,0.659,0.659,1.0,1.9,0.556,2.1,4.8,6.9,4.8,1.2,0.0,2.7,4.2,19.1,121.0,120.0,12.6,0.658,0.379,0.136,5.2,11.1,8.2,13.7,1.2,0.0,15.7,15.4,0.3,0.1,0.4,0.092,-0.8,-1.4,-2.2,0.0
jarrede01,DeJon Jarreau,2025-26,28.0,MEM,MEM,False,SG,11.0,0.0,231.0,21.0,6.8,17.0,0.398,0.8,6.2,0.133,5.9,10.9,0.547,0.422,3.7,4.7,0.783,2.5,8.0,10.5,7.4,2.1,1.6,5.3,5.7,18.0,93.0,116.0,9.7,0.473,0.361,0.277,5.5,18.6,12.0,21.8,2.1,3.2,21.8,21.4,-0.4,0.2,-0.2,-0.035,-4.9,-0.3,-5.2,-0.2
paulch01,Chris Paul,2025-26,40.0,LAC,LAC,False,PG,16.0,0.0,228.0,14.25,3.9,12.2,0.321,2.2,6.5,0.333,1.7,5.7,0.308,0.411,0.2,0.4,0.5,1.3,4.8,6.1,11.6,2.4,0.0,3.5,5.0,10.3,101.0,117.0,8.1,0.413,0.536,0.036,3.1,10.9,7.1,30.6,2.4,0.0,22.0,14.2,-0.1,0.2,0.1,0.017,-4.0,-0.2,-4.2,-0.1
lawsoaj01,A.J. Lawson,2025-26,25.0,TOR,TOR,False,SG,24.0,0.0,226.0,9.42,7.3,16.8,0.436,4.1,9.7,0.422,3.2,7.1,0.455,0.558,3.0,3.9,0.778,1.9,7.3,9.3,1.5,2.6,0.9,1.3,5.8,21.8,117.0,111.0,13.4,0.588,0.577,0.231,4.5,17.2,10.8,4.2,2.6,1.7,6.5,17.5,0.2,0.4,0.6,0.121,-1.3,0.4,-1.0,0.1
willilu01,Lucas Williamson,2025-26,27.0,MEM,MEM,False,SG,7.0,2.0,224.0,32.0,5.3,15.9,0.333,3.2,11.2,0.283,2.1,4.7,0.455,0.433,1.7,1.7,1.0,2.3,5.7,8.0,3.8,2.3,0.2,2.1,5.5,15.4,100.0,119.0,8.0,0.465,0.707,0.107,5.2,13.3,9.2,10.8,2.3,0.4,11.3,16.4,-0.1,0.2,0.0,0.005,-5.4,-2.1,-7.6,-0.3
davisjd01,JD Davison,2025-26,23.0,HOU,HOU,False,PG,28.0,0.0,218.0,7.79,5.5,14.7,0.375,1.8,7.3,0.25,3.7,7.3,0.5,0.438,3.0,4.4,0.684,0.7,7.1,7.8,8.0,1.4,1.4,1.6,3.9,15.8,116.0,114.0,11.4,0.477,0.5,0.297,1.5,15.5,8.6,20.7,1.4,2.5,8.8,15.3,0.2,0.3,0.5,0.102,-2.4,1.3,-1.1,0.0
okanito01,Toby Okani,2025-26,24.0,MEM,MEM,False,SG,6.0,4.0,217.0,36.17,5.5,15.3,0.357,2.0,6.8,0.29,3.5,8.5,0.41,0.421,0.2,1.7,0.125,2.0,2.6,4.6,1.3,0.9,0.7,0.7,4.4,13.1,90.0,124.0,4.1,0.408,0.443,0.114,4.4,6.1,5.2,3.7,0.9,1.3,3.9,14.7,-0.3,0.0,-0.2,-0.052,-6.8,-3.9,-10.7,-0.5
hallpj01,PJ Hall,2025-26,23.0,,2TM,True,C,19.0,2.0,214.0,11.26,6.9,13.6,0.508,0.7,1.2,0.6,6.2,12.4,0.5,0.534,5.3,6.7,0.793,7.6,9.7,17.3,2.3,0.7,2.3,3.7,5.1,19.8,119.0,114.0,15.9,0.599,0.085,0.492,17.6,21.7,19.7,6.6,0.7,4.3,18.2,17.3,0.3,0.3,0.6,0.125,-1.6,-0.7,-2.3,0.0
pippesc02,Scotty Pippen Jr.,2025-26,25.0,MEM,MEM,False,PG,10.0,6.0,212.0,21.2,9.6,21.5,0.448,2.2,7.2,0.313,7.4,14.3,0.516,0.5,4.0,5.1,0.783,1.8,3.1,4.9,10.5,4.2,0.9,6.0,6.9,25.5,103.0,115.0,14.7,0.537,0.333,0.24,4.0,7.3,5.6,33.8,4.2,1.7,20.3,26.1,-0.1,0.2,0.1,0.025,-2.5,-0.3,-2.8,0.0
holmeda01,DaRon Holmes,2025-26,23.0,DEN,DEN,False,PF,25.0,6.0,210.0,8.4,7.2,14.2,0.508,4.6,10.5,0.444,2.6,3.7,0.688,0.672,2.6,3.3,0.786,1.9,6.3,8.1,3.7,0.2,1.4,2.8,4.4,21.6,124.0,120.0,13.4,0.692,0.738,0.23,4.5,13.8,9.3,10.2,0.2,2.7,15.2,16.4,0.3,0.1,0.4,0.103,0.7,-1.2,-0.5,0.1
kawamyu01,Yuki Kawamura,2025-26,24.0,CHI,CHI,False,PG,18.0,0.0,209.0,11.61,3.8,11.6,0.327,2.5,8.3,0.297,1.3,3.4,0.4,0.433,3.8,4.3,0.895,1.6,5.8,7.4,10.5,2.0,0.0,3.1,3.4,13.9,114.0,119.0,11.4,0.514,0.712,0.365,3.6,13.0,8.4,28.2,2.0,0.0,18.8,14.8,0.2,0.1,0.3,0.069,-2.7,-1.0,-3.7,-0.1
dennira01,RayJ Dennis,2025-26,24.0,,3TM,True,PG,17.0,0.0,206.0,12.12,6.0,19.1,0.313,3.2,10.4,0.311,2.8,8.8,0.316,0.398,1.8,2.1,0.889,1.8,4.2,6.0,7.6,0.9,0.9,3.9,4.8,17.1,91.0,121.0,6.2,0.425,0.542,0.108,4.1,9.7,6.9,21.9,0.9,1.7,16.4,21.4,-0.4,0.1,-0.3,-0.072,-4.7,-1.3,-6.0,-0.2
jordade01,DeAndre Jordan,2025-26,37.0,NOP,NOP,False,C,12.0,7.0,199.0,16.58,5.0,7.7,0.656,0.0,0.0,,5.0,7.7,0.656,0.656,2.6,4.1,0.647,6.3,12.0,18.3,2.6,1.0,2.4,2.2,3.8,12.7,132.0,115.0,15.7,0.671,0.0,0.531,13.9,27.4,20.6,7.2,1.0,4.7,18.6,10.1,0.3,0.2,0.6,0.134,-0.4,0.2,-0.2,0.1
mathega01,Garrison Mathews,2025-26,29.0,IND,IND,False,SG,15.0,1.0,196.0,13.07,5.1,12.6,0.404,4.1,11.2,0.37,1.0,1.5,0.667,0.567,4.6,5.6,0.826,0.5,3.6,4.1,2.4,1.5,0.7,0.7,4.6,18.9,127.0,121.0,11.2,0.628,0.885,0.442,1.1,8.5,4.7,6.9,1.5,1.3,4.6,14.1,0.3,0.1,0.4,0.097,-1.3,0.0,-1.3,0.0
beaucma01,MarJon Beauchamp,2025-26,25.0,PHI,PHI,False,SF,14.0,1.0,196.0,14.0,8.1,18.7,0.434,3.9,11.6,0.34,4.2,7.1,0.586,0.539,3.2,4.7,0.684,1.7,6.2,7.9,3.7,2.2,1.0,3.2,3.2,23.4,108.0,115.0,13.4,0.563,0.618,0.25,3.8,14.1,8.9,11.1,2.2,1.9,13.4,21.0,0.0,0.2,0.2,0.06,-0.6,-1.0,-1.6,0.0
hayesni01,Nigel Hayes-Davis,2025-26,31.0,PHO,PHO,False,SF,27.0,0.0,195.0,7.22,3.8,11.7,0.326,0.5,4.1,0.125,3.3,7.6,0.433,0.348,0.5,1.0,0.5,3.0,5.3,8.4,1.8,2.0,0.5,2.0,4.1,8.6,83.0,115.0,4.2,0.356,0.348,0.087,6.6,12.4,9.4,4.6,2.0,1.0,14.3,12.1,-0.3,0.2,-0.1,-0.023,-6.4,-0.8,-7.3,-0.3
youngch01,Chris Youngblood,2025-26,23.0,,2TM,True,SG,34.0,0.0,185.0,5.44,5.7,16.5,0.349,4.7,14.1,0.333,1.0,2.4,0.444,0.492,2.4,2.6,0.9,1.8,5.5,7.3,3.1,1.0,0.8,0.5,5.7,18.5,117.0,112.0,10.4,0.527,0.857,0.159,4.3,11.8,8.2,8.5,1.0,1.6,2.9,16.2,0.2,0.3,0.5,0.117,-2.2,-0.1,-2.3,0.0
colliza01,Zach Collins,2025-26,28.0,CHI,CHI,False,C,10.0,0.0,184.0,18.4,9.4,16.3,0.578,2.3,5.3,0.429,7.1,10.9,0.651,0.648,3.6,5.1,0.7,4.1,10.2,14.2,3.8,0.5,1.0,2.5,4.6,24.7,127.0,118.0,17.9,0.666,0.328,0.313,9.4,22.8,16.2,12.0,0.5,1.9,12.1,18.8,0.4,0.1,0.5,0.137,1.0,-0.7,0.2,0.1
whiteda01,Dariq Whitehead,2025-26,21.0,MEM,MEM,False,SF,6.0,2.0,183.0,30.5,9.6,24.1,0.398,4.9,15.5,0.317,4.7,8.5,0.545,0.5,1.3,1.8,0.714,0.5,5.7,6.2,2.3,1.0,0.0,2.6,3.4,25.4,96.0,122.0,8.7,0.51,0.645,0.075,1.2,13.2,7.1,7.5,1.0,0.0,9.4,24.1,-0.2,0.1,-0.2,-0.047,-3.6,-4.4,-8.0,-0.3
tillmxa01,Xavier Tillman Sr.,2025-26,27.0,,2TM,True,C,30.0,1.0,183.0,6.1,5.5,12.6,0.435,0.8,4.9,0.167,4.7,7.7,0.607,0.467,0.3,1.1,0.25,5.2,6.6,11.8,3.6,2.5,1.4,2.2,4.1,12.1,107.0,111.0,11.0,0.461,0.391,0.087,11.8,14.3,13.1,9.3,2.5,2.6,14.3,13.1,0.0,0.3,0.3,0.077,-2.8,1.0,-1.8,0.0
scotttr01,Tre Scott,2025-26,29.0,BRK,BRK,False,PF,6.0,4.0,182.0,30.33,5.2,13.6,0.38,1.6,5.2,0.316,3.5,8.4,0.419,0.44,1.1,1.6,0.667,2.7,5.7,8.4,2.7,2.2,1.4,1.1,3.3,13.0,102.0,118.0,9.4,0.456,0.38,0.12,6.1,14.2,9.9,8.2,2.2,2.6,7.1,13.6,-0.1,0.1,0.1,0.025,-4.2,-1.1,-5.3,-0.2
greenje02,Jeff Green,2025-26,39.0,HOU,HOU,False,PF,30.0,0.0,175.0,5.83,7.1,19.4,0.368,3.4,12.6,0.273,3.7,6.9,0.542,0.456,1.4,1.4,1.0,2.0,5.1,7.1,2.3,0.6,0.6,1.1,3.4,19.1,110.0,118.0,8.5,0.477,0.647,0.074,4.5,11.2,7.9,6.2,0.6,1.1,5.4,17.8,0.1,0.1,0.2,0.054,-3.4,-2.2,-5.6,-0.2
plumlma01,Mason Plumlee,2025-26,35.0,,2TM,True,C,20.0,3.0,172.0,8.6,3.1,4.0,0.786,0.0,0.0,,3.1,4.0,0.786,0.786,2.6,4.0,0.643,4.9,10.3,15.1,5.7,2.9,0.0,3.4,4.9,8.9,129.0,110.0,13.0,0.769,0.0,1.0,11.2,23.0,17.2,14.7,2.8,0.0,37.3,7.9,0.2,0.3,0.5,0.146,-2.0,2.6,0.5,0.1
garcian01,Andersson Garcia,2025-26,25.0,UTA,UTA,False,SF,5.0,2.0,169.0,33.8,2.5,8.1,0.31,0.3,3.6,0.077,2.2,4.4,0.5,0.328,1.9,2.5,0.778,4.7,6.9,11.7,3.9,2.2,1.1,1.9,4.4,7.2,103.0,120.0,8.3,0.394,0.448,0.31,10.6,16.4,13.4,10.0,2.2,2.3,17.5,9.7,0.0,0.1,0.1,0.014,-5.2,-0.5,-5.7,-0.2
smithty02,Tyler Smith,2025-26,21.0,DAL,DAL,False,PF,12.0,0.0,166.0,13.83,6.0,14.2,0.42,2.8,9.9,0.286,3.1,4.3,0.733,0.52,1.1,1.7,0.667,3.4,6.0,9.4,1.4,1.7,0.0,1.7,3.7,15.9,108.0,118.0,9.6,0.532,0.7,0.12,7.7,13.3,10.5,4.1,1.7,0.0,10.2,14.8,0.0,0.1,0.1,0.043,-3.3,-1.6,-4.8,-0.1
tysonhu01,Hunter Tyson,2025-26,25.0,DEN,DEN,False,PF,21.0,2.0,162.0,7.71,4.2,15.7,0.269,2.1,9.9,0.212,2.1,5.7,0.368,0.337,3.3,3.9,0.846,1.2,9.6,10.8,5.1,0.6,0.3,1.5,3.9,13.9,96.0,118.0,6.4,0.398,0.635,0.25,2.9,21.1,12.4,13.0,0.6,0.6,8.0,16.8,-0.2,0.1,0.0,-0.013,-5.2,-1.6,-6.8,-0.2
topicni01,Nikola Topić,2025-26,20.0,OKC,OKC,False,PG,10.0,2.0,160.0,16.0,6.6,15.4,0.431,1.8,4.5,0.4,4.8,10.9,0.444,0.49,0.6,1.5,0.4,2.1,3.6,5.7,13.3,1.5,0.0,7.6,3.9,15.7,94.0,112.0,8.1,0.489,0.294,0.098,4.9,7.8,6.4,36.5,1.5,0.0,32.0,21.2,-0.3,0.2,0.0,-0.014,-5.3,-3.2,-8.4,-0.3
mcculke01,Kevin McCullar Jr.,2025-26,24.0,NYK,NYK,False,SF,21.0,0.0,155.0,7.38,6.4,15.0,0.426,2.6,7.7,0.333,3.8,7.4,0.522,0.511,0.6,1.6,0.4,3.5,5.4,9.0,6.4,2.9,0.0,3.8,7.0,16.0,105.0,112.0,9.9,0.508,0.511,0.106,7.9,12.3,10.1,17.0,2.9,0.0,19.6,16.9,0.0,0.2,0.2,0.059,-3.7,1.0,-2.8,0.0
kesslwa01,Walker Kessler,2025-26,24.0,UTA,UTA,False,C,5.0,5.0,154.0,30.8,7.9,11.3,0.703,1.8,2.4,0.75,6.1,8.8,0.69,0.784,4.3,6.1,0.7,7.0,9.4,16.5,4.6,2.1,2.7,4.9,6.7,21.9,128.0,117.0,20.6,0.786,0.216,0.541,15.7,22.3,18.9,13.7,2.1,5.6,25.9,16.5,0.3,0.1,0.5,0.148,1.6,1.7,3.3,0.2
inglejo01,Joe Ingles,2025-26,38.0,MIN,MIN,False,SF,27.0,2.0,153.0,5.67,5.0,8.4,0.593,2.2,5.0,0.438,2.8,3.4,0.818,0.722,0.6,0.6,1.0,0.0,5.9,5.9,10.6,2.8,0.6,4.4,2.8,12.8,120.0,112.0,13.0,0.735,0.593,0.074,0.0,13.4,6.8,28.5,2.8,1.1,33.4,11.5,0.2,0.2,0.4,0.12,-1.2,1.4,0.2,0.1
bassech01,Charles Bassey,2025-26,25.0,,4TM,True,C,13.0,0.0,153.0,11.77,9.8,14.9,0.66,0.0,0.0,,9.8,14.9,0.66,0.66,4.4,6.3,0.7,7.3,10.8,18.1,2.2,1.3,3.5,1.9,6.0,24.1,136.0,111.0,22.7,0.681,0.0,0.426,16.4,25.0,20.6,6.8,1.3,6.7,9.7,17.2,0.4,0.2,0.7,0.211,1.4,0.5,1.9,0.2
thierad01,Adou Thiero,2025-26,21.0,LAL,LAL,False,SF,25.0,0.0,149.0,5.96,5.2,10.2,0.516,0.3,1.0,0.333,4.9,9.2,0.536,0.532,4.6,7.2,0.636,2.9,6.2,9.2,3.3,2.3,0.7,2.9,6.2,15.4,111.0,116.0,10.7,0.578,0.097,0.71,7.3,14.4,11.0,8.7,2.3,1.2,18.1,14.6,0.1,0.2,0.2,0.071,-4.2,-0.2,-4.4,-0.1
antetth01,Thanasis Antetokounmpo,2025-26,33.0,MIL,MIL,False,SF,34.0,0.0,148.0,4.35,5.0,10.6,0.469,0.0,1.3,0.0,5.0,9.3,0.536,0.469,5.6,10.0,0.567,4.0,6.0,10.0,5.0,4.3,2.0,3.3,6.0,15.6,108.0,112.0,14.0,0.52,0.125,0.938,9.2,13.7,11.5,13.6,4.3,4.0,18.1,16.5,0.0,0.2,0.2,0.076,-3.5,1.8,-1.7,0.0
martial01,Alijah Martin,2025-26,24.0,TOR,TOR,False,SG,23.0,0.0,146.0,6.35,5.3,16.7,0.32,1.3,7.0,0.19,4.0,9.7,0.414,0.36,5.0,6.3,0.789,3.0,4.0,7.0,4.0,2.7,1.3,2.7,4.0,17.0,97.0,112.0,9.2,0.437,0.42,0.38,6.9,9.4,8.2,10.6,2.7,2.6,12.1,19.5,-0.2,0.2,0.0,0.015,-4.6,0.2,-4.3,-0.1
william01,Amari Williams,2025-26,24.0,BOS,BOS,False,PF,22.0,2.0,146.0,6.64,3.5,6.9,0.5,0.0,0.0,,3.5,6.9,0.5,0.5,3.5,4.9,0.714,3.1,10.7,13.9,3.5,1.0,3.5,3.8,6.6,10.4,103.0,109.0,9.7,0.573,0.0,0.7,6.9,22.8,15.1,8.5,1.0,6.9,29.6,11.1,0.0,0.3,0.2,0.077,-5.0,2.9,-2.1,0.0
biyombi01,Bismack Biyombo,2025-26,33.0,SAS,SAS,False,C,25.0,1.0,141.0,5.64,3.1,5.1,0.6,0.0,0.0,,3.1,5.1,0.6,0.6,1.7,2.4,0.714,1.7,7.2,8.9,1.7,1.4,0.7,2.7,9.2,7.8,101.0,112.0,4.5,0.636,0.0,0.467,3.9,15.6,9.9,4.2,1.4,1.3,30.7,7.8,0.0,0.2,0.2,0.057,-7.2,1.4,-5.8,-0.1
smithto05,Tolu Smith,2025-26,25.0,DET,DET,False,PF,15.0,0.0,137.0,9.13,6.4,12.7,0.5,0.0,0.0,,6.4,12.7,0.5,0.5,7.1,10.6,0.667,7.8,9.5,17.3,4.6,0.7,2.1,2.5,8.1,19.8,127.0,110.0,16.9,0.569,0.0,0.833,18.3,21.8,20.1,12.4,0.7,4.4,12.5,17.1,0.3,0.2,0.5,0.185,-0.9,0.9,0.0,0.1
dadiepa01,Pacôme Dadiet,2025-26,20.0,NYK,NYK,False,SG,29.0,0.0,136.0,4.69,5.8,17.5,0.333,2.6,11.7,0.219,3.3,5.8,0.563,0.406,3.3,4.0,0.818,1.5,8.4,9.8,4.4,1.1,0.4,1.1,2.9,17.5,108.0,114.0,9.6,0.454,0.667,0.229,3.3,19.0,11.1,11.5,1.1,0.8,5.4,17.6,0.0,0.2,0.2,0.062,-3.0,-0.2,-3.3,0.0
mccluma01,Mac McClung,2025-26,27.0,,2TM,True,SG,11.0,0.0,135.0,12.27,8.0,20.5,0.39,2.4,10.4,0.233,5.6,10.1,0.552,0.449,4.9,6.3,0.778,0.7,2.8,3.5,3.5,3.8,1.0,3.1,6.6,23.3,96.0,115.0,10.4,0.501,0.508,0.305,1.6,6.4,4.0,10.4,3.8,1.9,11.9,23.6,-0.2,0.1,0.0,-0.007,-5.6,0.5,-5.1,-0.1
kellymi02,Miles Kelly,2025-26,23.0,DAL,DAL,False,PG,14.0,0.0,134.0,9.57,5.6,15.5,0.364,3.5,11.6,0.303,2.1,3.9,0.545,0.477,0.4,0.4,1.0,1.8,6.7,8.4,4.2,1.4,0.4,2.1,4.2,15.1,100.0,118.0,8.2,0.484,0.75,0.023,4.0,14.9,9.5,12.0,1.4,0.6,11.9,15.8,-0.1,0.1,0.0,0.013,-4.6,-0.5,-5.1,-0.1
curryse01,Seth Curry,2025-26,35.0,GSW,GSW,False,SG,10.0,0.0,133.0,13.3,8.7,17.9,0.49,4.4,9.1,0.48,4.4,8.7,0.5,0.612,4.0,4.4,0.917,1.5,2.9,4.4,3.6,1.1,0.0,0.7,2.6,25.9,136.0,121.0,16.0,0.654,0.51,0.245,3.3,6.8,5.0,11.3,1.1,0.0,3.6,18.0,0.4,0.1,0.4,0.152,1.6,-1.3,0.2,0.1
bealbr01,Bradley Beal,2025-26,32.0,LAC,LAC,False,SG,6.0,6.0,121.0,20.17,7.4,19.7,0.375,2.9,7.8,0.368,4.5,11.9,0.379,0.448,2.5,3.3,0.75,0.8,1.2,2.1,4.1,1.2,0.0,3.7,5.8,20.1,92.0,122.0,5.1,0.476,0.396,0.167,2.0,2.8,2.4,12.0,1.2,0.0,14.9,22.2,-0.2,0.0,-0.2,-0.07,-6.7,-3.9,-10.6,-0.3
bufkiko01,Kobe Bufkin,2025-26,22.0,LAL,LAL,False,SG,16.0,1.0,119.0,7.44,6.2,20.5,0.3,2.1,10.7,0.192,4.1,9.8,0.417,0.35,4.5,4.9,0.917,0.4,4.9,5.3,4.1,0.8,1.2,2.1,3.7,18.9,91.0,119.0,6.2,0.416,0.52,0.24,1.0,11.4,6.4,11.2,0.8,2.3,8.3,22.1,-0.2,0.1,-0.1,-0.056,-6.2,-3.2,-9.4,-0.2
lowryky01,Kyle Lowry,2025-26,39.0,PHI,PHI,False,PG,14.0,0.0,118.0,8.43,1.6,10.2,0.16,1.6,10.2,0.16,0.0,0.0,,0.24,2.0,2.5,0.833,0.0,3.7,3.7,4.5,0.8,0.8,1.6,3.3,7.0,77.0,120.0,1.4,0.308,1.0,0.24,0.0,8.4,4.2,11.3,0.8,1.6,12.6,11.3,-0.2,0.1,-0.2,-0.062,-8.2,-2.2,-10.4,-0.3
livelde01,Dereck Lively II,2025-26,21.0,DAL,DAL,False,C,7.0,4.0,115.0,16.43,4.5,7.4,0.611,0.0,0.0,,4.5,7.4,0.611,0.611,3.3,4.1,0.8,5.7,9.4,15.2,5.3,1.6,4.5,4.1,8.6,12.3,119.0,110.0,15.0,0.67,0.0,0.556,13.0,21.0,17.0,14.7,1.6,8.1,30.9,11.8,0.1,0.2,0.3,0.127,-3.0,3.6,0.6,0.1
alexatr01,Trey Alexander,2025-26,22.0,NOP,NOP,False,SG,9.0,0.0,111.0,12.33,8.2,15.9,0.514,2.6,5.2,0.5,5.6,10.8,0.52,0.595,1.3,2.2,0.6,0.4,4.3,4.7,3.9,2.6,0.9,1.3,5.6,20.3,121.0,119.0,13.2,0.599,0.324,0.135,1.0,9.8,5.3,11.6,2.6,1.7,7.1,15.8,0.1,0.1,0.2,0.09,-1.5,-0.1,-1.6,0.0
yurtsom01,Omer Yurtseven,2025-26,27.0,GSW,GSW,False,C,9.0,0.0,104.0,11.56,5.1,12.1,0.423,0.0,1.9,0.0,5.1,10.3,0.5,0.423,5.6,8.4,0.667,6.1,7.9,14.0,3.7,0.9,0.5,4.2,7.0,15.8,103.0,117.0,9.1,0.501,0.154,0.692,13.7,18.6,16.1,10.4,0.9,0.9,21.0,17.5,0.0,0.1,0.1,0.024,-5.6,-2.0,-7.6,-0.1
travelu01,Luke Travers,2025-26,24.0,CLE,CLE,False,SG,12.0,0.0,103.0,8.58,4.2,16.8,0.25,0.5,7.5,0.063,3.7,9.3,0.4,0.264,4.2,4.2,1.0,4.2,7.0,11.2,4.2,3.3,1.9,1.4,2.8,13.1,95.0,110.0,10.2,0.35,0.444,0.25,9.7,16.0,12.8,10.8,3.3,3.7,7.0,17.5,-0.1,0.2,0.1,0.024,-4.2,1.0,-3.2,0.0
baldwpa01,Patrick Baldwin Jr.,2025-26,23.0,,3TM,True,SF,9.0,1.0,102.0,11.33,5.2,12.8,0.407,2.9,6.7,0.429,2.4,6.2,0.385,0.519,2.4,3.3,0.714,5.7,5.2,10.9,2.4,1.4,2.4,2.4,7.1,15.7,112.0,120.0,11.8,0.549,0.519,0.259,12.8,12.3,12.6,6.4,1.4,4.5,14.3,14.7,0.0,0.1,0.1,0.05,-2.9,-1.5,-4.4,-0.1
willial06,Alondes Williams,2025-26,26.0,WAS,WAS,False,SG,4.0,0.0,101.0,25.25,7.5,12.2,0.615,2.3,6.6,0.357,5.2,5.6,0.917,0.712,3.3,3.8,0.875,2.3,9.4,11.7,5.6,1.4,1.4,2.3,1.9,20.6,140.0,121.0,19.1,0.745,0.538,0.308,5.2,21.7,13.3,16.8,1.4,2.6,14.5,14.3,0.3,0.0,0.3,0.155,1.5,-0.5,1.1,0.1
gibsota01,Taj Gibson,2025-26,40.0,MEM,MEM,False,C,10.0,1.0,97.0,9.7,5.9,12.7,0.462,1.5,2.9,0.5,4.4,9.8,0.45,0.519,3.4,3.9,0.875,5.4,7.8,13.2,2.9,1.0,0.5,0.5,6.8,16.6,135.0,120.0,13.6,0.576,0.231,0.308,12.1,18.2,15.1,8.4,1.0,0.9,3.3,13.1,0.2,0.1,0.3,0.134,-1.4,-2.1,-3.5,0.0
cookeja01,Javonte Cooke,2025-26,26.0,POR,POR,False,SG,19.0,0.0,94.0,4.95,4.6,20.8,0.22,1.5,11.7,0.13,3.0,9.1,0.333,0.256,1.0,1.0,1.0,2.0,7.6,9.7,3.6,3.0,0.0,4.6,3.0,11.7,63.0,112.0,-0.1,0.275,0.561,0.049,4.5,17.5,11.0,9.9,3.0,0.0,17.7,22.0,-0.5,0.1,-0.3,-0.175,-10.5,-1.1,-11.7,-0.2
bouchch01,Chris Boucher,2025-26,33.0,BOS,BOS,False,PF,9.0,0.0,94.0,10.44,4.3,13.5,0.32,1.1,8.1,0.133,3.2,5.4,0.6,0.36,1.6,2.2,0.75,1.1,8.6,9.7,1.6,2.7,3.8,0.5,9.2,11.3,94.0,106.0,7.7,0.392,0.6,0.16,2.4,18.3,10.5,4.0,2.7,7.5,3.6,12.8,-0.1,0.2,0.1,0.064,-5.9,2.7,-3.1,0.0
crawfis01,Isaiah Crawford,2025-26,24.0,HOU,HOU,False,SF,14.0,0.0,92.0,6.57,5.4,13.0,0.417,1.6,7.1,0.231,3.8,6.0,0.636,0.479,2.7,3.3,0.833,1.6,7.1,8.7,2.7,1.1,1.6,2.2,2.2,15.2,110.0,114.0,9.8,0.526,0.542,0.25,3.7,15.4,9.6,7.0,1.1,3.0,13.1,14.0,0.0,0.1,0.1,0.069,-3.0,0.1,-3.0,0.0
highsha01,Haywood Highsmith,2025-26,29.0,PHO,PHO,False,SF,7.0,0.0,91.0,13.0,6.5,12.5,0.522,4.3,7.6,0.571,2.2,4.9,0.444,0.696,3.3,3.8,0.857,3.3,3.8,7.1,3.8,2.2,0.0,0.0,4.9,20.6,165.0,116.0,17.6,0.729,0.609,0.304,7.1,8.8,7.9,10.7,2.2,0.0,0.0,12.2,0.4,0.1,0.5,0.238,2.7,1.2,3.8,0.1
juzanjo01,Johnny Juzang,2025-26,24.0,MIN,MIN,False,SG,21.0,0.0,88.0,4.19,8.7,20.6,0.421,3.3,13.0,0.25,5.4,7.6,0.714,0.5,2.7,4.3,0.625,2.7,6.5,9.2,3.3,1.1,0.5,2.7,1.6,23.3,105.0,116.0,12.1,0.518,0.632,0.211,6.4,14.7,10.6,9.7,1.1,1.0,10.7,22.3,0.0,0.1,0.1,0.038,-1.6,-1.7,-3.3,0.0
washity02,TyTy Washington Jr.,2025-26,24.0,LAC,LAC,False,PG,16.0,0.0,88.0,5.5,5.1,10.7,0.474,1.7,4.5,0.375,3.4,6.2,0.545,0.553,0.0,0.0,,0.6,2.8,3.4,9.6,3.4,1.7,1.7,4.0,11.9,125.0,115.0,13.4,0.553,0.421,0.0,1.4,6.4,4.0,26.2,3.4,3.2,13.6,11.1,0.1,0.1,0.2,0.121,-0.8,2.6,1.9,0.1
jonescu01,Curtis Jones,2025-26,24.0,DEN,DEN,False,SG,10.0,0.0,88.0,8.8,6.1,15.0,0.407,3.3,10.0,0.333,2.8,5.0,0.556,0.519,0.6,1.1,0.5,1.1,5.0,6.1,5.5,2.2,0.0,1.1,3.3,16.1,115.0,118.0,10.8,0.52,0.667,0.074,2.7,10.9,7.0,14.7,2.2,0.0,6.7,14.7,0.1,0.1,0.1,0.072,-3.0,-0.5,-3.5,0.0
enarutr01,Tristan Enaruna,2025-26,24.0,CLE,CLE,False,SF,9.0,0.0,85.0,9.44,7.9,15.8,0.5,1.7,5.7,0.3,6.2,10.2,0.611,0.554,3.4,4.5,0.75,4.0,4.0,7.9,4.0,2.8,0.0,1.7,1.7,20.9,125.0,116.0,16.2,0.587,0.357,0.286,9.1,9.0,9.1,11.2,2.8,0.0,8.7,17.1,0.2,0.1,0.2,0.137,-0.5,-0.4,-1.0,0.0
breako01,Koby Brea,2025-26,23.0,PHO,PHO,False,SG,12.0,0.0,84.0,7.0,8.8,21.2,0.417,7.6,17.6,0.433,1.2,3.5,0.333,0.597,1.2,1.2,1.0,0.6,4.1,4.7,5.9,0.6,0.0,2.4,3.5,26.5,123.0,120.0,13.6,0.61,0.833,0.056,1.3,9.6,5.3,17.7,0.6,0.0,9.8,20.7,0.2,0.1,0.2,0.117,1.7,-1.4,0.2,0.0
jemistr01,Trey Jemison,2025-26,26.0,NYK,NYK,False,C,13.0,0.0,82.0,6.31,3.6,6.0,0.6,0.0,0.0,,3.6,6.0,0.6,0.6,0.6,0.6,1.0,4.8,6.0,10.9,3.0,0.6,1.2,6.0,6.7,7.9,87.0,116.0,4.3,0.623,0.0,0.1,10.9,13.7,12.3,7.5,0.6,2.5,48.9,10.7,-0.1,0.1,0.0,-0.018,-8.3,-0.3,-8.6,-0.1
odurojo01,Josh Oduro,2025-26,25.0,NOP,NOP,False,PF,3.0,1.0,82.0,27.33,6.4,9.9,0.647,0.0,1.2,0.0,6.4,8.8,0.733,0.647,1.8,3.5,0.5,6.4,7.0,13.4,2.3,0.0,0.0,1.2,8.2,14.6,137.0,123.0,11.8,0.636,0.118,0.353,14.3,15.9,15.1,6.6,0.0,0.0,9.2,11.0,0.2,0.0,0.2,0.109,-3.5,-4.3,-7.7,-0.1
houstca01,Caleb Houstan,2025-26,23.0,ATL,ATL,False,SF,18.0,0.0,75.0,4.17,8.8,16.4,0.538,6.9,13.2,0.524,1.9,3.1,0.6,0.75,1.9,1.9,1.0,3.1,3.8,6.9,2.5,1.3,0.6,2.5,6.9,26.4,133.0,117.0,16.4,0.769,0.808,0.115,7.1,8.8,8.0,7.4,1.3,1.2,12.8,17.4,0.2,0.1,0.2,0.16,1.6,-1.2,0.3,0.0
gordoer01,Eric Gordon,2025-26,37.0,PHI,PHI,False,SG,6.0,0.0,74.0,12.33,7.8,13.7,0.571,5.2,9.1,0.571,2.6,4.6,0.571,0.762,0.7,1.3,0.5,0.7,0.7,1.3,2.0,2.6,0.7,2.0,2.0,21.5,130.0,118.0,14.4,0.754,0.667,0.095,1.5,1.5,1.5,5.8,2.6,1.3,12.1,14.2,0.1,0.1,0.2,0.116,2.1,0.3,2.4,0.1
gilbeke01,Keshon Gilbert,2025-26,22.0,,2TM,True,SG,4.0,0.0,74.0,18.5,3.2,7.7,0.417,0.0,1.9,0.0,3.2,5.8,0.556,0.417,4.5,4.5,1.0,1.3,1.9,3.2,7.7,1.9,2.6,5.1,3.2,10.9,99.0,120.0,8.5,0.564,0.25,0.583,2.9,4.4,3.6,21.0,1.9,4.8,34.7,13.0,0.0,0.0,0.0,-0.005,-4.1,-0.4,-4.6,0.0
templga01,Garrett Temple,2025-26,39.0,TOR,TOR,False,SG,22.0,0.0,73.0,3.32,2.7,10.0,0.267,2.0,8.0,0.25,0.7,2.0,0.333,0.367,4.0,6.0,0.667,0.7,5.3,6.0,6.0,2.7,1.3,4.7,4.0,11.4,85.0,111.0,5.7,0.448,0.8,0.6,1.5,12.5,7.0,14.9,2.7,2.6,27.0,15.3,-0.1,0.1,0.0,-0.022,-5.9,1.0,-4.9,-0.1
roddyda01,David Roddy,2025-26,24.0,DEN,DEN,False,PF,5.0,0.0,73.0,14.6,10.0,20.1,0.5,2.0,7.4,0.273,8.0,12.7,0.632,0.55,4.7,4.7,1.0,5.3,8.0,13.4,2.7,2.7,0.7,1.3,4.7,26.7,129.0,114.0,20.4,0.605,0.367,0.233,12.9,17.6,15.3,7.9,2.7,1.3,5.7,20.9,0.2,0.1,0.3,0.185,0.7,-0.7,0.0,0.0
klintbo01,Bobi Klintman,2025-26,22.0,DET,DET,False,SF,12.0,0.0,71.0,5.92,6.1,18.4,0.333,2.7,8.9,0.308,3.4,9.5,0.357,0.407,0.0,2.0,0.0,3.4,9.5,12.9,4.1,2.0,0.0,4.1,7.5,15.0,83.0,109.0,4.5,0.388,0.481,0.111,8.0,21.8,15.0,10.9,2.0,0.0,17.5,20.1,-0.2,0.1,-0.1,-0.043,-7.7,-1.0,-8.7,-0.1
jonesda06,David Jones García,2025-26,24.0,SAS,SAS,False,SF,11.0,0.0,68.0,6.18,9.2,17.7,0.52,2.1,3.5,0.6,7.1,14.1,0.5,0.58,2.1,4.2,0.5,2.8,6.4,9.2,12.7,4.2,0.7,3.5,4.2,22.6,123.0,106.0,20.9,0.579,0.2,0.24,6.5,13.8,10.3,37.2,4.2,1.3,15.3,20.2,0.1,0.1,0.3,0.205,2.6,3.8,6.4,0.1
reevean01,Antonio Reeves,2025-26,25.0,CHO,CHO,False,SG,10.0,0.0,68.0,6.8,7.3,14.6,0.5,5.1,9.5,0.538,2.2,5.1,0.429,0.675,0.0,0.0,,1.5,4.4,5.8,2.2,0.7,0.0,0.7,2.2,19.7,138.0,119.0,12.4,0.675,0.65,0.0,3.4,9.8,6.6,6.3,0.7,0.0,4.8,13.1,0.1,0.0,0.2,0.13,1.2,0.1,1.3,0.1
richmka01,Kadary Richmond,2025-26,24.0,WAS,WAS,False,SG,3.0,0.0,67.0,22.33,7.1,11.3,0.625,1.4,2.8,0.5,5.7,8.5,0.667,0.688,2.1,2.1,1.0,0.7,6.4,7.1,5.7,5.7,0.7,1.4,1.4,17.7,142.0,114.0,20.0,0.722,0.25,0.188,1.6,14.7,8.0,16.6,5.7,1.3,10.4,12.0,0.2,0.1,0.2,0.175,-0.8,4.4,3.6,0.1
morrimo01,Monte Morris,2025-26,30.0,IND,IND,False,PG,6.0,0.0,65.0,10.83,5.1,14.6,0.35,1.5,5.8,0.25,3.7,8.8,0.417,0.4,1.5,2.9,0.5,0.7,4.4,5.1,6.6,0.7,0.7,1.5,2.2,13.2,96.0,122.0,6.9,0.414,0.4,0.2,1.6,10.3,5.9,18.7,0.7,1.3,8.4,15.5,-0.1,0.0,0.0,-0.028,-4.5,-1.4,-5.9,-0.1
peterdr01,Drew Peterson,2025-26,26.0,CHO,CHO,False,PF,6.0,0.0,64.0,10.67,1.5,12.4,0.125,0.0,9.3,0.0,1.5,3.1,0.5,0.125,0.8,1.5,0.5,2.3,4.6,7.0,1.5,2.3,0.8,0.0,2.3,3.9,58.0,114.0,0.6,0.148,0.75,0.125,5.4,10.4,7.9,3.8,2.3,1.4,0.0,11.2,-0.2,0.1,-0.1,-0.077,-8.3,-1.5,-9.8,-0.1
sandfpa01,Payton Sandfort,2025-26,23.0,OKC,OKC,False,SF,4.0,0.0,63.0,15.75,10.0,20.0,0.5,5.4,13.0,0.412,4.6,6.9,0.667,0.635,1.5,3.1,0.5,0.8,6.9,7.7,0.0,0.8,0.0,0.8,6.1,26.9,118.0,112.0,13.1,0.63,0.654,0.154,1.8,14.9,8.6,0.0,0.8,0.0,3.5,19.8,0.1,0.1,0.2,0.125,-2.5,-3.3,-5.8,-0.1
bantoda01,Dalano Banton,2025-26,26.0,,2TM,True,PG,6.0,0.0,62.0,10.33,3.3,9.8,0.333,0.0,0.8,0.0,3.3,9.0,0.364,0.333,3.3,3.3,1.0,1.6,2.4,4.1,9.0,1.6,4.1,6.5,2.4,9.8,84.0,113.0,7.0,0.436,0.083,0.333,3.7,5.2,4.5,22.9,1.6,8.1,36.8,15.3,-0.1,0.1,-0.1,-0.044,-5.3,1.3,-4.0,0.0
moorewe01,Wendell Moore Jr.,2025-26,24.0,DET,DET,False,SG,6.0,0.0,60.0,10.0,3.2,5.6,0.571,0.0,0.8,0.0,3.2,4.8,0.667,0.571,1.6,1.6,1.0,0.8,4.0,4.8,3.2,1.6,1.6,0.8,2.4,8.1,134.0,113.0,8.9,0.635,0.143,0.286,1.9,9.2,5.6,8.0,1.6,3.3,11.3,6.2,0.1,0.1,0.1,0.116,-3.0,1.8,-1.3,0.0
jeffrda01,DaQuan Jeffries,2025-26,28.0,SAC,SAC,False,SG,3.0,0.0,60.0,20.0,8.9,15.3,0.579,3.2,7.3,0.444,5.6,8.1,0.7,0.684,4.0,4.0,1.0,2.4,1.6,4.0,0.8,1.6,0.0,0.0,7.3,25.0,154.0,125.0,16.3,0.731,0.474,0.263,5.4,3.8,4.7,2.5,1.6,0.0,0.0,15.0,0.2,0.0,0.2,0.165,0.9,-1.1,-0.2,0.0
youngja05,Jahmir Young,2025-26,25.0,MIA,MIA,False,PG,14.0,0.0,58.0,4.14,8.0,20.0,0.4,2.4,7.2,0.333,5.6,12.8,0.438,0.46,1.6,1.6,1.0,1.6,1.6,3.2,7.2,0.8,0.0,2.4,5.6,20.0,105.0,121.0,8.5,0.483,0.36,0.08,3.6,3.6,3.6,21.1,0.8,0.0,10.4,20.3,0.0,0.0,0.0,0.016,-4.8,-1.9,-6.7,-0.1
wisemja01,James Wiseman,2025-26,24.0,IND,IND,False,C,4.0,1.0,58.0,14.5,4.9,8.2,0.6,0.0,0.0,,4.9,8.2,0.6,0.6,0.8,1.6,0.5,4.1,2.5,6.6,2.5,0.0,0.8,4.1,8.2,10.7,97.0,124.0,4.1,0.597,0.0,0.2,9.2,5.8,7.5,7.0,0.0,1.5,31.5,11.6,0.0,0.0,0.0,-0.028,-8.0,-1.0,-9.0,-0.1
minixri01,Riley Minix,2025-26,25.0,,2TM,True,SF,9.0,0.0,58.0,6.44,11.6,19.1,0.609,3.3,9.9,0.333,8.3,9.1,0.909,0.696,2.5,2.5,1.0,1.7,3.3,5.0,4.1,1.7,0.8,2.5,4.1,29.0,131.0,117.0,19.1,0.72,0.522,0.13,3.8,7.5,5.6,14.1,1.7,1.6,11.0,19.8,0.1,0.1,0.2,0.162,1.9,-0.1,1.8,0.1
broomjo01,Johni Broome,2025-26,23.0,PHI,PHI,False,C,11.0,0.0,55.0,5.0,3.5,21.1,0.167,0.0,4.4,0.0,3.5,16.7,0.211,0.167,1.8,5.3,0.333,6.1,7.9,14.0,3.5,2.6,1.8,2.6,6.1,8.8,61.0,112.0,0.4,0.188,0.208,0.25,13.7,18.1,15.9,9.2,2.6,3.4,10.1,22.8,-0.3,0.1,-0.2,-0.212,-11.9,-4.4,-16.2,-0.2
martico01,Cody Martin,2025-26,30.0,IND,IND,False,SF,4.0,0.0,55.0,13.75,1.7,8.6,0.2,0.0,4.3,0.0,1.7,4.3,0.4,0.2,2.6,5.2,0.5,0.9,11.2,12.1,1.7,3.5,1.7,3.5,4.3,6.0,55.0,111.0,3.0,0.277,0.5,0.6,1.9,26.3,13.8,4.5,3.5,3.1,24.0,12.8,-0.2,0.1,-0.1,-0.103,-10.1,2.1,-8.0,-0.1
loverla01,Lawson Lovering,2025-26,22.0,MEM,MEM,False,C,2.0,1.0,49.0,24.5,5.8,9.7,0.6,0.0,0.0,,5.8,9.7,0.6,0.6,1.9,4.8,0.4,5.8,8.7,14.5,2.9,2.9,1.0,1.9,6.8,13.5,120.0,114.0,13.7,0.574,0.0,0.5,13.0,20.2,16.6,8.3,2.9,1.9,14.1,12.1,0.1,0.1,0.1,0.106,-3.7,0.1,-3.6,0.0
manonch01,Chris Mañon,2025-26,24.0,LAL,LAL,False,SG,9.0,0.0,46.0,5.11,2.1,6.4,0.333,0.0,3.2,0.0,2.1,3.2,0.667,0.333,3.2,4.2,0.75,2.1,8.5,10.6,3.2,5.3,2.1,1.1,6.4,7.4,111.0,106.0,11.7,0.451,0.5,0.667,5.3,19.7,12.7,7.8,5.3,4.0,11.4,8.3,0.0,0.1,0.1,0.115,-4.6,4.7,0.1,0.0
gueyemo01,Mouhamadou Gueye,2025-26,27.0,CHI,CHI,False,PF,2.0,0.0,45.0,22.5,6.2,11.4,0.545,1.0,5.2,0.2,5.2,6.2,0.833,0.591,3.1,4.2,0.75,2.1,4.2,6.2,6.2,2.1,1.0,3.1,4.2,16.6,118.0,118.0,12.8,0.627,0.455,0.364,4.8,9.3,7.1,17.9,2.1,1.9,19.0,14.6,0.0,0.0,0.1,0.086,-2.2,-1.7,-3.9,0.0
bambamo01,Mo Bamba,2025-26,27.0,,2TM,True,C,4.0,0.0,44.0,11.0,5.4,11.8,0.455,0.0,0.0,,5.4,11.8,0.455,0.455,0.0,0.0,,10.7,12.9,23.6,1.1,0.0,3.2,2.1,6.4,10.7,111.0,118.0,12.9,0.455,0.0,0.0,24.1,30.3,27.1,3.0,0.0,6.6,15.4,12.2,0.0,0.0,0.1,0.056,-4.3,-3.6,-8.0,-0.1
pullizy01,Zyon Pullin,2025-26,24.0,MIN,MIN,False,SG,5.0,0.0,43.0,8.6,10.0,14.4,0.692,1.1,3.3,0.333,8.9,11.1,0.8,0.731,4.4,4.4,1.0,1.1,2.2,3.3,10.0,1.1,0.0,3.3,6.7,25.5,144.0,119.0,18.8,0.779,0.231,0.308,2.6,5.0,3.8,31.0,1.1,0.0,16.9,17.4,0.2,0.0,0.2,0.222,0.2,-1.3,-1.1,0.0
steveis01,Isaiah Stevens,2025-26,25.0,SAC,SAC,False,PG,3.0,0.0,43.0,14.33,3.4,7.9,0.429,0.0,1.1,0.0,3.4,6.7,0.5,0.429,4.5,4.5,1.0,2.2,1.1,3.4,11.2,5.6,0.0,2.2,2.2,11.2,131.0,117.0,16.5,0.571,0.143,0.571,5.1,2.7,3.9,29.3,5.6,0.0,18.6,10.6,0.1,0.0,0.1,0.133,-1.2,3.4,2.2,0.0
tonjejo01,John Tonje,2025-26,24.0,BOS,BOS,False,SG,6.0,0.0,42.0,7.0,4.8,16.9,0.286,3.6,12.1,0.3,1.2,4.8,0.25,0.393,4.8,4.8,1.0,0.0,7.2,7.2,2.4,2.4,0.0,0.0,6.0,18.1,114.0,112.0,9.1,0.476,0.714,0.286,0.0,15.4,7.9,6.1,2.4,0.0,0.0,16.3,0.0,0.1,0.1,0.101,-6.3,1.2,-5.1,0.0
dickihu01,Hunter Dickinson,2025-26,25.0,NOP,NOP,False,C,5.0,0.0,42.0,8.4,5.7,15.9,0.357,0.0,4.6,0.0,5.7,11.4,0.5,0.357,2.3,2.3,1.0,2.3,3.4,5.7,2.3,1.1,2.3,3.4,6.8,13.7,82.0,121.0,3.8,0.403,0.286,0.143,5.1,7.8,6.4,6.3,1.1,4.5,16.8,17.7,-0.1,0.0,-0.1,-0.094,-8.4,-2.9,-11.4,-0.1
saricda01,Dario Šarić,2025-26,31.0,SAC,SAC,False,C,5.0,0.0,41.0,8.2,1.2,7.1,0.167,1.2,3.5,0.333,0.0,3.5,0.0,0.25,2.4,2.4,1.0,1.2,5.9,7.1,2.4,0.0,0.0,2.4,3.5,5.9,78.0,126.0,0.6,0.363,0.5,0.333,2.7,14.0,8.2,5.8,0.0,0.0,22.5,9.2,-0.1,0.0,-0.1,-0.081,-6.7,-2.3,-9.0,-0.1
huntlcj01,CJ Huntley,2025-26,24.0,PHO,PHO,False,SF,4.0,0.0,40.0,10.0,7.4,13.6,0.545,0.0,3.7,0.0,7.4,9.9,0.75,0.545,0.0,0.0,,2.5,3.7,6.2,2.5,1.2,0.0,0.0,2.5,14.8,128.0,118.0,10.9,0.545,0.273,0.0,5.4,8.6,6.9,7.1,1.2,0.0,0.0,11.7,0.1,0.0,0.1,0.099,-3.9,-0.5,-4.4,0.0
jonesdi01,Dillon Jones,2025-26,24.0,NYK,NYK,False,SF,7.0,0.0,39.0,5.57,2.5,11.4,0.222,1.3,6.4,0.2,1.3,5.1,0.25,0.278,5.1,5.1,1.0,2.5,6.4,8.9,5.1,3.8,0.0,0.0,7.6,11.4,122.0,110.0,10.3,0.418,0.556,0.444,5.7,14.4,10.0,12.3,3.8,0.0,0.0,11.8,0.0,0.1,0.1,0.134,-5.4,2.8,-2.6,0.0
sarrol01,Olivier Sarr,2025-26,26.0,CLE,CLE,False,C,4.0,0.0,39.0,9.75,6.2,8.6,0.714,2.5,3.7,0.667,3.7,4.9,0.75,0.857,2.5,6.2,0.4,2.5,11.1,13.6,6.2,2.5,3.7,2.5,11.1,17.3,136.0,107.0,17.5,0.761,0.429,0.714,5.7,25.3,15.5,16.6,2.5,7.3,17.9,12.1,0.1,0.1,0.2,0.203,-1.7,4.3,2.6,0.0
labissk01,Skal Labissière,2025-26,29.0,WAS,WAS,False,PF,3.0,0.0,38.0,12.67,7.5,12.5,0.6,1.2,6.2,0.2,6.2,6.2,1.0,0.65,0.0,0.0,,3.7,7.5,11.2,3.7,2.5,1.2,1.2,3.7,16.2,134.0,120.0,16.3,0.65,0.5,0.0,8.3,17.3,12.7,11.1,2.5,2.3,9.1,12.1,0.1,0.0,0.1,0.12,-0.1,0.4,0.3,0.0
freemen01,Enrique Freeman,2025-26,25.0,MIN,MIN,False,PF,4.0,0.0,37.0,9.25,5.2,10.3,0.5,2.6,5.2,0.5,2.6,5.2,0.5,0.625,3.9,5.2,0.75,2.6,10.3,12.9,2.6,2.6,3.9,2.6,6.5,16.8,123.0,106.0,15.6,0.666,0.5,0.5,6.1,23.3,14.8,7.0,2.6,7.0,17.0,13.4,0.0,0.1,0.1,0.162,-1.5,1.5,0.0,0.0
shulgma01,Max Shulga,2025-26,23.0,BOS,BOS,False,SG,11.0,1.0,36.0,3.27,2.8,11.2,0.25,1.4,5.6,0.25,1.4,5.6,0.25,0.313,2.8,2.8,1.0,4.2,4.2,8.4,2.8,1.4,0.0,4.2,14.1,9.8,85.0,116.0,0.2,0.394,0.5,0.25,9.4,9.0,9.2,6.8,1.4,0.0,25.3,14.3,-0.1,0.0,0.0,-0.038,-10.9,-0.5,-11.5,-0.1
fultzma01,Markelle Fultz,2025-26,27.0,TOR,TOR,False,PG,5.0,0.0,36.0,7.2,2.7,14.9,0.182,0.0,0.0,,2.7,14.9,0.182,0.182,0.0,0.0,,0.0,1.4,1.4,10.8,2.7,0.0,5.4,2.7,5.4,57.0,116.0,-2.0,0.182,0.0,0.0,0.0,3.2,1.6,26.8,2.7,0.0,26.7,17.9,-0.2,0.0,-0.2,-0.209,-12.3,-4.0,-16.3,-0.1
zikarro01,Rocco Zikarsky,2025-26,19.0,MIN,MIN,False,C,5.0,0.0,36.0,7.2,6.6,10.6,0.625,0.0,0.0,,6.6,10.6,0.625,0.625,5.3,5.3,1.0,2.7,15.9,18.6,2.7,0.0,6.6,1.3,4.0,18.6,145.0,105.0,21.0,0.717,0.0,0.5,6.2,35.9,21.4,7.5,0.0,12.0,9.3,12.6,0.1,0.1,0.2,0.237,0.7,1.7,2.4,0.0
jonesis01,Isaac Jones,2025-26,25.0,,2TM,True,PF,7.0,1.0,36.0,5.14,4.0,9.4,0.429,0.0,2.7,0.0,4.0,6.7,0.6,0.429,4.0,5.4,0.75,2.7,4.0,6.7,1.3,0.0,1.3,1.3,5.4,12.1,112.0,121.0,6.4,0.514,0.286,0.571,6.0,9.2,7.8,3.5,0.0,2.8,10.2,11.3,0.0,0.0,0.0,0.038,-5.9,-2.2,-8.1,-0.1
nelsogr02,Grant Nelson,2025-26,23.0,BRK,BRK,False,PF,4.0,0.0,35.0,8.75,7.1,12.7,0.556,0.0,0.0,,7.1,12.7,0.556,0.556,9.9,14.1,0.7,1.4,7.1,8.5,7.1,1.4,7.1,5.7,8.5,24.0,111.0,111.0,17.6,0.634,0.0,1.111,3.1,17.6,10.0,22.5,1.4,13.3,23.0,21.7,0.0,0.1,0.1,0.098,-2.6,4.8,2.2,0.0
milleem01,Emanuel Miller,2025-26,25.0,CHI,CHI,False,PF,5.0,0.0,33.0,6.6,8.5,18.4,0.462,2.8,8.5,0.333,5.7,9.9,0.571,0.538,1.4,2.8,0.5,1.4,2.8,4.3,5.7,2.8,0.0,0.0,2.8,21.3,123.0,119.0,15.0,0.54,0.462,0.154,3.3,6.4,4.8,17.4,2.8,0.0,0.0,17.5,0.1,0.0,0.1,0.111,1.6,0.9,2.5,0.0
telfoja01,Jahmyl Telfort,2025-26,24.0,LAC,LAC,False,PF,8.0,0.0,32.0,4.0,0.0,6.2,0.0,0.0,6.2,0.0,0.0,0.0,,0.0,1.6,6.2,0.25,0.0,4.7,4.7,1.6,1.6,0.0,1.6,7.8,1.6,26.0,119.0,-5.3,0.087,1.0,1.0,0.0,10.6,5.5,3.7,1.6,0.0,14.8,9.4,-0.1,0.0,-0.1,-0.163,-12.1,-1.7,-13.8,-0.1
pedulse01,Sean Pedulla,2025-26,23.0,LAC,LAC,False,PG,7.0,0.0,31.0,4.43,8.0,24.1,0.333,4.8,16.0,0.3,3.2,8.0,0.4,0.433,0.0,0.0,,0.0,4.8,4.8,8.0,0.0,0.0,1.6,6.4,20.9,99.0,123.0,6.6,0.433,0.667,0.0,0.0,11.0,5.6,23.8,0.0,0.0,6.3,22.9,0.0,0.0,0.0,-0.03,-6.9,-4.9,-11.8,-0.1
ingraha01,Harrison Ingram,2025-26,23.0,SAS,SAS,False,SF,7.0,0.0,26.0,3.71,9.2,11.1,0.833,1.8,1.8,1.0,7.4,9.2,0.8,0.917,0.0,0.0,,5.5,0.0,5.5,1.8,0.0,0.0,1.8,3.7,20.3,158.0,121.0,15.8,0.917,0.167,0.0,12.8,0.0,6.2,5.4,0.0,0.0,14.3,11.3,0.1,0.0,0.1,0.178,3.6,-1.4,2.3,0.0
sallihu01,Hunter Sallis,2025-26,22.0,PHI,PHI,False,SG,7.0,0.0,26.0,3.71,5.6,9.3,0.6,0.0,0.0,,5.6,9.3,0.6,0.6,1.9,3.7,0.5,0.0,1.9,1.9,7.4,0.0,1.9,9.3,3.7,13.0,75.0,122.0,2.0,0.595,0.0,0.4,0.0,4.2,2.1,20.6,0.0,3.6,46.0,17.7,-0.1,0.0,-0.1,-0.149,-7.7,-2.9,-10.6,-0.1
searsma01,Mark Sears,2025-26,23.0,MIL,MIL,False,PG,7.0,0.0,26.0,3.71,11.3,24.6,0.462,7.6,15.1,0.5,3.8,9.5,0.4,0.615,11.3,15.1,0.75,1.9,1.9,3.8,3.8,0.0,0.0,7.6,7.6,41.6,109.0,127.0,15.2,0.666,0.615,0.615,4.4,4.3,4.3,12.5,0.0,0.0,19.5,34.9,0.0,0.0,0.0,0.013,2.4,-4.6,-2.2,0.0
robinor01,Orlando Robinson,2025-26,25.0,ORL,ORL,False,C,4.0,1.0,25.0,6.25,5.8,9.6,0.6,1.9,3.8,0.5,3.8,5.8,0.667,0.7,0.0,0.0,,3.8,3.8,7.7,5.8,1.9,0.0,0.0,5.8,13.4,164.0,117.0,14.6,0.7,0.4,0.0,8.8,9.0,8.9,16.5,1.9,0.0,0.0,8.4,0.1,0.0,0.1,0.196,0.8,0.6,1.4,0.0
grayha01,Hayden Gray,2025-26,22.0,UTA,UTA,False,SG,1.0,0.0,25.0,25.0,3.8,5.6,0.667,0.0,1.9,0.0,3.8,3.8,1.0,0.667,3.8,3.8,1.0,0.0,0.0,0.0,1.9,1.9,1.9,1.9,0.0,11.3,127.0,125.0,9.4,0.773,0.333,0.667,0.0,0.0,0.0,5.0,1.9,3.9,20.5,8.0,0.0,0.0,0.0,0.044,-3.7,-1.6,-5.3,0.0
goldivl01,Vladislav Goldin,2025-26,24.0,MIA,MIA,False,C,9.0,0.0,24.0,2.67,5.8,7.7,0.75,0.0,0.0,,5.8,7.7,0.75,0.75,1.9,1.9,1.0,5.8,11.6,17.4,5.8,0.0,5.8,5.8,9.7,13.5,115.0,109.0,14.7,0.788,0.0,0.25,12.9,26.1,19.4,15.9,0.0,11.1,40.3,12.6,0.0,0.0,0.1,0.121,-5.0,4.5,-0.5,0.0
omierno01,Norchad Omier,2025-26,24.0,LAC,LAC,False,PF,6.0,0.0,24.0,4.0,14.5,20.7,0.7,0.0,2.1,0.0,14.5,18.7,0.778,0.7,6.2,6.2,1.0,8.3,6.2,14.5,4.1,2.1,0.0,0.0,8.3,35.2,166.0,117.0,31.5,0.751,0.1,0.3,19.9,14.2,17.0,15.2,2.1,0.0,0.0,20.9,0.2,0.0,0.2,0.38,6.2,-0.1,6.0,0.0
moralal01,Alex Morales,2025-26,28.0,ORL,ORL,False,PG,4.0,0.0,24.0,6.0,6.0,14.0,0.429,0.0,2.0,0.0,6.0,12.0,0.5,0.429,4.0,4.0,1.0,2.0,4.0,6.0,8.0,0.0,0.0,8.0,14.0,16.0,86.0,120.0,0.9,0.508,0.143,0.286,4.6,9.4,7.0,23.1,0.0,0.0,33.7,20.9,-0.1,0.0,-0.1,-0.104,-12.2,-3.8,-16.0,-0.1
kentja01,Jayson Kent,2025-26,23.0,POR,POR,False,SF,5.0,0.0,22.0,4.4,8.7,15.2,0.571,2.2,8.7,0.25,6.5,6.5,1.0,0.643,2.2,2.2,1.0,0.0,10.9,10.9,0.0,2.2,2.2,0.0,2.2,21.7,139.0,110.0,17.3,0.672,0.571,0.143,0.0,25.0,12.3,0.0,2.2,4.0,0.0,13.8,0.0,0.0,0.1,0.181,0.6,3.6,4.2,0.0
antetal01,Alex Antetokounmpo,2025-26,24.0,MIL,MIL,False,SF,6.0,0.0,21.0,3.5,7.0,18.7,0.375,4.7,16.4,0.286,2.3,2.3,1.0,0.5,25.8,35.1,0.733,4.7,9.4,14.1,2.3,0.0,2.3,2.3,2.3,44.5,136.0,119.0,28.6,0.651,0.875,1.875,10.9,21.4,16.2,6.8,0.0,4.8,6.4,32.8,0.1,0.0,0.1,0.282,7.3,-1.9,5.4,0.0
castlco01,Colin Castleton,2025-26,25.0,ORL,ORL,False,C,4.0,0.0,21.0,5.25,4.6,11.4,0.4,0.0,0.0,,4.6,11.4,0.4,0.4,2.3,2.3,1.0,4.6,13.7,18.3,2.3,2.3,0.0,4.6,4.6,11.4,87.0,110.0,7.9,0.46,0.0,0.2,10.5,32.2,21.3,6.3,2.3,0.0,26.9,15.0,0.0,0.0,0.0,-0.003,-6.1,-1.5,-7.7,0.0
clarkbr01,Brandon Clarke,2025-26,29.0,MEM,MEM,False,PF,2.0,2.0,20.0,10.0,7.1,21.3,0.333,0.0,0.0,,7.1,21.3,0.333,0.333,4.7,9.5,0.5,9.5,4.7,14.2,2.4,4.7,0.0,0.0,11.8,18.9,103.0,114.0,12.3,0.372,0.0,0.444,21.3,11.0,16.2,7.1,4.7,0.0,0.0,22.4,0.0,0.0,0.0,0.038,-4.7,-0.2,-4.9,0.0
toppija01,Jacob Toppin,2025-26,25.0,ATL,ATL,False,SF,5.0,0.0,17.0,3.4,11.1,16.7,0.667,0.0,0.0,,11.1,16.7,0.667,0.667,0.0,0.0,,0.0,2.8,2.8,2.8,0.0,2.8,0.0,2.8,22.2,135.0,118.0,15.2,0.667,0.0,0.0,0.0,6.5,3.2,8.8,0.0,5.3,0.0,14.7,0.0,0.0,0.0,0.13,-0.1,0.6,0.5,0.0
livinch01,Chris Livingston,2025-26,22.0,CLE,CLE,False,SF,3.0,0.0,17.0,5.67,11.3,19.8,0.571,0.0,8.5,0.0,11.3,11.3,1.0,0.571,2.8,2.8,1.0,0.0,8.5,8.5,2.8,2.8,0.0,0.0,11.3,25.4,129.0,112.0,15.4,0.605,0.429,0.143,0.0,19.3,9.7,8.9,2.8,0.0,0.0,18.4,0.0,0.0,0.1,0.164,-4.7,2.1,-2.7,0.0
keelstr01,Trevor Keels,2025-26,22.0,MIA,MIA,False,SG,8.0,0.0,15.0,1.88,9.3,37.1,0.25,6.2,27.8,0.222,3.1,9.3,0.333,0.333,0.0,0.0,,0.0,6.2,6.2,0.0,3.1,0.0,0.0,0.0,24.8,71.0,113.0,2.8,0.333,0.75,0.0,0.0,13.9,6.9,0.0,3.1,0.0,0.0,32.6,-0.1,0.0,-0.1,-0.197,-9.4,-5.2,-14.5,0.0
boehebu01,Buddy Boeheim,2025-26,26.0,OKC,OKC,False,SF,4.0,0.0,15.0,3.75,6.4,19.3,0.333,6.4,19.3,0.333,0.0,0.0,,0.5,0.0,0.0,,0.0,0.0,0.0,0.0,0.0,0.0,0.0,3.2,19.3,101.0,119.0,4.6,0.5,1.0,0.0,0.0,0.0,0.0,0.0,0.0,0.0,0.0,17.3,0.0,0.0,0.0,0.012,-3.8,-4.5,-8.4,0.0
nfalyda01,N'Faly Dante,2025-26,24.0,ATL,ATL,False,C,4.0,0.0,15.0,3.75,3.1,12.6,0.25,0.0,0.0,,3.1,12.6,0.25,0.25,3.1,3.1,1.0,9.4,12.6,22.0,0.0,6.3,0.0,3.1,3.1,9.4,90.0,101.0,12.4,0.338,0.0,0.25,21.4,29.4,25.3,0.0,6.3,0.0,18.4,15.1,0.0,0.0,0.0,0.051,-3.7,-0.8,-4.5,0.0
hepbuch01,Chucky Hepburn,2025-26,22.0,TOR,TOR,False,PG,2.0,0.0,13.0,6.5,0.0,22.5,0.0,0.0,18.8,0.0,0.0,3.8,0.0,0.0,0.0,0.0,,0.0,3.8,3.8,7.5,3.8,0.0,3.8,7.5,0.0,20.0,111.0,-13.5,0.0,0.833,0.0,0.0,8.8,4.4,17.4,3.8,0.0,14.3,23.1,-0.1,0.0,-0.1,-0.441,-20.7,-3.1,-23.8,-0.1
newtotr01,Tristen Newton,2025-26,24.0,HOU,HOU,False,SG,1.0,0.0,12.0,12.0,16.7,37.5,0.444,8.3,20.8,0.4,8.3,16.7,0.5,0.556,8.3,12.5,0.667,8.3,4.2,12.5,0.0,4.2,0.0,0.0,0.0,50.0,131.0,111.0,32.8,0.581,0.556,0.333,18.7,9.1,13.9,0.0,4.2,0.0,0.0,36.2,0.1,0.0,0.1,0.28,8.5,0.0,8.4,0.0
evbuoto01,Tosan Evbuomwan,2025-26,24.0,NYK,NYK,False,SF,5.0,0.0,8.0,1.6,0.0,6.2,0.0,0.0,0.0,,0.0,6.2,0.0,0.0,0.0,0.0,,6.2,6.2,12.4,0.0,0.0,0.0,0.0,6.2,0.0,70.0,119.0,-0.3,0.0,0.0,0.0,13.9,14.0,14.0,0.0,0.0,0.0,0.0,5.4,0.0,0.0,0.0,-0.025,-8.5,-3.0,-11.5,0.0
umudest01,Stanley Umude,2025-26,26.0,SAS,SAS,False,SG,2.0,0.0,7.0,3.5,6.9,13.7,0.5,0.0,6.9,0.0,6.9,6.9,1.0,0.5,0.0,0.0,,0.0,0.0,0.0,6.9,6.9,0.0,0.0,13.7,13.7,123.0,105.0,11.6,0.5,0.5,0.0,0.0,0.0,0.0,18.8,6.9,0.0,0.0,12.0,0.0,0.0,0.0,0.165,-6.7,7.1,0.4,0.0
jonesco02,Colby Jones,2025-26,23.0,DET,DET,False,SG,1.0,0.0,7.0,7.0,6.9,20.7,0.333,0.0,13.8,0.0,6.9,6.9,1.0,0.333,0.0,0.0,,0.0,27.6,27.6,13.8,0.0,0.0,0.0,6.9,13.8,106.0,101.0,12.9,0.333,0.667,0.0,0.0,63.1,32.1,37.8,0.0,0.0,0.0,17.8,0.0,0.0,0.0,0.124,-3.2,5.7,2.4,0.0
essenno01,Noa Essengue,2025-26,19.0,CHI,CHI,False,PF,2.0,0.0,6.0,3.0,0.0,23.4,0.0,0.0,15.6,0.0,0.0,7.8,0.0,0.0,0.0,0.0,,0.0,0.0,0.0,0.0,7.8,0.0,0.0,7.8,0.0,0.0,109.0,-11.9,0.0,0.667,0.0,0.0,0.0,0.0,0.0,7.8,0.0,0.0,20.8,-0.1,0.0,-0.1,-0.417,-20.7,-3.0,-23.7,0.0
flowetr01,Trentyn Flowers,2025-26,20.0,CHI,CHI,False,SF,2.0,0.0,6.0,3.0,15.6,23.4,0.667,0.0,7.8,0.0,15.6,15.6,1.0,0.667,0.0,0.0,,7.8,0.0,7.8,7.8,0.0,0.0,7.8,7.8,31.2,110.0,127.0,16.7,0.667,0.333,0.0,17.9,0.0,8.8,30.5,0.0,0.0,25.0,27.8,0.0,0.0,0.0,0.023,1.7,-2.7,-1.0,0.0
brownda04,Darius Brown II,2025-26,26.0,CLE,CLE,False,SG,1.0,0.0,3.0,3.0,0.0,16.0,0.0,0.0,0.0,,0.0,16.0,0.0,0.0,0.0,0.0,,0.0,16.0,16.0,0.0,0.0,0.0,0.0,0.0,0.0,0.0,114.0,-7.7,0.0,0.0,0.0,0.0,36.5,18.3,0.0,0.0,0.0,0.0,14.0,0.0,0.0,0.0,-0.269,-16.3,-2.4,-18.7,0.0
