player_id,player_name,season,team,g,mp,pts_p100,fga_p100,fta_p100,trb_p100,ast_p100,tov_p100
derozde01,DeMar DeRozan,2023-24,CHI,79.0,2989.0,31.6,22.6,10.2,5.7,7.0,2.3
sabondo01,Domantas Sabonis,2023-24,SAC,82.0,2928.0,26.4,17.7,6.9,18.6,11.2,4.5
whiteco01,Coby White,2023-24,CHI,79.0,2881.0,26.1,20.9,4.5,6.2,7.0,2.9
bridgmi01,Mikal Bridges,2023-24,BRK,82.0,2854.0,27.9,22.5,5.5,6.5,5.2,2.8
banchpa01,Paolo Banchero,2023-24,ORL,80.0,2799.0,31.9,24.9,9.9,9.8,7.6,4.4
duranke01,Kevin Durant,2023-24,PHO,75.0,2791.0,35.5,25.1,7.4,8.7,6.6,4.3
murrade01,Dejounte Murray,2023-24,ATL,78.0,2783.0,30.2,25.2,4.5,7.2,8.7,3.5
edwaran01,Anthony Edwards,2023-24,MIN,79.0,2770.0,36.6,27.8,9.0,7.7,7.2,4.3
jokicni01,Nikola Jokić,2023-24,DEN,79.0,2737.0,37.8,25.6,7.9,17.7,12.8,4.3
brunsja01,Jalen Brunson,2023-24,NYK,77.0,2726.0,40.9,30.5,9.2,5.1,9.6,3.4
hartjo01,Josh Hart,2023-24,NYK,81.0,2707.0,14.2,12.6,2.1,12.6,6.2,2.2
davisan02,Anthony Davis,2023-24,LAL,76.0,2700.0,33.0,22.6,9.1,16.9,4.7,2.8
vanvlfr01,Fred VanVleet,2023-24,HOU,73.0,2684.0,22.9,18.4,4.1,5.0,10.6,2.3
foxde01,De'Aaron Fox,2023-24,SAC,74.0,2659.0,35.9,28.3,7.7,6.2,7.6,3.5
siakapa01,Pascal Siakam,2023-24,TOR,39.0,1354.0,30.8,22.2,8.0,8.8,6.8,3.0
siakapa01,Pascal Siakam,2023-24,IND,41.0,1303.0,31.6,23.5,6.3,11.5,5.5,2.1
tatumja01,Jayson Tatum,2023-24,BOS,74.0,2645.0,37.1,26.6,9.3,11.2,6.8,3.5
reaveau01,Austin Reaves,2023-24,LAL,82.0,2629.0,23.5,17.0,4.9,6.4,8.1,3.1
maxeyty01,Tyrese Maxey,2023-24,PHI,70.0,2626.0,34.0,26.6,7.1,4.8,8.1,2.2
doncilu01,Luka Dončić,2023-24,DAL,70.0,2624.0,43.3,30.2,11.1,11.8,12.5,5.2
vucevni01,Nikola Vučević,2023-24,CHI,76.0,2610.0,26.2,23.1,2.5,15.3,4.9,2.3
greenja05,Jalen Green,2023-24,HOU,82.0,2601.0,30.0,24.8,6.6,7.9,5.4,3.6
goberru01,Rudy Gobert,2023-24,MIN,76.0,2593.0,20.2,11.7,7.4,18.7,1.9,2.2
murrake02,Keegan Murray,2023-24,SAC,77.0,2588.0,22.0,18.3,2.3,7.9,2.4,1.2
bridgmi02,Miles Bridges,2023-24,CHO,69.0,2581.0,27.7,23.1,4.0,9.7,4.4,2.6
lillada01,Damian Lillard,2023-24,MIL,73.0,2579.0,33.1,23.8,9.6,6.0,9.5,3.6
antetgi01,Giannis Antetokounmpo,2023-24,MIL,73.0,2567.0,41.6,25.6,14.6,15.7,8.9,4.7
portemi01,Michael Porter Jr.,2023-24,DEN,81.0,2565.0,26.2,20.9,2.1,10.9,2.4,1.8
gilgesh01,Shai Gilgeous-Alexander,2023-24,OKC,75.0,2553.0,42.4,28.0,12.2,7.8,8.8,3.1
allengr01,Grayson Allen,2023-24,PHO,75.0,2513.0,19.7,13.3,2.9,5.7,4.4,1.8
jamesle01,LeBron James,2023-24,LAL,71.0,2504.0,34.6,24.1,7.7,9.8,11.2,4.7
georgpa01,Paul George,2023-24,LAC,74.0,2502.0,33.0,24.4,5.7,7.7,5.2,3.0
schrode01,Dennis Schröder,2023-24,TOR,51.0,1559.0,21.6,17.3,4.6,4.3,9.7,2.6
schrode01,Dennis Schröder,2023-24,BRK,29.0,927.0,22.7,19.7,3.4,5.4,9.3,3.7
russeda01,D'Angelo Russell,2023-24,LAL,76.0,2484.0,26.2,20.7,3.7,4.5,9.2,3.0
hardeja01,James Harden,2023-24,LAC,72.0,2470.0,23.8,16.4,6.9,7.4,12.3,3.7
bookede01,Devin Booker,2023-24,PHO,68.0,2447.0,36.7,26.0,9.1,6.1,9.4,3.6
allenja01,Jarrett Allen,2023-24,CLE,77.0,2442.0,25.7,16.6,6.4,16.4,4.2,2.4
smithja05,Jabari Smith Jr.,2023-24,HOU,76.0,2424.0,20.9,16.7,3.7,12.3,2.4,1.8
curryst01,Stephen Curry,2023-24,GSW,74.0,2421.0,39.1,28.9,6.5,6.6,7.6,4.2
adebaba01,Bam Adebayo,2023-24,MIA,71.0,2416.0,28.2,21.0,8.0,15.2,5.7,3.3
holmgch01,Chet Holmgren,2023-24,OKC,82.0,2413.0,27.0,19.0,5.5,12.9,4.0,2.6
lopezbr01,Brook Lopez,2023-24,MIL,79.0,2411.0,19.7,15.0,2.7,8.2,2.5,1.6
caldwke01,Kentavious Caldwell-Pope,2023-24,DEN,76.0,2402.0,15.8,12.1,2.3,3.8,3.8,1.5
bogdabo01,Bogdan Bogdanović,2023-24,ATL,79.0,2401.0,26.6,22.0,3.3,5.4,4.9,2.2
millebr02,Brandon Miller,2023-24,CHO,74.0,2383.0,26.5,22.4,3.6,6.5,3.6,2.7
barneha02,Harrison Barnes,2023-24,SAC,82.0,2381.0,20.4,14.9,4.0,5.1,2.0,1.2
whitede01,Derrick White,2023-24,BOS,73.0,2381.0,23.0,17.4,3.2,6.4,7.8,2.3
harrito02,Tobias Harris,2023-24,PHI,70.0,2368.0,25.0,19.8,4.4,9.4,4.5,1.9
divindo01,Donte DiVincenzo,2023-24,NYK,81.0,2360.0,26.9,21.5,2.4,6.3,4.6,2.4
poolejo01,Jordan Poole,2023-24,WAS,78.0,2346.0,27.0,23.6,4.4,4.2,6.8,3.7
brownja02,Jaylen Brown,2023-24,BOS,70.0,2343.0,34.0,26.5,6.3,8.2,5.3,3.5
beaslma01,Malik Beasley,2023-24,MIL,79.0,2337.0,18.3,14.8,0.7,6.0,2.2,1.1
wagnefr01,Franz Wagner,2023-24,ORL,72.0,2337.0,30.1,23.2,6.8,8.1,5.7,2.9
leonaka01,Kawhi Leonard,2023-24,LAC,68.0,2330.0,34.2,24.6,6.1,8.8,5.2,2.5
joneshe01,Herbert Jones,2023-24,NOP,76.0,2321.0,17.7,12.4,3.3,5.7,4.2,2.0
gordoaa01,Aaron Gordon,2023-24,DEN,73.0,2297.0,21.9,15.5,5.8,10.2,5.6,2.3
thompkl01,Klay Thompson,2023-24,GSW,77.0,2284.0,29.1,24.0,2.9,5.4,3.7,2.5
kuzmaky01,Kyle Kuzma,2023-24,WAS,70.0,2281.0,31.8,26.9,4.9,9.5,6.1,3.9
holidjr01,Jrue Holiday,2023-24,BOS,69.0,2263.0,18.8,15.0,1.6,8.1,7.3,2.7
avdijde01,Deni Avdija,2023-24,WAS,75.0,2257.0,22.8,16.6,5.7,11.2,5.9,3.3
vassede01,Devin Vassell,2023-24,SAS,68.0,2248.0,27.9,22.3,4.2,5.5,5.8,2.3
dortlu01,Luguentz Dort,2023-24,OKC,79.0,2246.0,18.4,14.1,3.3,6.1,2.4,1.6
strusma01,Max Strus,2023-24,CLE,70.0,2239.0,18.8,16.1,2.1,7.5,6.2,2.5
brookdi01,Dillon Brooks,2023-24,HOU,72.0,2227.0,19.9,16.7,3.2,5.4,2.6,1.9
halibty01,Tyrese Haliburton,2023-24,IND,69.0,2224.0,29.5,22.2,4.8,5.7,16.0,3.4
willija06,Jalen Williams,2023-24,OKC,71.0,2223.0,29.3,21.5,4.8,6.1,7.0,2.7
washipj01,P.J. Washington,2023-24,CHO,44.0,1286.0,23.0,19.5,3.6,8.9,3.7,2.5
washipj01,P.J. Washington,2023-24,DAL,29.0,935.0,17.4,15.5,2.6,9.2,2.3,1.5
iveyja01,Jaden Ivey,2023-24,DET,77.0,2217.0,25.7,21.1,6.6,5.7,6.4,4.1
dosunay01,Ayo Dosunmu,2023-24,CHI,76.0,2212.0,20.8,16.2,2.4,4.9,5.5,2.3
willizi01,Zion Williamson,2023-24,NOP,70.0,2207.0,35.6,24.3,11.0,9.0,7.8,4.3
conlemi01,Mike Conley,2023-24,MIN,76.0,2193.0,19.6,14.5,2.5,4.9,10.1,2.3
sochaje01,Jeremy Sochan,2023-24,SAS,74.0,2193.0,18.6,16.8,3.1,10.3,5.4,3.0
hieldbu01,Buddy Hield,2023-24,IND,52.0,1336.0,22.0,18.3,1.2,5.9,4.9,2.2
hieldbu01,Buddy Hield,2023-24,PHI,32.0,824.0,23.3,19.9,1.6,6.1,5.8,2.4
mccolcj01,CJ McCollum,2023-24,NOP,66.0,2159.0,30.0,24.0,3.2,6.5,6.9,2.5
dinwisp01,Spencer Dinwiddie,2023-24,BRK,48.0,1474.0,20.3,16.8,5.4,5.3,9.7,2.1
dinwisp01,Spencer Dinwiddie,2023-24,LAL,28.0,678.0,13.4,9.9,3.5,3.3,4.8,2.0
jonestr01,Tre Jones,2023-24,SAS,77.0,2138.0,17.1,13.3,2.6,6.4,10.6,2.6
willigr01,Grant Williams,2023-24,DAL,47.0,1242.0,14.8,12.2,2.1,6.5,3.1,2.0
willigr01,Grant Williams,2023-24,CHO,29.0,888.0,22.3,16.0,4.7,8.3,5.2,3.1
jacksja02,Jaren Jackson Jr.,2023-24,MEM,66.0,2124.0,34.2,26.7,9.6,8.4,3.5,3.7
hardati02,Tim Hardaway Jr.,2023-24,DAL,79.0,2120.0,25.8,22.1,3.8,5.7,3.1,1.6
claxtni01,Nic Claxton,2023-24,BRK,71.0,2116.0,19.7,13.6,4.6,16.5,3.4,2.2
jaqueja01,Jaime Jaquez Jr.,2023-24,MIA,75.0,2113.0,21.0,16.5,4.1,6.7,4.6,2.6
princta02,Taurean Prince,2023-24,LAL,78.0,2108.0,15.7,12.9,1.5,5.2,2.7,1.6
wembavi01,Victor Wembanyama,2023-24,SAS,71.0,2106.0,34.3,26.7,8.3,17.0,6.2,5.9
mcdanja02,Jaden McDaniels,2023-24,MIN,72.0,2105.0,17.8,14.7,1.9,5.3,2.4,2.0
ingrabr01,Brandon Ingram,2023-24,NOP,64.0,2103.0,31.1,23.7,7.2,7.6,8.5,3.8
barnesc01,Scottie Barnes,2023-24,TOR,60.0,2094.0,27.5,21.7,5.8,11.4,8.4,3.8
nurkiju01,Jusuf Nurkić,2023-24,PHO,76.0,2078.0,19.5,14.7,6.1,19.7,7.1,4.1
turnemy01,Myles Turner,2023-24,IND,77.0,2076.0,29.8,20.7,7.2,12.1,2.3,2.5
sextoco01,Collin Sexton,2023-24,UTA,78.0,2075.0,33.9,24.1,8.6,4.8,8.9,3.8
thomaca02,Cam Thomas,2023-24,BRK,66.0,2075.0,35.4,28.4,8.0,5.1,4.6,3.0
cunnica01,Cade Cunningham,2023-24,DET,62.0,2074.0,32.6,27.1,6.4,6.2,10.8,4.9
kispeco01,Corey Kispert,2023-24,WAS,80.0,2067.0,24.2,18.0,3.6,5.1,3.5,2.2
beysa01,Saddiq Bey,2023-24,ATL,63.0,2062.0,20.1,16.2,4.7,9.6,2.1,1.3
oubreke01,Kelly Oubre Jr.,2023-24,PHI,68.0,2055.0,25.1,21.0,5.6,8.2,2.4,2.1
sengual01,Alperen Şengün,2023-24,HOU,63.0,2046.0,31.6,23.3,8.3,14.0,7.4,3.8
butleji01,Jimmy Butler,2023-24,MIA,60.0,2042.0,30.4,19.4,11.2,7.8,7.3,2.5
carusal01,Alex Caruso,2023-24,CHI,71.0,2040.0,17.5,13.2,2.3,6.7,6.0,2.5
roziete01,Terry Rozier,2023-24,CHO,30.0,1065.0,32.3,25.4,6.0,5.4,9.2,3.0
roziete01,Terry Rozier,2023-24,MIA,31.0,975.0,26.0,23.0,3.5,6.7,7.4,2.1
johnske04,Keldon Johnson,2023-24,SAS,69.0,2038.0,25.2,20.1,5.1,8.8,4.5,2.3
irvinky01,Kyrie Irving,2023-24,DAL,58.0,2030.0,35.1,26.7,5.0,6.9,7.1,2.5
townska01,Karl-Anthony Towns,2023-24,MIN,62.0,2026.0,32.9,23.2,7.1,12.6,4.6,4.3
suggsja01,Jalen Suggs,2023-24,ORL,75.0,2025.0,23.1,17.5,3.8,5.6,5.0,3.2
georgke01,Keyonte George,2023-24,UTA,75.0,2023.0,23.2,19.4,5.3,5.0,7.9,4.5
giddejo01,Josh Giddey,2023-24,OKC,80.0,2011.0,23.6,20.3,3.0,12.3,9.2,4.0
portibo01,Bobby Portis,2023-24,MIL,82.0,2008.0,27.0,22.0,3.0,14.5,2.5,2.2
nesmiaa01,Aaron Nesmith,2023-24,IND,72.0,1995.0,20.7,15.0,3.2,6.5,2.6,1.5
trentga02,Gary Trent Jr.,2023-24,TOR,71.0,1994.0,23.6,20.5,2.3,4.6,2.9,1.1
powelno01,Norman Powell,2023-24,LAC,76.0,1990.0,26.2,19.1,4.3,4.8,2.0,1.6
quickim01,Immanuel Quickley,2023-24,NYK,30.0,720.0,31.5,23.5,6.6,5.4,5.2,2.2
quickim01,Immanuel Quickley,2023-24,TOR,38.0,1265.0,27.0,21.3,5.8,6.9,9.8,2.7
podzibr01,Brandin Podziemski,2023-24,GSW,74.0,1968.0,16.8,14.7,1.9,10.5,6.7,2.2
reidna01,Naz Reid,2023-24,MIN,81.0,1964.0,27.4,21.4,3.7,10.6,2.7,2.8
leverca01,Caris LeVert,2023-24,CLE,68.0,1958.0,24.0,20.7,5.1,7.1,8.7,3.0
onealro01,Royce O'Neale,2023-24,BRK,49.0,1202.0,15.0,13.4,0.9,9.1,5.6,2.1
onealro01,Royce O'Neale,2023-24,PHO,30.0,752.0,15.8,13.9,0.8,10.1,5.3,1.4
kuminjo01,Jonathan Kuminga,2023-24,GSW,74.0,1949.0,29.5,21.4,7.4,8.8,4.0,3.0
mitchdo01,Donovan Mitchell,2023-24,CLE,55.0,1942.0,37.2,27.7,8.1,7.1,8.5,3.9
youngtr01,Trae Young,2023-24,ATL,54.0,1942.0,34.3,24.9,10.1,3.7,14.4,5.8
finnedo01,Dorian Finney-Smith,2023-24,BRK,68.0,1934.0,14.9,13.1,1.2,8.1,2.7,1.5
jonesty01,Tyus Jones,2023-24,WAS,66.0,1933.0,19.1,16.1,1.0,4.3,11.7,1.6
valanjo01,Jonas Valančiūnas,2023-24,NOP,82.0,1925.0,25.5,18.3,5.2,18.4,4.4,2.8
alexani01,Nickeil Alexander-Walker,2023-24,MIN,82.0,1921.0,16.9,13.8,1.7,4.3,5.2,2.0
wiggian01,Andrew Wiggins,2023-24,GSW,71.0,1920.0,23.7,19.7,4.8,8.1,3.0,2.2
robindu01,Duncan Robinson,2023-24,MIA,68.0,1905.0,22.9,17.7,2.4,4.5,5.0,2.5
collijo01,John Collins,2023-24,UTA,68.0,1901.0,26.1,18.9,4.7,14.6,2.0,2.5
garlada01,Darius Garland,2023-24,CLE,57.0,1901.0,26.7,21.9,4.5,4.0,9.7,4.6
harteis01,Isaiah Hartenstein,2023-24,NYK,75.0,1896.0,15.5,9.7,4.2,16.6,5.0,2.5
gordoer01,Eric Gordon,2023-24,PHO,68.0,1893.0,19.3,15.9,1.7,3.1,3.6,1.9
johnsja05,Jalen Johnson,2023-24,ATL,56.0,1889.0,22.7,17.8,3.7,12.4,5.2,2.6
okorois01,Isaac Okoro,2023-24,CLE,69.0,1887.0,16.9,12.6,3.6,5.4,3.5,1.4
capelca01,Clint Capela,2023-24,ATL,73.0,1883.0,21.3,15.7,5.2,19.8,2.3,1.9
mannte01,Terance Mann,2023-24,LAC,75.0,1873.0,17.3,13.0,2.5,6.7,3.1,1.3
monkma01,Malik Monk,2023-24,SAC,72.0,1872.0,28.8,23.2,5.3,5.5,9.6,3.9
brownbr01,Bruce Brown,2023-24,IND,33.0,981.0,19.1,15.1,3.9,7.4,4.8,2.0
brownbr01,Bruce Brown,2023-24,TOR,34.0,885.0,17.9,14.6,3.3,7.1,5.0,2.5
murraja01,Jamal Murray,2023-24,DEN,59.0,1861.0,33.3,26.3,4.9,6.4,10.2,3.3
barrerj01,RJ Barrett,2023-24,NYK,26.0,766.0,31.2,25.5,8.2,7.3,4.1,3.1
barrerj01,RJ Barrett,2023-24,TOR,32.0,1072.0,31.4,22.2,7.5,9.2,5.9,3.6
niangge01,Georges Niang,2023-24,CLE,82.0,1831.0,20.7,17.1,1.6,7.5,2.6,1.9
grantje01,Jerami Grant,2023-24,POR,54.0,1830.0,30.5,22.9,8.4,5.2,4.1,3.1
hachiru01,Rui Hachimura,2023-24,LAL,68.0,1826.0,24.0,17.6,3.5,7.7,2.1,1.2
pritcpa01,Payton Pritchard,2023-24,BOS,82.0,1825.0,21.3,17.2,1.5,7.2,7.6,1.7
markkla01,Lauri Markkanen,2023-24,UTA,55.0,1820.0,33.9,23.6,7.3,11.9,2.9,2.0
jacksre01,Reggie Jackson,2023-24,DEN,82.0,1817.0,22.7,20.6,2.7,4.2,8.4,2.9
anthoco01,Cole Anthony,2023-24,ORL,81.0,1817.0,25.5,20.8,5.9,8.5,6.4,3.4
gaffoda01,Daniel Gafford,2023-24,WAS,45.0,1192.0,19.2,11.5,4.7,14.2,2.7,1.8
gaffoda01,Daniel Gafford,2023-24,DAL,29.0,623.0,25.0,14.3,4.3,15.5,3.5,2.2
zubaciv01,Ivica Zubac,2023-24,LAC,68.0,1794.0,21.9,14.3,4.6,17.2,2.6,2.2
aytonde01,Deandre Ayton,2023-24,POR,55.0,1784.0,25.5,20.7,2.2,16.9,2.5,2.7
jonesde02,Derrick Jones Jr.,2023-24,DAL,76.0,1783.0,17.7,13.3,3.7,6.7,2.0,1.7
anderky01,Kyle Anderson,2023-24,MIN,79.0,1782.0,14.0,12.0,3.8,7.6,9.2,2.5
durenja01,Jalen Duren,2023-24,DET,61.0,1777.0,22.8,15.3,4.9,19.2,4.0,3.5
bealbr01,Bradley Beal,2023-24,PHO,53.0,1767.0,26.6,20.3,3.7,6.4,7.3,3.6
hendesc01,Scoot Henderson,2023-24,POR,62.0,1765.0,24.3,22.3,5.7,5.4,9.4,5.9
richani01,Nick Richards,2023-24,CHO,67.0,1759.0,18.3,10.5,5.0,15.1,1.5,2.0
olynyke01,Kelly Olynyk,2023-24,UTA,50.0,1019.0,19.2,12.2,4.5,12.0,10.4,3.8
olynyke01,Kelly Olynyk,2023-24,TOR,28.0,740.0,23.2,15.6,5.5,10.2,8.4,4.6
martica02,Caleb Martin,2023-24,MIA,64.0,1756.0,18.2,15.9,2.8,8.0,4.1,2.2
hausesa01,Sam Hauser,2023-24,BOS,79.0,1741.0,20.2,15.8,0.5,7.8,2.3,0.9
horfoal01,Al Horford,2023-24,BOS,65.0,1740.0,16.0,11.9,0.9,11.7,4.8,1.4
camarto01,Toumani Camara,2023-24,POR,70.0,1739.0,15.0,12.4,2.8,9.7,2.5,2.4
toppiob01,Obi Toppin,2023-24,IND,82.0,1730.0,23.0,15.8,2.7,8.7,3.5,1.9
coulibi01,Bilal Coulibaly,2023-24,WAS,63.0,1715.0,14.5,11.8,3.6,7.0,3.0,2.4
anunoog01,OG Anunoby,2023-24,TOR,27.0,900.0,21.9,17.2,2.5,5.7,3.9,2.3
anunoog01,OG Anunoby,2023-24,NYK,23.0,802.0,20.4,16.1,2.7,6.4,2.2,2.4
walkeja01,Jabari Walker,2023-24,POR,72.0,1700.0,18.5,14.8,5.0,14.8,2.1,1.9
nembhan01,Andrew Nembhard,2023-24,IND,68.0,1697.0,17.4,14.5,1.6,3.9,7.8,2.8
wallaca01,Cason Wallace,2023-24,OKC,82.0,1692.0,15.9,12.6,1.1,5.3,3.4,1.3
murphtr02,Trey Murphy III,2023-24,NOP,57.0,1690.0,24.4,18.0,4.4,8.1,3.6,1.0
porzikr01,Kristaps Porziņģis,2023-24,BOS,57.0,1690.0,33.5,22.0,8.8,12.0,3.4,2.6
lowryky01,Kyle Lowry,2023-24,MIA,37.0,1037.0,14.6,11.6,2.0,6.2,7.1,2.5
lowryky01,Kyle Lowry,2023-24,PHI,23.0,653.0,13.9,10.2,2.5,4.9,8.0,2.4
clarkjo01,Jordan Clarkson,2023-24,UTA,55.0,1682.0,27.0,23.4,5.8,5.4,7.9,4.2
huntede01,De'Andre Hunter,2023-24,ATL,57.0,1681.0,25.4,18.9,5.6,6.3,2.5,2.4
connapa01,Pat Connaughton,2023-24,MIL,76.0,1676.0,12.3,9.9,1.7,6.9,4.6,1.4
braunch01,Christian Braun,2023-24,DEN,82.0,1655.0,18.0,14.5,4.0,9.2,4.0,1.6
fontesi01,Simone Fontecchio,2023-24,UTA,50.0,1160.0,18.5,14.9,1.7,7.3,3.0,2.1
fontesi01,Simone Fontecchio,2023-24,DET,16.0,484.0,24.6,18.9,2.6,7.0,2.8,1.7
agbajoc01,Ochai Agbaji,2023-24,UTA,51.0,1003.0,13.2,12.0,1.0,6.1,2.3,1.6
agbajoc01,Ochai Agbaji,2023-24,TOR,27.0,638.0,13.7,13.9,2.7,6.8,2.7,2.3
randlju01,Julius Randle,2023-24,NYK,46.0,1630.0,34.1,25.9,9.3,13.1,7.1,4.9
achiupr01,Precious Achiuwa,2023-24,TOR,25.0,437.0,21.3,18.8,4.6,15.0,4.9,3.2
achiupr01,Precious Achiuwa,2023-24,NYK,49.0,1187.0,15.8,12.7,3.0,14.9,2.3,2.3
aldamsa01,Santi Aldama,2023-24,MEM,61.0,1618.0,19.8,17.2,2.6,10.6,4.2,2.1
johnsca02,Cameron Johnson,2023-24,BRK,58.0,1599.0,24.0,19.2,3.4,7.8,4.3,1.8
branhma01,Malaki Branham,2023-24,SAS,75.0,1594.0,20.5,18.7,1.9,4.4,4.6,2.7
reedpa01,Paul Reed,2023-24,PHI,82.0,1590.0,18.6,14.9,2.6,15.1,3.4,2.1
thompau01,Ausar Thompson,2023-24,DET,63.0,1583.0,16.9,14.6,3.6,12.2,3.6,2.6
simonan01,Anfernee Simons,2023-24,POR,46.0,1582.0,32.4,26.1,5.6,5.2,8.0,3.9
huertke01,Kevin Huerter,2023-24,SAC,64.0,1562.0,20.4,17.4,1.5,7.0,5.2,1.6
mathube01,Bennedict Mathurin,2023-24,IND,59.0,1538.0,26.3,20.3,6.9,7.2,3.7,3.0
mobleev01,Evan Mobley,2023-24,CLE,50.0,1532.0,25.3,17.8,5.5,15.1,5.2,2.9
paulch01,Chris Paul,2023-24,GSW,58.0,1531.0,16.8,14.8,1.6,7.1,12.4,2.4
westbru01,Russell Westbrook,2023-24,LAC,68.0,1529.0,24.3,21.4,5.2,11.1,9.9,4.6
batumni01,Nicolas Batum,2023-24,LAC,3.0,54.0,7.3,7.3,0.0,6.4,4.6,0.9
batumni01,Nicolas Batum,2023-24,PHI,57.0,1475.0,10.4,8.3,0.7,8.0,4.1,1.3
colliza01,Zach Collins,2023-24,SAS,69.0,1526.0,24.1,19.2,5.0,11.5,6.0,4.1
greenjo02,Josh Green,2023-24,DAL,57.0,1505.0,15.0,11.9,1.8,5.9,4.1,1.9
kesslwa01,Walker Kessler,2023-24,UTA,64.0,1493.0,16.7,11.3,3.0,15.5,1.9,2.1
greendr01,Draymond Green,2023-24,GSW,55.0,1490.0,15.4,12.1,2.4,12.9,10.8,4.4
watsope01,Peyton Watson,2023-24,DEN,80.0,1488.0,17.7,14.9,3.5,8.6,2.9,1.9
thybuma01,Matisse Thybulle,2023-24,POR,65.0,1487.0,11.8,10.5,1.0,4.5,3.0,1.3
middlkh01,Khris Middleton,2023-24,MIL,55.0,1487.0,26.8,20.8,3.9,8.3,9.4,4.1
bogdabo02,Bojan Bogdanović,2023-24,DET,28.0,921.0,29.5,22.2,5.4,4.9,3.7,3.3
bogdabo02,Bojan Bogdanović,2023-24,NYK,29.0,557.0,27.4,23.2,4.1,5.3,2.4,3.4
champju02,Julian Champagnie,2023-24,SAS,74.0,1468.0,16.3,13.0,3.0,6.7,3.3,1.8
beverpa01,Patrick Beverley,2023-24,PHI,47.0,919.0,15.7,12.9,3.4,7.8,7.7,2.6
beverpa01,Patrick Beverley,2023-24,MIL,26.0,543.0,13.9,12.2,2.4,8.3,6.0,1.4
coffeam01,Amir Coffey,2023-24,LAC,70.0,1460.0,15.7,11.9,2.4,5.0,2.6,1.1
joeis01,Isaiah Joe,2023-24,OKC,78.0,1445.0,21.2,16.1,1.7,6.0,3.3,1.6
banede01,Desmond Bane,2023-24,MEM,42.0,1443.0,33.8,26.3,5.5,6.3,7.8,3.8
willivi01,Vince Williams Jr.,2023-24,MEM,52.0,1436.0,17.7,12.9,4.4,9.9,6.0,3.1
stewais01,Isaiah Stewart,2023-24,DET,46.0,1423.0,17.0,12.9,2.9,10.3,2.5,2.2
wagnemo01,Moritz Wagner,2023-24,ORL,80.0,1415.0,30.4,19.3,7.1,12.1,3.4,3.4
herroty01,Tyler Herro,2023-24,MIA,42.0,1407.0,31.0,26.1,3.9,7.9,6.7,3.3
cartewe01,Wendell Carter Jr.,2023-24,ORL,55.0,1406.0,21.2,15.0,4.7,13.4,3.3,2.4
okongon01,Onyeka Okongwu,2023-24,ATL,55.0,1405.0,19.2,12.5,4.0,12.8,2.5,1.5
thompam01,Amen Thompson,2023-24,HOU,62.0,1388.0,20.7,15.6,5.4,14.3,5.7,3.1
highsha01,Haywood Highsmith,2023-24,MIA,66.0,1366.0,14.8,12.0,1.3,7.7,2.6,1.2
daniedy01,Dyson Daniels,2023-24,NOP,61.0,1358.0,12.8,11.2,1.9,8.5,5.9,2.1
drumman01,Andre Drummond,2023-24,CHI,79.0,1351.0,24.5,17.7,8.0,26.1,1.4,3.0
sassema01,Marcus Sasser,2023-24,DET,71.0,1351.0,20.9,18.2,2.4,4.5,8.4,3.2
murrakr01,Kris Murray,2023-24,POR,62.0,1348.0,13.8,13.4,2.1,8.2,2.9,2.0
mcbrimi01,Miles McBride,2023-24,NYK,68.0,1328.0,21.3,17.2,1.9,3.8,4.3,1.1
poeltja01,Jakob Poeltl,2023-24,TOR,50.0,1319.0,20.3,13.8,3.9,15.7,4.6,2.8
embiijo01,Joel Embiid,2023-24,PHI,39.0,1309.0,50.9,32.0,17.0,16.2,8.2,5.6
greenje02,Jeff Green,2023-24,HOU,78.0,1307.0,18.9,13.6,5.5,6.6,2.6,1.7
payneca01,Cameron Payne,2023-24,MIL,47.0,702.0,19.9,15.2,3.0,4.2,7.5,2.1
payneca01,Cameron Payne,2023-24,PHI,31.0,602.0,23.5,21.2,1.9,4.5,7.8,2.9
harriga01,Gary Harris,2023-24,ORL,54.0,1297.0,14.2,11.3,1.7,3.5,3.3,1.2
livelde01,Dereck Lively II,2023-24,DAL,55.0,1294.0,17.9,11.0,3.0,14.0,2.2,1.9
mccontj01,T.J. McConnell,2023-24,IND,71.0,1291.0,26.6,21.7,2.3,7.0,14.3,3.9
holidaa01,Aaron Holiday,2023-24,HOU,78.0,1269.0,19.6,15.9,2.4,4.7,5.4,2.0
osmande01,Cedi Osman,2023-24,SAS,72.0,1269.0,18.3,14.4,1.9,6.7,4.5,1.8
dickgr01,Gradey Dick,2023-24,TOR,60.0,1268.0,19.4,16.9,1.9,5.0,2.6,1.9
marshna01,Naji Marshall,2023-24,NOP,66.0,1257.0,18.2,14.3,3.4,9.4,5.0,2.5
dunnkr01,Kris Dunn,2023-24,UTA,66.0,1249.0,13.8,12.1,1.2,7.3,9.8,3.1
haywago01,Gordon Hayward,2023-24,CHO,25.0,798.0,22.4,18.4,5.0,7.2,7.2,3.2
haywago01,Gordon Hayward,2023-24,OKC,26.0,447.0,14.8,11.4,4.2,6.9,4.5,1.6
jacksgg01,GG Jackson II,2023-24,MEM,48.0,1233.0,27.7,22.3,6.1,7.8,2.3,2.6
wiggiaa01,Aaron Wiggins,2023-24,OKC,78.0,1228.0,21.2,14.8,2.8,7.3,3.4,2.2
nancela02,Larry Nance Jr.,2023-24,NOP,61.0,1216.0,14.1,9.7,2.5,12.4,4.6,2.0
reathdu01,Duop Reath,2023-24,POR,68.0,1214.0,25.1,20.3,3.8,10.2,2.7,2.1
burksal01,Alec Burks,2023-24,DET,43.0,901.0,28.8,21.7,7.2,5.9,3.6,1.7
burksal01,Alec Burks,2023-24,NYK,23.0,311.0,24.2,26.4,5.4,6.5,3.2,2.6
looneke01,Kevon Looney,2023-24,GSW,74.0,1195.0,13.5,9.4,3.4,17.0,5.4,2.0
roddyda01,David Roddy,2023-24,MEM,48.0,1114.0,17.7,16.9,2.9,8.8,3.3,2.4
roddyda01,David Roddy,2023-24,PHO,17.0,63.0,17.1,17.8,0.8,8.5,3.1,2.3
micicva01,Vasilije Micić,2023-24,OKC,30.0,361.0,13.2,12.1,2.5,3.2,10.1,3.9
micicva01,Vasilije Micić,2023-24,CHO,30.0,815.0,19.6,16.9,3.4,3.9,11.3,4.2
willipa01,Patrick Williams,2023-24,CHI,43.0,1174.0,18.2,15.2,2.8,7.0,2.8,2.4
konchjo01,John Konchar,2023-24,MEM,55.0,1173.0,9.8,8.7,1.0,10.7,4.6,1.9
eubandr01,Drew Eubanks,2023-24,PHO,75.0,1169.0,15.8,10.6,3.9,13.4,2.6,2.5
inglejo01,Joe Ingles,2023-24,ORL,68.0,1169.0,12.5,9.6,1.4,6.0,8.6,2.8
blackan01,Anthony Black,2023-24,ORL,69.0,1164.0,13.4,10.5,3.4,5.9,3.9,2.4
hawkijo01,Jordan Hawkins,2023-24,NOP,67.0,1160.0,22.1,19.3,3.4,6.3,3.0,1.7
lylestr01,Trey Lyles,2023-24,SAC,58.0,1158.0,17.6,13.5,2.9,10.8,3.0,1.6
moodymo01,Moses Moody,2023-24,GSW,66.0,1156.0,22.3,17.6,3.9,8.2,2.4,1.8
crowdja01,Jae Crowder,2023-24,MIL,50.0,1156.0,13.0,11.2,1.5,6.7,2.7,1.0
jackstr02,Trayce Jackson-Davis,2023-24,GSW,68.0,1130.0,23.1,14.2,5.7,14.6,3.5,2.1
brogdma01,Malcolm Brogdon,2023-24,POR,39.0,1121.0,27.0,21.8,5.1,6.5,9.4,2.6
wadede01,Dean Wade,2023-24,CLE,54.0,1108.0,13.0,10.3,1.2,9.7,1.9,0.9
richajo01,Josh Richardson,2023-24,MIA,43.0,1103.0,19.2,15.7,2.4,5.5,4.7,1.6
mitchda01,Davion Mitchell,2023-24,SAC,72.0,1101.0,16.7,14.2,1.9,4.2,5.9,1.9
saricda01,Dario Šarić,2023-24,GSW,64.0,1098.0,22.7,17.1,4.1,12.5,6.3,3.4
wisemja01,James Wiseman,2023-24,DET,63.0,1091.0,19.7,13.4,4.5,14.8,2.4,2.9
exumda01,Danté Exum,2023-24,DAL,55.0,1088.0,18.9,13.3,3.0,6.6,6.9,2.2
merrisa01,Sam Merrill,2023-24,CLE,61.0,1069.0,22.4,18.2,1.3,5.5,5.0,0.9
smithde03,Dennis Smith Jr.,2023-24,BRK,56.0,1059.0,17.3,15.8,2.7,7.7,9.5,3.2
sharpsh01,Shaedon Sharpe,2023-24,POR,32.0,1059.0,23.8,20.2,5.5,7.5,4.4,3.4
goodwjo01,Jordan Goodwin,2023-24,PHO,40.0,558.0,17.3,16.9,2.5,10.2,6.8,2.5
goodwjo01,Jordan Goodwin,2023-24,MEM,17.0,497.0,16.7,18.6,3.0,13.4,7.6,2.7
baglema01,Marvin Bagley III,2023-24,DET,26.0,478.0,26.7,18.2,6.1,11.9,2.7,2.9
baglema01,Marvin Bagley III,2023-24,WAS,24.0,575.0,25.9,18.5,5.3,15.8,2.3,2.4
craigto01,Torrey Craig,2023-24,CHI,53.0,1049.0,14.4,11.9,1.7,10.3,2.8,1.5
smithja04,Jalen Smith,2023-24,IND,61.0,1047.0,27.1,17.8,4.7,15.2,2.8,2.0
bantoda01,Dalano Banton,2023-24,BOS,24.0,171.0,16.2,14.7,5.8,10.1,5.5,2.9
bantoda01,Dalano Banton,2023-24,POR,30.0,876.0,28.2,25.3,5.6,8.1,6.1,3.8
willizi02,Ziaire Williams,2023-24,MEM,51.0,1038.0,19.8,17.8,3.5,8.5,3.5,3.1
tateja01,Jae'Sean Tate,2023-24,HOU,65.0,1031.0,12.5,10.8,1.8,9.3,3.0,1.7
willike04,Kenrich Williams,2023-24,OKC,69.0,1029.0,15.2,13.1,0.7,9.8,4.3,1.5
alvarjo01,Jose Alvarado,2023-24,NOP,56.0,1028.0,18.9,16.5,2.5,6.1,5.6,1.9
grimequ01,Quentin Grimes,2023-24,NYK,45.0,910.0,18.1,15.8,1.9,4.9,2.9,1.2
grimequ01,Quentin Grimes,2023-24,DET,6.0,115.0,13.4,17.6,4.6,5.0,5.9,2.9
meltode01,De'Anthony Melton,2023-24,PHI,38.0,1023.0,20.3,17.3,3.8,6.8,5.5,1.9
theisda01,Daniel Theis,2023-24,IND,1.0,8.0,11.8,23.6,0.0,0.0,0.0,0.0
theisda01,Daniel Theis,2023-24,LAC,59.0,1007.0,18.3,14.2,2.5,12.0,3.0,2.1
walkelo01,Lonnie Walker IV,2023-24,BRK,58.0,1011.0,27.7,24.1,2.9,6.2,3.6,2.5
hortota01,Talen Horton-Tucker,2023-24,UTA,51.0,1009.0,24.7,22.2,5.2,5.8,8.5,3.1
hayeski01,Killian Hayes,2023-24,DET,42.0,1008.0,13.8,13.5,2.4,5.7,9.8,2.4
carteje01,Jevon Carter,2023-24,CHI,72.0,1004.0,17.7,18.1,0.3,3.0,4.7,1.8
kennalu01,Luke Kennard,2023-24,MEM,39.0,999.0,21.0,15.4,2.2,5.5,6.7,2.6
mathega01,Garrison Mathews,2023-24,ATL,66.0,992.0,15.7,10.9,2.0,4.4,1.8,0.9
hardyja02,Jaden Hardy,2023-24,DAL,73.0,989.0,25.7,23.2,3.7,6.4,5.3,3.0
manntr01,Tre Mann,2023-24,OKC,13.0,119.0,19.8,16.2,0.4,9.7,8.1,3.6
manntr01,Tre Mann,2023-24,CHO,28.0,868.0,18.9,15.7,3.3,7.1,8.2,3.2
reddica01,Cam Reddish,2023-24,LAL,48.0,984.0,12.6,11.3,2.6,4.8,2.3,1.5
kornelu01,Luke Kornet,2023-24,BOS,63.0,983.0,16.8,10.2,2.7,13.1,3.4,1.1
elliske01,Keon Ellis,2023-24,SAC,57.0,978.0,15.4,11.5,1.7,6.2,4.2,1.8
tillmxa01,Xavier Tillman Sr.,2023-24,MEM,34.0,700.0,14.2,14.9,3.0,11.0,4.0,2.0
tillmxa01,Xavier Tillman Sr.,2023-24,BOS,20.0,274.0,14.4,11.9,1.3,9.7,3.6,0.9
okogijo01,Josh Okogie,2023-24,PHO,60.0,960.0,14.1,10.5,5.2,7.8,3.3,1.8
bitadgo01,Goga Bitadze,2023-24,ORL,62.0,957.0,16.1,10.8,4.5,14.8,4.1,2.3
chrisma02,Max Christie,2023-24,LAL,67.0,944.0,14.3,12.1,2.3,7.2,3.0,1.8
loveke01,Kevin Love,2023-24,MIA,55.0,924.0,26.2,19.4,5.8,18.2,6.2,2.6
sharpda01,Day'Ron Sharpe,2023-24,BRK,61.0,921.0,22.3,15.8,6.6,20.9,4.6,3.8
isaacjo01,Jonathan Isaac,2023-24,ORL,58.0,914.0,21.3,15.5,4.4,14.1,1.6,1.5
fultzma01,Markelle Fultz,2023-24,ORL,43.0,910.0,18.2,17.7,1.8,7.5,6.5,2.7
mcderdo01,Doug McDermott,2023-24,SAS,46.0,700.0,18.7,14.6,1.2,3.3,3.9,1.6
mcderdo01,Doug McDermott,2023-24,IND,18.0,204.0,17.3,16.0,0.5,2.5,3.0,0.9
willija07,Jaylin Williams,2023-24,OKC,69.0,897.0,14.8,12.2,2.2,12.5,5.9,1.8
jovicni01,Nikola Jović,2023-24,MIA,46.0,896.0,19.6,15.6,2.6,10.7,5.0,2.3
mcgowbr01,Bryce McGowens,2023-24,CHO,59.0,882.0,16.9,12.9,4.8,5.7,2.9,1.7
whitmca01,Cam Whitmore,2023-24,HOU,47.0,880.0,31.9,25.7,6.2,9.9,1.8,2.5
hayesja02,Jaxson Hayes,2023-24,LAL,70.0,877.0,16.4,9.5,4.4,11.4,1.8,2.3
weslebl01,Blake Wesley,2023-24,SAS,61.0,876.0,14.5,11.7,4.2,5.1,9.0,3.0
flynnma01,Malachi Flynn,2023-24,TOR,31.0,474.0,16.0,14.0,2.2,6.6,7.4,3.4
flynnma01,Malachi Flynn,2023-24,NYK,14.0,60.0,26.1,19.3,9.2,5.0,5.0,2.5
flynnma01,Malachi Flynn,2023-24,DET,24.0,342.0,27.0,23.2,5.3,6.0,7.2,3.8
woodch01,Christian Wood,2023-24,LAL,50.0,872.0,18.9,14.4,5.1,13.9,2.7,2.7
lavinza01,Zach LaVine,2023-24,CHI,25.0,872.0,27.8,21.5,5.9,7.4,5.6,3.0
klebima01,Maxi Kleber,2023-24,DAL,43.0,871.0,10.5,8.0,2.6,7.9,3.7,1.5
holidju01,Justin Holiday,2023-24,DEN,58.0,862.0,13.5,11.2,0.2,4.1,3.9,0.8
metuch01,Chimezie Metu,2023-24,PHO,37.0,448.0,20.2,14.2,4.7,12.0,2.1,2.9
metuch01,Chimezie Metu,2023-24,DET,14.0,411.0,17.2,13.3,2.5,9.8,3.2,2.9
watfotr01,Trendon Watford,2023-24,BRK,63.0,856.0,25.0,18.0,5.6,11.2,4.7,3.6
hendrta01,Taylor Hendricks,2023-24,UTA,40.0,856.0,16.5,13.5,1.6,10.4,1.8,1.5
poweldw01,Dwight Powell,2023-24,DAL,63.0,836.0,11.9,6.1,5.1,12.3,4.8,1.8
browntr01,Troy Brown Jr.,2023-24,MIN,37.0,410.0,18.6,14.2,2.7,8.7,4.2,2.2
browntr01,Troy Brown Jr.,2023-24,DET,22.0,417.0,10.7,12.5,1.7,8.3,2.9,1.4
morrima03,Marcus Morris,2023-24,PHI,37.0,637.0,19.1,15.8,2.8,8.4,2.0,1.5
morrima03,Marcus Morris,2023-24,CLE,12.0,180.0,18.9,16.2,2.2,6.9,2.7,3.0
houstca01,Caleb Houstan,2023-24,ORL,59.0,815.0,15.4,12.5,1.6,5.1,1.8,1.0
sheppbe01,Ben Sheppard,2023-24,IND,57.0,814.0,14.6,13.3,1.5,5.2,3.1,0.9
laravja01,Jake LaRavia,2023-24,MEM,35.0,806.0,23.0,18.4,6.6,7.8,3.5,2.7
biyombi01,Bismack Biyombo,2023-24,MEM,30.0,718.0,10.6,8.1,3.1,13.0,3.5,2.6
biyombi01,Bismack Biyombo,2023-24,OKC,10.0,73.0,11.9,7.9,5.3,11.9,1.3,2.6
thorjt01,JT Thor,2023-24,CHO,63.0,781.0,12.6,11.6,1.3,9.2,1.8,0.9
jacksis01,Isaiah Jackson,2023-24,IND,59.0,771.0,23.4,14.3,6.2,14.6,3.1,2.4
robinmi01,Mitchell Robinson,2023-24,NYK,31.0,768.0,11.4,8.3,4.3,17.3,1.2,1.6
landajo01,Jock Landale,2023-24,HOU,56.0,763.0,17.4,13.1,4.1,10.9,4.1,2.0
martico01,Cody Martin,2023-24,CHO,28.0,753.0,13.8,14.1,2.2,7.1,6.8,2.9
martike04,KJ Martin,2023-24,LAC,2.0,31.0,15.9,15.9,3.2,4.8,1.6,3.2
martike04,KJ Martin,2023-24,PHI,58.0,715.0,14.7,11.8,2.7,8.8,3.4,2.1
wrighde01,Delon Wright,2023-24,WAS,33.0,456.0,13.7,12.5,3.0,6.1,8.4,1.1
wrighde01,Delon Wright,2023-24,MIA,14.0,286.0,13.3,11.5,2.8,4.7,6.5,0.5
smithis01,Ish Smith,2023-24,CHO,43.0,741.0,9.3,10.5,0.3,5.1,9.7,3.1
bambamo01,Mo Bamba,2023-24,PHI,57.0,740.0,16.8,13.2,3.3,15.8,2.7,2.6
smithni01,Nick Smith Jr.,2023-24,CHO,51.0,729.0,20.4,19.6,1.0,4.9,4.0,2.6
shamela01,Landry Shamet,2023-24,WAS,46.0,726.0,21.1,17.6,3.0,4.0,3.5,1.9
duartch01,Chris Duarte,2023-24,SAC,59.0,719.0,15.5,14.2,2.2,7.2,3.0,1.8
nworajo01,Jordan Nwora,2023-24,IND,18.0,183.0,24.2,21.1,2.8,8.5,4.6,3.1
nworajo01,Jordan Nwora,2023-24,TOR,34.0,529.0,24.6,19.8,3.8,10.6,4.0,3.7
ballla01,LaMelo Ball,2023-24,CHO,22.0,711.0,36.5,29.4,7.2,7.8,12.2,5.8
bouchch01,Chris Boucher,2023-24,TOR,50.0,705.0,22.1,14.9,6.3,14.2,1.6,1.9
gilyaja01,Jacob Gilyard,2023-24,MEM,37.0,654.0,12.9,10.8,0.1,3.2,9.8,2.2
gilyaja01,Jacob Gilyard,2023-24,BRK,4.0,45.0,0.0,6.6,0.0,3.3,6.6,1.1
fernabr01,Bruno Fernando,2023-24,ATL,45.0,682.0,19.8,13.2,6.8,13.6,3.2,3.1
terryda01,Dalen Terry,2023-24,CHI,59.0,681.0,13.2,11.5,3.1,8.3,5.9,2.3
paytoga02,Gary Payton II,2023-24,GSW,44.0,680.0,17.1,13.0,1.6,8.0,3.4,1.9
plumlma01,Mason Plumlee,2023-24,LAC,46.0,674.0,17.9,11.2,7.3,17.1,4.0,2.6
bertada01,Dāvis Bertāns,2023-24,OKC,15.0,91.0,23.2,13.7,7.9,5.3,4.8,0.5
bertada01,Dāvis Bertāns,2023-24,CHO,28.0,583.0,20.8,17.6,1.5,4.3,2.2,1.4
bateske01,Keita Bates-Diop,2023-24,PHO,39.0,597.0,14.2,12.3,2.9,8.3,2.8,1.1
bateske01,Keita Bates-Diop,2023-24,BRK,14.0,68.0,16.8,11.7,4.4,6.6,2.9,1.5
wilsoja03,Jalen Wilson,2023-24,BRK,43.0,664.0,16.0,13.4,3.4,9.8,3.4,1.4
portecr01,Craig Porter Jr.,2023-24,CLE,51.0,649.0,21.7,17.4,4.3,8.3,9.0,3.4
ruperra01,Rayan Rupert,2023-24,POR,39.0,633.0,12.1,12.6,2.0,7.2,4.8,2.4
brissos01,Oshae Brissett,2023-24,BOS,55.0,630.0,15.8,12.0,6.5,12.5,3.5,1.6
gallida01,Danilo Gallinari,2023-24,WAS,26.0,385.0,22.0,15.9,6.8,9.2,3.8,1.5
gallida01,Danilo Gallinari,2023-24,DET,6.0,90.0,27.8,11.8,12.8,7.5,6.4,0.5
gallida01,Danilo Gallinari,2023-24,MIL,17.0,155.0,14.6,11.5,5.6,5.6,3.7,3.1
mclaujo01,Jordan McLaughlin,2023-24,MIN,56.0,626.0,15.4,11.4,1.4,5.7,8.7,1.5
curryse01,Seth Curry,2023-24,DAL,36.0,457.0,16.2,15.2,2.0,5.5,3.1,1.7
curryse01,Seth Curry,2023-24,CHO,8.0,159.0,22.3,18.3,3.7,5.0,4.3,1.6
greenaj01,A.J. Green,2023-24,MIL,56.0,614.0,19.7,15.3,1.5,5.0,2.3,0.9
davisjo06,Johnny Davis,2023-24,WAS,50.0,613.0,11.6,11.7,1.8,5.5,2.4,1.0
beaucma01,MarJon Beauchamp,2023-24,MIL,48.0,608.0,16.7,13.1,2.2,7.8,2.5,2.1
smartma01,Marcus Smart,2023-24,MEM,20.0,605.0,23.4,19.1,4.5,4.3,6.9,5.0
muscami01,Mike Muscala,2023-24,WAS,24.0,338.0,13.1,12.5,2.8,10.4,3.0,2.2
muscami01,Mike Muscala,2023-24,DET,13.0,171.0,12.7,12.4,1.1,8.2,2.8,0.6
muscami01,Mike Muscala,2023-24,OKC,16.0,91.0,9.0,11.6,0.5,11.1,2.1,2.1
simsje01,Jericho Sims,2023-24,NYK,45.0,585.0,7.9,4.7,2.1,12.7,2.2,1.4
sensabr01,Brice Sensabaugh,2023-24,UTA,32.0,584.0,19.9,18.0,3.4,8.4,4.5,3.9
vandeja01,Jarred Vanderbilt,2023-24,LAL,29.0,581.0,12.3,9.3,2.9,11.3,2.9,2.3
miltosh01,Shake Milton,2023-24,MIN,38.0,491.0,17.9,16.1,4.4,5.1,5.0,2.8
miltosh01,Shake Milton,2023-24,DET,4.0,63.0,20.6,19.9,2.3,13.7,4.6,2.3
miltosh01,Shake Milton,2023-24,NYK,6.0,27.0,20.5,16.8,3.7,11.2,7.5,0.0
fournev01,Evan Fournier,2023-24,NYK,3.0,39.0,15.5,25.9,2.6,5.2,3.9,1.3
fournev01,Evan Fournier,2023-24,DET,29.0,541.0,18.5,17.9,3.0,4.8,4.0,1.8
nnajize01,Zeke Nnaji,2023-24,DEN,58.0,576.0,16.0,12.8,5.3,10.8,2.8,2.3
jemistr01,Trey Jemison,2023-24,WAS,2.0,1.0,0.0,0.0,0.0,46.8,0.0,46.8
jemistr01,Trey Jemison,2023-24,MEM,23.0,572.0,14.6,11.6,2.1,11.4,2.3,2.8
jacksan01,Andre Jackson Jr.,2023-24,MIL,57.0,572.0,10.5,8.4,0.9,9.5,4.2,2.4
butleja02,Jared Butler,2023-24,WAS,40.0,566.0,20.7,16.6,3.0,4.8,10.4,4.1
knoxke01,Kevin Knox,2023-24,DET,31.0,560.0,19.2,16.0,1.9,6.4,2.0,1.9
stevela01,Lamar Stevens,2023-24,BOS,19.0,122.0,21.5,18.2,4.5,12.6,3.2,3.6
stevela01,Lamar Stevens,2023-24,MEM,19.0,437.0,24.5,21.8,4.8,10.7,2.2,1.7
holmeri01,Richaun Holmes,2023-24,DAL,23.0,237.0,15.8,11.9,4.3,15.8,3.0,2.4
holmeri01,Richaun Holmes,2023-24,WAS,17.0,318.0,17.8,12.9,3.8,15.3,1.5,1.8
thomptr01,Tristan Thompson,2023-24,CLE,49.0,549.0,14.5,10.8,4.7,15.7,4.6,2.6
strawju01,Julian Strawther,2023-24,DEN,50.0,545.0,20.6,20.2,2.8,5.5,4.3,2.1
yurtsom01,Omer Yurtseven,2023-24,UTA,48.0,545.0,19.7,16.3,2.5,18.4,2.6,3.3
krejcvi01,Vít Krejčí,2023-24,ATL,22.0,541.0,12.0,9.2,0.5,4.6,4.4,1.8
hylanbo01,Bones Hyland,2023-24,LAC,37.0,540.0,23.4,22.9,2.1,5.0,8.5,4.0
mcdanja01,Jalen McDaniels,2023-24,TOR,50.0,538.0,15.2,17.0,3.3,7.1,3.3,2.7
pippesc02,Scotty Pippen Jr.,2023-24,MEM,21.0,527.0,25.1,18.8,5.1,6.2,9.1,5.2
vezenal01,Sasha Vezenkov,2023-24,SAC,42.0,511.0,21.4,18.2,1.4,9.1,1.8,1.1
houseda01,Danuel House Jr.,2023-24,PHI,34.0,509.0,13.9,10.2,4.4,5.6,2.7,1.8
willima07,Mark Williams,2023-24,CHO,19.0,508.0,23.5,14.7,6.2,17.9,2.1,1.7
sprinja01,Jaden Springer,2023-24,PHI,32.0,377.0,16.7,15.4,4.4,7.6,4.6,3.4
sprinja01,Jaden Springer,2023-24,BOS,17.0,130.0,13.3,11.4,3.0,7.6,3.4,3.0
baldwpa01,Patrick Baldwin Jr.,2023-24,WAS,38.0,493.0,15.9,14.7,2.7,11.7,2.8,1.8
covinro01,Robert Covington,2023-24,LAC,3.0,69.0,6.4,6.4,1.4,5.7,5.0,0.0
covinro01,Robert Covington,2023-24,PHI,26.0,419.0,13.9,10.5,2.8,10.5,2.0,1.3
tuckepj01,P.J. Tucker,2023-24,PHI,3.0,66.0,4.5,3.7,0.0,10.4,0.0,1.5
tuckepj01,P.J. Tucker,2023-24,LAC,28.0,420.0,5.4,5.3,0.4,8.3,1.9,0.7
easonta01,Tari Eason,2023-24,HOU,22.0,480.0,21.7,19.1,3.3,15.5,2.7,2.0
morrimo01,Monte Morris,2023-24,DET,6.0,68.0,19.1,23.3,1.4,8.5,5.7,1.4
morrimo01,Monte Morris,2023-24,MIN,27.0,408.0,16.6,14.5,2.1,5.5,7.4,0.6
bolbo01,Bol Bol,2023-24,PHO,43.0,469.0,23.2,15.7,2.0,14.3,1.8,2.0
liveris01,Isaiah Livers,2023-24,DET,23.0,469.0,11.7,11.9,1.8,4.9,2.6,1.6
gillan01,Anthony Gill,2023-24,WAS,50.0,466.0,19.0,16.1,3.6,9.4,3.4,2.3
watanyu01,Yuta Watanabe,2023-24,PHO,29.0,382.0,13.3,12.4,1.9,5.8,1.3,2.0
watanyu01,Yuta Watanabe,2023-24,MEM,5.0,82.0,7.7,11.3,1.2,5.4,3.0,1.8
littlna01,Nassir Little,2023-24,PHO,45.0,458.0,16.2,13.2,2.1,8.0,2.2,1.5
mamuksa01,Sandro Mamukelashvili,2023-24,SAS,46.0,451.0,20.0,16.3,3.6,15.5,5.2,2.0
lenal01,Alex Len,2023-24,SAC,48.0,444.0,13.1,8.9,3.7,14.0,5.5,3.0
bryanth01,Thomas Bryant,2023-24,MIA,38.0,441.0,24.5,16.9,5.3,16.0,2.6,2.4
youngth01,Thaddeus Young,2023-24,TOR,23.0,350.0,15.7,12.0,1.7,10.3,6.9,1.5
youngth01,Thaddeus Young,2023-24,PHO,10.0,89.0,12.6,11.5,1.6,15.4,3.8,2.2
mayssk01,Skylar Mays,2023-24,POR,21.0,356.0,18.4,19.1,2.4,5.1,10.4,2.5
mayssk01,Skylar Mays,2023-24,LAL,17.0,77.0,13.6,13.0,0.0,3.7,6.2,1.2
okekech01,Chuma Okeke,2023-24,ORL,47.0,432.0,12.3,12.8,0.8,9.2,2.3,1.8
barlodo01,Dominick Barlow,2023-24,SAS,33.0,420.0,16.3,12.8,4.7,12.8,4.1,1.0
bullore01,Reggie Bullock,2023-24,HOU,44.0,417.0,11.2,9.5,0.1,8.5,1.7,1.2
millspa02,Patty Mills,2023-24,ATL,19.0,202.0,12.1,12.1,0.0,4.7,3.3,1.9
millspa02,Patty Mills,2023-24,MIA,13.0,213.0,17.8,18.7,2.6,3.5,4.7,1.9
forretr01,Trent Forrest,2023-24,ATL,38.0,414.0,9.6,10.4,2.0,5.9,10.7,2.3
mykhasv01,Svi Mykhailiuk,2023-24,BOS,41.0,413.0,19.4,16.4,1.1,6.1,4.2,1.4
matthwe02,Wesley Matthews,2023-24,ATL,36.0,413.0,12.8,11.3,2.8,6.2,2.7,0.9
pokusal01,Aleksej Pokusevski,2023-24,OKC,10.0,60.0,9.6,12.8,3.2,8.0,4.0,2.4
pokusal01,Aleksej Pokusevski,2023-24,CHO,18.0,345.0,19.2,15.0,5.3,11.3,4.3,2.3
samanlu01,Luka Šamanić,2023-24,UTA,43.0,404.0,21.1,18.9,6.7,12.2,2.3,3.3
freemja01,Javon Freeman-Liberty,2023-24,TOR,22.0,403.0,18.3,14.9,4.3,8.4,4.8,3.0
rosede01,Derrick Rose,2023-24,MEM,24.0,399.0,23.4,20.2,3.3,5.5,9.6,3.8
jordade01,DeAndre Jordan,2023-24,DEN,36.0,396.0,17.8,11.6,6.6,19.7,3.3,2.9
brownko01,Kobe Brown,2023-24,LAC,44.0,394.0,11.2,11.3,0.3,7.8,3.1,1.1
quinole01,Lester Quiñones,2023-24,GSW,37.0,394.0,20.1,17.3,3.6,8.8,4.4,2.1
omorueu01,Eugene Omoruyi,2023-24,WAS,43.0,393.0,24.6,19.9,5.8,10.1,4.2,2.5
ryanma01,Matt Ryan,2023-24,NOP,28.0,390.0,19.1,14.2,1.8,5.0,2.3,2.4
minayju01,Justin Minaya,2023-24,POR,34.0,381.0,7.9,9.6,1.2,7.3,2.7,1.2
juzanjo01,Johnny Juzang,2023-24,UTA,20.0,372.0,18.7,14.3,1.8,4.7,3.0,1.7
clownno01,Noah Clowney,2023-24,BRK,23.0,370.0,17.8,12.4,4.0,10.8,2.4,2.0
evbuoto01,Tosan Evbuomwan,2023-24,MEM,4.0,74.0,6.6,9.9,0.0,9.2,4.0,0.7
evbuoto01,Tosan Evbuomwan,2023-24,DET,13.0,293.0,14.9,9.2,4.1,7.6,1.6,1.3
diengou01,Ousmane Dieng,2023-24,OKC,33.0,365.0,17.5,15.3,2.1,6.7,4.9,2.5
portejo01,Jontay Porter,2023-24,TOR,26.0,360.0,15.4,14.0,2.4,11.0,8.0,2.8
simmobe01,Ben Simmons,2023-24,BRK,15.0,359.0,12.7,10.2,2.1,16.4,11.9,3.7
bostobr01,Brandon Boston Jr.,2023-24,LAC,32.0,345.0,23.9,23.0,4.7,7.4,1.9,3.4
walkeja02,Jarace Walker,2023-24,IND,33.0,340.0,16.7,15.3,1.2,8.7,5.6,2.4
mcgeeja01,JaVale McGee,2023-24,SAC,46.0,339.0,26.5,18.9,6.4,18.1,2.4,4.9
prospol01,Olivier-Maxence Prosper,2023-24,DAL,40.0,336.0,17.3,14.8,5.9,11.3,3.1,1.1
robinje02,Jeremiah Robinson-Earl,2023-24,NOP,39.0,334.0,16.9,13.9,2.3,11.2,3.1,2.3
quetane01,Neemias Queta,2023-24,BOS,28.0,333.0,22.8,15.4,4.2,18.1,3.0,1.9
phillju01,Julian Phillips,2023-24,CHI,40.0,323.0,13.7,11.9,2.9,5.6,2.0,1.5
zelleco01,Cody Zeller,2023-24,NOP,43.0,320.0,11.6,9.5,5.8,17.2,6.0,2.5
moranja01,Ja Morant,2023-24,MEM,9.0,318.0,34.7,26.1,9.8,7.7,11.2,4.2
haganas01,Ashton Hagans,2023-24,POR,19.0,316.0,12.5,11.1,2.7,7.0,8.4,4.7
grahade01,Devonte' Graham,2023-24,SAS,23.0,313.0,17.3,16.4,2.4,5.5,7.4,2.6
lawsoaj01,A.J. Lawson,2023-24,DAL,42.0,311.0,21.0,18.7,3.5,7.7,3.1,2.2
mensana01,Nathan Mensah,2023-24,CHO,25.0,307.0,5.3,4.5,1.9,10.4,1.4,2.3
umudest01,Stanley Umude,2023-24,DET,24.0,307.0,19.9,13.2,5.0,8.0,1.7,2.2
robinor01,Orlando Robinson,2023-24,MIA,36.0,304.0,16.2,11.8,4.1,13.8,5.6,3.0
korkmfu01,Furkan Korkmaz,2023-24,PHI,35.0,300.0,14.4,12.5,3.3,4.9,4.1,1.6
josepco01,Cory Joseph,2023-24,GSW,26.0,296.0,10.3,10.5,1.1,4.9,6.9,2.0
councri01,Ricky Council IV,2023-24,PHI,32.0,289.0,29.5,19.1,12.1,7.8,2.7,0.9
templga01,Garrett Temple,2023-24,TOR,27.0,289.0,14.7,13.0,3.7,7.5,4.7,2.3
blackle01,Leaky Black,2023-24,CHO,26.0,284.0,12.0,9.0,2.6,8.3,4.2,1.0
waterli01,Lindy Waters III,2023-24,OKC,38.0,280.0,23.5,17.9,0.3,6.9,4.1,1.2
edwarke02,Kessler Edwards,2023-24,SAC,54.0,275.0,16.4,14.5,1.6,7.4,2.6,0.7
jonesda03,Damian Jones,2023-24,CLE,39.0,270.0,19.6,13.2,3.8,11.3,2.7,2.4
bitimon01,Onuralp Bitim,2023-24,CHI,23.0,268.0,14.9,15.6,0.9,6.0,2.4,1.9
lewiski01,Kira Lewis Jr.,2023-24,NOP,15.0,144.0,15.0,17.7,3.7,4.8,6.1,2.7
lewiski01,Kira Lewis Jr.,2023-24,TOR,1.0,2.0,0.0,0.0,0.0,0.0,0.0,0.0
lewiski01,Kira Lewis Jr.,2023-24,UTA,12.0,119.0,18.2,16.2,3.6,4.9,7.7,2.4
cainja01,Jamal Cain,2023-24,MIA,26.0,259.0,18.7,15.2,4.4,7.1,1.9,1.5
rhodeja01,Jared Rhoden,2023-24,DET,17.0,245.0,16.3,13.0,1.6,6.5,2.7,1.4
champju01,Justin Champagnie,2023-24,WAS,15.0,235.0,17.7,15.5,3.0,10.5,3.8,2.0
greenja02,Javonte Green,2023-24,CHI,9.0,230.0,23.8,16.3,2.8,14.5,1.1,1.5
badjiib01,Ibou Badji,2023-24,POR,22.0,226.0,7.4,4.8,2.6,11.1,2.8,3.3
gilleco01,Collin Gillespie,2023-24,DEN,24.0,225.0,19.2,15.2,2.6,4.6,5.9,3.1
vincega01,Gabe Vincent,2023-24,LAL,11.0,218.0,7.4,10.7,0.4,2.0,4.6,1.1
morrima02,Markieff Morris,2023-24,DAL,26.0,216.0,14.7,15.1,1.3,8.7,3.6,2.7
nowelja01,Jaylen Nowell,2023-24,MEM,9.0,156.0,16.0,17.2,0.9,4.4,5.0,1.6
nowelja01,Jaylen Nowell,2023-24,DET,4.0,58.0,24.9,19.1,5.0,8.3,2.5,1.7
maledth01,Théo Maledon,2023-24,CHO,13.0,200.0,13.3,16.3,3.0,5.7,6.9,3.7
maledth01,Théo Maledon,2023-24,PHO,4.0,13.0,18.8,15.0,11.3,3.8,0.0,11.3
bassech01,Charles Bassey,2023-24,SAS,19.0,205.0,14.6,9.3,1.4,17.6,4.9,3.5
gibsota01,Taj Gibson,2023-24,NYK,16.0,165.0,4.9,7.0,0.6,8.6,2.8,1.5
gibsota01,Taj Gibson,2023-24,DET,4.0,39.0,22.2,17.3,0.0,11.1,2.5,0.0
brownmo01,Moses Brown,2023-24,POR,22.0,200.0,18.5,16.0,7.7,21.2,1.7,2.7
loftoke01,Kenneth Lofton Jr.,2023-24,MEM,15.0,99.0,19.3,18.3,7.4,7.4,6.9,3.0
loftoke01,Kenneth Lofton Jr.,2023-24,PHI,2.0,9.0,10.9,32.8,0.0,16.4,0.0,10.9
loftoke01,Kenneth Lofton Jr.,2023-24,UTA,4.0,91.0,29.2,18.6,5.8,10.6,10.1,3.2
bufkiko01,Kobe Bufkin,2023-24,ATL,17.0,196.0,19.8,22.5,2.0,8.1,6.6,2.4
jonesco02,Colby Jones,2023-24,SAC,30.0,192.0,16.2,18.0,2.8,10.1,5.1,2.5
santogu01,Gui Santos,2023-24,GSW,23.0,192.0,20.7,13.9,4.3,12.3,3.5,1.8
taylote01,Terry Taylor,2023-24,CHI,31.0,188.0,12.2,10.3,1.3,9.8,2.7,1.9
pottemi01,Micah Potter,2023-24,UTA,16.0,186.0,13.7,10.4,2.1,11.2,1.6,1.3
leesa01,Saben Lee,2023-24,PHO,24.0,185.0,18.7,14.5,10.3,8.2,7.9,2.1
porteot01,Otto Porter Jr.,2023-24,TOR,15.0,174.0,10.8,9.2,0.8,8.0,2.2,0.6
griffaj01,AJ Griffin,2023-24,ATL,20.0,171.0,13.5,17.4,0.6,5.0,1.4,2.2
harrijo01,Joe Harris,2023-24,DET,16.0,170.0,11.0,11.0,0.6,3.7,2.8,1.1
queentr01,Trevelin Queen,2023-24,ORL,14.0,165.0,12.0,11.4,3.6,6.0,5.4,2.1
simpsza01,Zavier Simpson,2023-24,MEM,7.0,161.0,12.8,16.4,1.2,6.1,7.6,3.0
antetth01,Thanasis Antetokounmpo,2023-24,MIL,34.0,155.0,9.9,9.3,0.6,4.0,5.3,4.3
vukcetr01,Tristan Vukcevic,2023-24,WAS,10.0,153.0,26.0,20.5,6.7,11.0,4.0,3.1
bazleda01,Darius Bazley,2023-24,PHI,3.0,10.0,0.0,4.9,0.0,4.9,9.8,4.9
bazleda01,Darius Bazley,2023-24,UTA,6.0,142.0,16.3,9.9,4.1,9.2,1.7,2.4
jarrede01,DeJon Jarreau,2023-24,MEM,9.0,150.0,14.0,16.3,3.6,14.3,8.5,2.9
bernaju01,Jules Bernard,2023-24,WAS,19.0,149.0,23.2,20.1,2.8,8.2,5.0,2.5
dowtije01,Jeff Dowtin Jr.,2023-24,PHI,12.0,142.0,18.0,12.5,1.4,6.9,9.4,1.7
cissosi01,Sidy Cissoko,2023-24,SAS,12.0,141.0,15.2,11.1,5.1,7.4,3.4,1.0
clarkbr01,Brandon Clarke,2023-24,MEM,6.0,134.0,24.8,21.5,2.6,11.7,3.3,1.1
batesem01,Emoni Bates,2023-24,CLE,15.0,133.0,15.2,18.2,1.5,5.2,3.7,3.0
smithdr01,Dru Smith,2023-24,MIA,9.0,131.0,14.9,12.6,0.8,5.3,5.3,1.9
willije02,Nate Williams,2023-24,HOU,22.0,129.0,23.7,18.8,4.9,8.6,2.6,1.5
warretj01,T.J. Warren,2023-24,MIN,11.0,125.0,16.2,16.2,1.6,8.7,3.6,1.6
allenti01,Timmy Allen,2023-24,MEM,5.0,125.0,5.1,9.0,0.8,6.6,2.0,0.8
pickeja02,Jalen Pickett,2023-24,DEN,27.0,122.0,17.1,14.2,1.6,5.7,8.5,3.7
garzalu01,Luka Garza,2023-24,MIN,25.0,122.0,40.1,30.4,10.1,12.6,1.6,2.4
pereima01,Mãozinha Pereira,2023-24,MEM,7.0,122.0,19.2,14.0,4.0,14.8,0.8,2.0
ramseja01,Jahmi'us Ramsey,2023-24,TOR,7.0,121.0,18.8,16.4,2.4,8.8,3.2,2.8
boldema01,Marques Bolden,2023-24,MIL,2.0,3.0,0.0,0.0,0.0,32.0,0.0,0.0
boldema01,Marques Bolden,2023-24,CHO,9.0,118.0,15.5,10.5,1.7,13.4,1.7,1.3
gueyemo01,Mouhamadou Gueye,2023-24,TOR,11.0,120.0,10.5,15.3,3.6,9.3,2.0,4.8
moonxa01,Xavier Moon,2023-24,LAC,14.0,119.0,13.7,19.1,0.8,7.5,8.7,2.1
williro04,Robert Williams,2023-24,POR,6.0,119.0,17.0,10.8,3.7,15.8,2.1,2.9
willibr03,Brandon Williams,2023-24,DAL,17.0,113.0,22.9,22.9,7.2,5.5,7.2,3.0
azubuud01,Udoka Azubuike,2023-24,PHO,16.0,113.0,15.1,9.9,5.6,13.8,1.3,1.7
hurtma01,Matthew Hurt,2023-24,MEM,8.0,113.0,13.8,14.7,1.3,6.9,1.7,0.9
hoodsja01,Jalen Hood-Schifino,2023-24,LAL,21.0,109.0,14.8,19.6,8.7,5.7,3.5,3.9
windldy01,Dylan Windler,2023-24,NYK,3.0,7.0,21.6,14.4,0.0,7.2,7.2,0.0
windldy01,Dylan Windler,2023-24,LAL,8.0,28.0,20.4,15.3,0.0,5.1,10.2,0.0
windldy01,Dylan Windler,2023-24,ATL,6.0,73.0,18.4,12.5,0.0,7.9,2.0,1.3
willima11,Malik Williams,2023-24,TOR,7.0,107.0,8.6,15.3,0.9,17.1,0.9,1.4
brookar01,Armoni Brooks,2023-24,BRK,10.0,104.0,20.0,21.9,1.0,8.6,2.4,1.4
lewisma05,Maxwell Lewis,2023-24,LAL,34.0,103.0,5.1,9.7,1.4,1.8,2.8,4.6
gilesha01,Harry Giles,2023-24,BRK,16.0,81.0,33.0,26.9,7.9,15.9,3.7,3.7
gilesha01,Harry Giles,2023-24,LAL,7.0,19.0,5.0,15.0,0.0,10.0,0.0,0.0
sarrol01,Olivier Sarr,2023-24,OKC,15.0,98.0,16.7,9.3,7.4,17.7,1.0,1.5
bouyeja01,Jamaree Bouyea,2023-24,POR,6.0,57.0,8.7,18.2,0.0,8.7,6.9,6.9
bouyeja01,Jamaree Bouyea,2023-24,SAS,3.0,38.0,13.7,8.7,0.0,11.2,3.7,1.2
minotjo01,Josh Minott,2023-24,MIN,32.0,91.0,27.2,19.6,7.6,9.2,4.3,1.1
livinch01,Chris Livingston,2023-24,MIL,21.0,90.0,13.9,11.7,2.1,11.2,2.7,2.7
swideco01,Cole Swider,2023-24,MIA,18.0,87.0,24.1,21.8,1.1,4.0,2.9,4.6
schofad01,Admiral Schofield,2023-24,ORL,23.0,84.0,15.3,15.3,1.2,10.0,4.1,2.9
smithte01,Terquavion Smith,2023-24,PHI,16.0,84.0,30.5,26.9,2.9,2.3,7.0,4.1
boehebu01,Buddy Boeheim,2023-24,DET,10.0,84.0,19.5,16.6,5.7,5.7,1.7,0.0
walshjo01,Jordan Walsh,2023-24,BOS,9.0,83.0,8.9,8.9,1.2,11.9,3.0,1.8
robinje01,Jerome Robinson,2023-24,GSW,22.0,81.0,18.5,19.7,6.6,3.6,3.0,1.2
bouknja01,James Bouknight,2023-24,CHO,14.0,81.0,30.5,25.0,1.2,5.5,3.7,1.2
gabriwe01,Wenyen Gabriel,2023-24,MEM,5.0,81.0,10.3,13.3,3.0,15.1,1.8,4.8
rolliry01,Ryan Rollins,2023-24,WAS,10.0,66.0,29.0,17.7,12.0,7.8,7.8,5.0
rolliry01,Ryan Rollins,2023-24,MIL,3.0,12.0,12.0,8.0,0.0,8.0,12.0,4.0
hamptrj01,R.J. Hampton,2023-24,MIA,8.0,76.0,6.6,9.2,1.3,3.9,5.3,2.0
moorewe01,Wendell Moore Jr.,2023-24,MIN,25.0,75.0,11.9,11.9,0.0,7.9,4.0,2.6
hintona01,Nate Hinton,2023-24,HOU,15.0,75.0,21.3,16.8,3.2,14.2,6.5,1.9
gueyemo02,Mouhamed Gueye,2023-24,ATL,6.0,73.0,15.8,15.1,3.9,14.5,2.6,0.7
mobleis01,Isaiah Mobley,2023-24,CLE,10.0,72.0,15.8,16.5,0.7,6.9,4.1,1.4
marjabo01,Boban Marjanović,2023-24,HOU,14.0,71.0,30.7,23.2,9.6,21.9,4.1,3.4
prestja01,Jason Preston,2023-24,UTA,7.0,71.0,8.2,12.9,0.0,11.6,10.9,1.4
howarje01,Jett Howard,2023-24,ORL,18.0,67.0,21.4,22.2,3.0,5.2,4.4,2.2
simmoko01,Kobi Simmons,2023-24,TOR,4.0,67.0,14.4,15.1,0.0,5.0,8.6,0.7
johnske08,Keyontae Johnson,2023-24,OKC,9.0,66.0,8.0,11.7,0.0,7.3,2.9,2.9
sanogad01,Adama Sanogo,2023-24,CHI,9.0,66.0,27.2,20.4,9.1,27.2,0.0,3.8
lopezro01,Robin Lopez,2023-24,MIL,16.0,65.0,13.3,14.0,1.5,3.7,3.0,1.5
baileam01,Amari Bailey,2023-24,CHO,10.0,65.0,17.5,18.2,5.3,6.8,5.3,3.0
diabamo01,Moussa Diabaté,2023-24,LAC,11.0,64.0,22.4,14.7,10.8,18.5,3.1,1.5
whiteja03,Jack White,2023-24,MEM,4.0,64.0,4.6,12.2,0.0,9.2,0.8,1.5
brownke03,Kendall Brown,2023-24,IND,15.0,63.0,15.7,11.2,6.0,3.7,3.7,1.5
wainris01,Ish Wainright,2023-24,POR,7.0,46.0,21.5,19.3,2.1,9.7,0.0,1.1
wainris01,Ish Wainright,2023-24,PHO,4.0,16.0,9.2,18.3,0.0,15.3,3.1,3.1
johnske07,Keon Johnson,2023-24,BRK,5.0,61.0,25.2,17.0,9.7,5.7,2.4,4.1
keybr01,Braxton Key,2023-24,DEN,20.0,60.0,18.2,14.0,6.6,14.9,7.4,0.8
samueje01,Jermaine Samuels,2023-24,HOU,14.0,60.0,16.2,11.3,1.6,10.5,2.4,0.0
castlco01,Colin Castleton,2023-24,LAL,16.0,59.0,19.3,12.9,4.8,9.7,2.4,2.4
washity02,TyTy Washington Jr.,2023-24,MIL,11.0,56.0,12.0,17.2,0.0,4.3,4.3,1.7
seabrde01,Dereon Seabron,2023-24,NOP,6.0,55.0,12.5,11.6,5.3,6.2,4.5,0.0
toscaju01,Juan Toscano-Anderson,2023-24,SAC,11.0,53.0,6.4,11.0,0.0,12.8,3.7,1.8
millele01,Leonard Miller,2023-24,MIN,17.0,52.0,27.6,19.0,1.9,19.0,7.6,1.0
lundyse01,Seth Lundy,2023-24,ATL,9.0,52.0,12.9,15.7,3.7,6.5,0.0,0.9
dukeda01,David Duke Jr.,2023-24,SAS,4.0,51.0,24.2,16.8,2.8,9.3,4.7,2.8
nixda01,Daishen Nix,2023-24,MIN,15.0,50.0,26.7,23.7,5.9,3.0,5.9,4.9
huffja01,Jay Huff,2023-24,DEN,20.0,49.0,23.3,15.2,2.0,11.1,2.0,1.0
tysonhu01,Hunter Tyson,2023-24,DEN,18.0,48.0,20.7,20.7,0.0,9.3,2.1,2.1
johnsja01,James Johnson,2023-24,IND,9.0,47.0,8.0,10.0,2.0,4.0,8.0,5.0
jeffrda01,DaQuan Jeffries,2023-24,NYK,17.0,46.0,15.3,18.6,2.2,5.5,5.5,3.3
arcidry01,Ryan Arcidiacono,2023-24,NYK,20.0,45.0,0.0,6.7,0.0,9.0,4.5,2.2
ntilila01,Frank Ntilikina,2023-24,CHO,5.0,43.0,5.7,10.3,2.3,6.9,4.6,1.1
tshieos01,Oscar Tshiebwe,2023-24,IND,8.0,42.0,29.2,22.5,9.0,18.0,2.2,0.0
hodgedm01,D'Moi Hodge,2023-24,LAL,7.0,41.0,16.2,17.4,2.3,0.0,5.8,1.2
browngr01,Greg Brown III,2023-24,DAL,6.0,40.0,18.0,13.2,10.8,10.8,4.8,4.8
mooreta02,Taze Moore,2023-24,POR,4.0,40.0,22.2,23.5,2.5,9.9,6.2,3.7
fudgeal01,Alex Fudge,2023-24,LAL,4.0,14.0,13.6,20.4,6.8,6.8,0.0,3.4
fudgeal01,Alex Fudge,2023-24,DAL,2.0,26.0,20.3,16.6,0.0,5.5,0.0,1.8
davisjd01,JD Davison,2023-24,BOS,8.0,39.0,20.3,15.2,5.1,12.7,12.7,2.5
grayra01,RaiQuan Gray,2023-24,SAS,3.0,39.0,28.0,20.7,0.0,8.5,7.3,1.2
toppija01,Jacob Toppin,2023-24,NYK,9.0,38.0,17.3,11.9,2.7,9.3,4.0,1.3
slawsja01,Jalen Slawson,2023-24,SAC,12.0,37.0,10.5,7.9,0.0,9.2,2.6,2.6
brownch02,Charlie Brown Jr.,2023-24,NYK,8.0,37.0,8.2,13.6,0.0,2.7,0.0,2.7
cartodj01,D.J. Carton,2023-24,TOR,4.0,36.0,14.8,10.7,6.7,5.4,4.0,1.3
dennide01,Dexter Dennis,2023-24,DAL,4.0,30.0,35.2,30.4,4.8,14.4,6.4,4.8
drellhe01,Henri Drell,2023-24,CHI,4.0,30.0,18.3,16.6,3.3,6.6,6.6,3.3
millejo02,Jordan Miller,2023-24,LAC,8.0,28.0,22.9,15.9,3.5,8.8,0.0,1.8
jonesma05,Mason Jones,2023-24,SAC,5.0,28.0,12.1,13.9,3.5,8.7,8.7,3.5
nancepe01,Pete Nance,2023-24,CLE,8.0,27.0,5.5,11.0,3.7,5.5,0.0,1.8
spencpa01,Pat Spencer,2023-24,GSW,6.0,26.0,7.4,7.4,0.0,7.4,9.3,1.9
whiteda01,Dariq Whitehead,2023-24,BRK,2.0,24.0,6.2,10.3,4.1,8.3,6.2,0.0
diakima01,Mamadi Diakite,2023-24,SAS,3.0,16.0,35.6,14.8,17.8,8.9,5.9,0.0
diakima01,Mamadi Diakite,2023-24,NYK,3.0,8.0,0.0,6.3,0.0,6.3,0.0,6.3
liddeej01,E.J. Liddell,2023-24,NOP,8.0,23.0,8.5,12.8,4.3,10.7,2.1,4.3
peterdr01,Drew Peterson,2023-24,BOS,3.0,23.0,23.6,12.9,0.0,2.1,2.1,2.1
fordjo01,Jordan Ford,2023-24,SAC,6.0,22.0,26.5,15.5,4.4,4.4,4.4,2.2
thomais02,Isaiah Thomas,2023-24,PHO,6.0,19.0,20.6,25.7,0.0,0.0,7.7,0.0
garubus01,Usman Garuba,2023-24,GSW,6.0,18.0,8.1,16.1,5.4,18.8,2.7,5.4
greenda02,Danny Green,2023-24,PHI,2.0,18.0,0.0,5.5,0.0,5.5,2.7,0.0
willial06,Alondes Williams,2023-24,MIA,7.0,16.0,15.6,24.9,3.1,3.1,0.0,6.2
jeromty01,Ty Jerome,2023-24,CLE,2.0,15.0,13.2,13.2,0.0,3.3,9.9,3.3
wilsodj01,D.J. Wilson,2023-24,PHI,2.0,15.0,32.8,19.7,0.0,6.6,6.6,0.0
flaglad01,Adam Flagler,2023-24,OKC,2.0,14.0,10.3,24.0,0.0,0.0,13.7,0.0
funkan01,Andrew Funk,2023-24,CHI,5.0,13.0,0.0,15.3,0.0,0.0,0.0,0.0
jacksqu01,Quenton Jackson,2023-24,IND,3.0,11.0,8.6,4.3,8.6,17.2,8.6,0.0
primojo01,Joshua Primo,2023-24,LAC,2.0,10.0,9.9,14.8,0.0,4.9,0.0,19.7
petrufi01,Filip Petrušev,2023-24,PHI,1.0,3.0,0.0,0.0,0.0,16.4,0.0,0.0
petrufi01,Filip Petrušev,2023-24,SAC,2.0,7.0,20.8,13.9,13.9,0.0,0.0,0.0
wiggili01,Lindell Wigginton,2023-24,MIL,3.0,8.0,36.0,30.0,12.0,0.0,0.0,6.0
gateska01,Kaiser Gates,2023-24,NOP,1.0,7.0,0.0,28.0,0.0,7.0,0.0,0.0
harrish01,Shaquille Harrison,2023-24,MEM,3.0,6.0,16.3,16.3,0.0,16.3,0.0,0.0
harrike01,Kevon Harris,2023-24,ORL,2.0,6.0,33.0,24.8,0.0,16.5,8.3,8.3
diallha01,Hamidou Diallo,2023-24,WAS,2.0,5.0,18.7,18.7,0.0,18.7,9.4,9.4
harpero02,Ron Harper Jr.,2023-24,TOR,1.0,4.0,0.0,0.0,0.0,0.0,12.1,0.0
nowelma01,Markquis Nowell,2023-24,TOR,1.0,4.0,24.1,12.1,24.1,24.1,24.1,0.0
wongis01,Isaiah Wong,2023-24,IND,1.0,4.0,23.6,35.4,0.0,0.0,0.0,0.0
brockiz01,Izaiah Brockington,2023-24,NOP,1.0,3.0,65.4,81.7,0.0,32.7,0.0,0.0
cazalma01,Malcolm Cazalon,2023-24,DET,1.0,3.0,0.0,0.0,0.0,0.0,0.0,0.0
crutcja01,Jalen Crutcher,2023-24,NOP,1.0,3.0,0.0,16.3,0.0,0.0,0.0,0.0
skapidm01,Dmytro Skapintsev,2023-24,NYK,2.0,2.0,0.0,25.2,0.0,0.0,0.0,0.0
jacksju01,Justin Jackson,2023-24,MIN,2.0,1.0,0.0,0.0,0.0,0.0,0.0,0.0
smartja01,Javonte Smart,2023-24,PHI,1.0,1.0,0.0,0.0,0.0,0.0,0.0,0.0
bridgmi01,Mikal Bridges,2024-25,NYK,82.0,3036.0,23.6,19.3,1.9,4.2,5.0,2.2
hartjo01,Josh Hart,2024-25,NYK,77.0,2897.0,18.0,13.2,3.5,12.6,7.8,2.7
edwaran01,Anthony Edwards,2024-25,MIN,79.0,2871.0,37.4,27.7,8.5,7.7,6.2,4.3
bookede01,Devin Booker,2024-25,PHO,75.0,2795.0,34.0,25.1,8.5,5.4,9.4,3.9
hardeja01,James Harden,2024-25,LAC,79.0,2789.0,31.8,22.9,10.2,8.1,12.1,6.0
derozde01,DeMar DeRozan,2024-25,SAC,77.0,2768.0,30.2,23.1,7.8,5.3,6.0,1.9
youngtr01,Trae Young,2024-25,ATL,76.0,2739.0,31.4,23.5,9.6,4.0,15.0,6.1
herroty01,Tyler Herro,2024-25,MIA,77.0,2725.0,33.7,25.2,6.0,7.3,7.8,3.6
anunoog01,OG Anunoby,2024-25,NYK,74.0,2706.0,24.4,18.8,4.1,6.6,3.0,1.9
greenja05,Jalen Green,2024-25,HOU,82.0,2697.0,31.1,25.9,6.1,6.8,5.1,3.7
braunch01,Christian Braun,2024-25,DEN,79.0,2675.0,21.9,14.8,3.8,7.4,3.7,1.5
adebaba01,Bam Adebayo,2024-25,MIA,78.0,2674.0,26.3,20.8,6.1,14.0,6.3,3.0
zubaciv01,Ivica Zubac,2024-25,LAC,80.0,2624.0,25.1,17.7,4.4,19.0,4.0,2.4
tatumja01,Jayson Tatum,2024-25,BOS,72.0,2624.0,36.9,28.0,8.4,11.9,8.2,4.0
mcdanja02,Jaden McDaniels,2024-25,MIN,82.0,2614.0,18.9,15.7,2.4,8.9,3.1,1.8
murrake02,Keegan Murray,2024-25,SAC,76.0,2610.0,17.7,15.4,1.3,9.5,2.0,1.1
lavinza01,Zach LaVine,2024-25,CHI,42.0,1432.0,32.8,23.1,5.9,6.6,6.2,3.9
lavinza01,Zach LaVine,2024-25,SAC,32.0,1170.0,30.0,21.4,4.3,4.7,5.1,3.6
gilgesh01,Shai Gilgeous-Alexander,2024-25,OKC,76.0,2598.0,45.9,30.6,12.4,7.0,9.0,3.4
portemi01,Michael Porter Jr.,2024-25,DEN,77.0,2593.0,25.9,19.4,3.6,10.0,3.1,1.9
whitede01,Derrick White,2024-25,BOS,76.0,2574.0,24.3,18.7,3.1,6.6,7.0,2.6
daniedy01,Dyson Daniels,2024-25,ATL,76.0,2571.0,19.5,16.8,2.5,8.2,6.1,2.8
jokicni01,Nikola Jokić,2024-25,DEN,70.0,2571.0,38.7,25.5,8.4,16.7,13.4,4.3
reaveau01,Austin Reaves,2024-25,LAL,73.0,2550.0,28.5,20.0,7.1,6.3,8.1,3.4
camarto01,Toumani Camara,2024-25,POR,78.0,2548.0,16.8,13.7,2.4,8.6,3.3,2.1
siakapa01,Pascal Siakam,2024-25,IND,78.0,2548.0,29.8,22.3,5.8,10.2,5.0,2.1
lopezbr01,Brook Lopez,2024-25,MIL,80.0,2546.0,19.8,14.7,2.6,7.6,2.7,1.6
townska01,Karl-Anthony Towns,2024-25,NYK,72.0,2517.0,34.7,24.0,8.1,18.1,4.4,3.8
carrica01,Bub Carrington,2024-25,WAS,82.0,2458.0,15.6,14.5,1.6,6.6,7.0,2.7
cunnica01,Cade Cunningham,2024-25,DET,70.0,2452.0,35.9,28.6,7.3,8.3,12.5,6.1
halibty01,Tyrese Haliburton,2024-25,IND,73.0,2451.0,26.6,19.7,4.4,5.1,13.2,2.4
whiteco01,Coby White,2024-25,CHI,74.0,2450.0,28.8,21.4,5.8,5.2,6.3,3.4
jamesle01,LeBron James,2024-25,LAL,70.0,2444.0,34.4,25.6,6.7,11.0,11.6,5.2
sabondo01,Domantas Sabonis,2024-25,SAC,70.0,2429.0,26.9,18.0,5.8,19.6,8.5,4.1
murraja01,Jamal Murray,2024-25,DEN,67.0,2418.0,28.6,22.3,4.9,5.2,8.0,2.7
sengual01,Alperen Şengün,2024-25,HOU,76.0,2395.0,29.5,23.2,8.7,16.0,7.6,3.9
goberru01,Rudy Gobert,2024-25,MIN,72.0,2389.0,17.9,10.5,5.6,16.2,2.6,1.8
brookdi01,Dillon Brooks,2024-25,HOU,75.0,2388.0,21.5,18.2,2.5,5.6,2.6,1.5
harrito02,Tobias Harris,2024-25,DET,73.0,2306.0,20.9,16.8,3.5,9.0,3.4,1.8
garlada01,Darius Garland,2024-25,CLE,75.0,2301.0,32.3,24.5,5.3,4.5,10.6,4.0
brunsja01,Jalen Brunson,2024-25,NYK,65.0,2301.0,36.4,25.9,9.7,4.0,10.2,3.5
allenja01,Jarrett Allen,2024-25,CLE,82.0,2296.0,23.1,13.4,5.8,16.7,3.3,2.0
paulch01,Chris Paul,2024-25,SAS,82.0,2292.0,15.2,12.3,1.9,6.2,12.8,2.7
simonan01,Anfernee Simons,2024-25,POR,70.0,2292.0,28.6,23.9,4.1,4.0,7.1,3.0
antetgi01,Giannis Antetokounmpo,2024-25,MIL,67.0,2289.0,43.0,27.9,14.9,16.9,9.1,4.4
beaslma01,Malik Beasley,2024-25,DET,82.0,2283.0,28.1,22.6,2.9,4.5,2.9,1.7
caldwke01,Kentavious Caldwell-Pope,2024-25,ORL,77.0,2279.0,14.7,11.9,2.1,3.7,3.0,1.4
vucevni01,Nikola Vučević,2024-25,CHI,73.0,2278.0,27.6,21.3,3.1,15.1,5.2,2.4
pritcpa01,Payton Pritchard,2024-25,BOS,80.0,2271.0,25.3,19.1,1.9,6.8,6.2,1.8
duranke01,Kevin Durant,2024-25,PHO,62.0,2265.0,36.0,24.5,7.9,8.2,5.7,4.1
sharpsh01,Shaedon Sharpe,2024-25,POR,72.0,2252.0,28.8,23.8,5.2,7.0,4.3,3.2
curryst01,Stephen Curry,2024-25,GSW,70.0,2252.0,37.1,27.2,6.5,6.7,9.1,4.3
foxde01,De'Aaron Fox,2024-25,SAC,45.0,1663.0,33.1,26.0,7.2,6.6,8.1,3.9
foxde01,De'Aaron Fox,2024-25,SAS,17.0,578.0,28.0,23.4,6.0,6.1,9.7,3.4
willija06,Jalen Williams,2024-25,OKC,69.0,2237.0,32.0,25.1,6.4,7.9,7.6,3.2
mitchdo01,Donovan Mitchell,2024-25,CLE,71.0,2232.0,36.7,28.4,7.8,6.9,7.6,3.2
barneha02,Harrison Barnes,2024-25,SAS,82.0,2230.0,21.9,14.8,4.3,6.7,2.9,1.1
randlju01,Julius Randle,2024-25,MIN,69.0,2226.0,28.5,20.8,7.4,10.8,7.2,4.3
thompam01,Amen Thompson,2024-25,HOU,69.0,2225.0,21.2,15.2,5.4,12.3,5.8,3.0
jacksja02,Jaren Jackson Jr.,2024-25,MEM,74.0,2207.0,34.6,25.5,8.4,8.8,3.1,3.2
banede01,Desmond Bane,2024-25,MEM,69.0,2205.0,28.0,21.5,4.2,8.8,7.8,3.6
reidna01,Naz Reid,2024-25,MIN,80.0,2200.0,25.5,20.7,3.2,10.8,4.1,2.4
jonesty01,Tyus Jones,2024-25,PHO,81.0,2174.0,18.9,15.5,1.3,4.5,9.8,2.1
turnemy01,Myles Turner,2024-25,IND,72.0,2174.0,24.8,17.9,5.3,10.4,2.5,2.7
mobleev01,Evan Mobley,2024-25,CLE,71.0,2167.0,29.2,20.1,6.8,14.6,5.0,3.2
princta02,Taurean Prince,2024-25,MIL,80.0,2166.0,14.6,11.5,1.1,6.4,3.5,1.8
castlst01,Stephon Castle,2024-25,SAS,81.0,2162.0,26.6,22.1,7.7,6.6,7.4,4.0
avdijde01,Deni Avdija,2024-25,POR,72.0,2161.0,27.4,19.0,8.4,11.7,6.3,4.4
brownja02,Jaylen Brown,2024-25,BOS,63.0,2158.0,32.5,26.0,7.5,8.6,6.6,3.8
hardati02,Tim Hardaway Jr.,2024-25,DET,77.0,2153.0,18.9,15.2,3.2,4.1,2.7,1.1
mathube01,Bennedict Mathurin,2024-25,IND,72.0,2149.0,25.9,19.1,7.4,8.6,3.0,3.0
dinwisp01,Spencer Dinwiddie,2024-25,DAL,79.0,2136.0,19.7,15.4,5.5,4.7,7.9,2.3
barnesc01,Scottie Barnes,2024-25,TOR,65.0,2134.0,28.2,24.0,6.8,11.3,8.5,4.2
chrisma02,Max Christie,2024-25,LAL,46.0,1154.0,16.6,12.3,3.7,5.2,2.8,1.7
chrisma02,Max Christie,2024-25,DAL,32.0,973.0,17.8,15.0,3.2,6.7,4.0,2.4
giddejo01,Josh Giddey,2024-25,CHI,70.0,2117.0,22.5,17.6,4.9,12.5,11.1,4.5
vanvlfr01,Fred VanVleet,2024-25,HOU,60.0,2111.0,19.5,17.5,3.2,5.1,7.7,2.0
georgke01,Keyonte George,2024-25,UTA,67.0,2109.0,25.6,20.9,6.5,5.8,8.6,4.2
schrode01,Dennis Schröder,2024-25,BRK,23.0,772.0,27.3,21.0,5.2,4.4,9.8,3.8
schrode01,Dennis Schröder,2024-25,GSW,24.0,628.0,19.7,19.4,3.0,4.3,8.1,3.7
schrode01,Dennis Schröder,2024-25,DET,28.0,705.0,20.6,17.1,6.5,5.0,10.0,2.4
lillada01,Damian Lillard,2024-25,MIL,58.0,2093.0,33.4,22.9,9.1,6.3,9.5,3.7
westbru01,Russell Westbrook,2024-25,DEN,75.0,2092.0,22.8,19.1,5.4,8.5,10.5,5.6
oubreke01,Kelly Oubre Jr.,2024-25,PHI,60.0,2078.0,21.5,17.6,4.4,8.7,2.6,1.9
alexani01,Nickeil Alexander-Walker,2024-25,MIN,82.0,2073.0,18.4,14.7,2.8,6.3,5.3,2.4
dortlu01,Luguentz Dort,2024-25,OKC,71.0,2073.0,16.6,13.7,1.1,6.8,2.7,1.2
okongon01,Onyeka Okongwu,2024-25,ATL,74.0,2064.0,22.4,15.5,4.9,15.0,3.8,2.0
monkma01,Malik Monk,2024-25,SAC,65.0,2054.0,26.6,22.4,4.2,5.8,8.6,3.8
wellsja01,Jaylen Wells,2024-25,MEM,79.0,2043.0,18.7,15.4,3.1,6.1,3.1,1.6
durenja01,Jalen Duren,2024-25,DET,78.0,2034.0,21.7,12.9,5.7,19.1,4.9,3.2
wilsoja03,Jalen Wilson,2024-25,BRK,79.0,2031.0,18.4,15.2,4.0,6.6,3.6,1.9
bridgmi02,Miles Bridges,2024-25,CHO,64.0,2029.0,31.5,26.4,6.2,11.7,6.0,3.3
mitchda01,Davion Mitchell,2024-25,TOR,44.0,1080.0,12.4,10.9,1.6,3.8,9.0,3.5
mitchda01,Davion Mitchell,2024-25,MIA,30.0,947.0,16.3,12.2,2.5,4.3,8.4,2.6
wagnefr01,Franz Wagner,2024-25,ORL,60.0,2023.0,35.8,28.7,7.7,8.4,7.0,3.4
grimequ01,Quentin Grimes,2024-25,DAL,47.0,1070.0,21.7,16.5,3.7,8.1,4.6,2.8
grimequ01,Quentin Grimes,2024-25,PHI,28.0,943.0,32.0,23.9,7.0,7.6,6.6,4.2
poolejo01,Jordan Poole,2024-25,WAS,68.0,2001.0,33.1,25.1,6.5,4.8,7.2,4.9
greendr01,Draymond Green,2024-25,GSW,68.0,1983.0,15.0,12.5,3.6,10.2,9.4,4.3
vassede01,Devin Vassell,2024-25,SAS,64.0,1983.0,25.4,21.7,2.9,6.2,4.5,2.1
thompkl01,Klay Thompson,2024-25,DAL,72.0,1965.0,24.7,21.6,1.8,6.1,3.6,2.2
maxeyty01,Tyrese Maxey,2024-25,PHI,52.0,1960.0,34.4,27.4,7.3,4.4,8.0,3.1
powelno01,Norman Powell,2024-25,LAC,60.0,1958.0,32.8,23.8,6.7,4.8,3.1,2.7
missiyv01,Yves Missi,2024-25,NOP,73.0,1956.0,16.5,12.2,5.1,14.9,2.5,2.0
elliske01,Keon Ellis,2024-25,SAC,80.0,1948.0,16.7,11.6,2.2,5.3,3.0,1.8
coulibi01,Bilal Coulibaly,2024-25,WAS,59.0,1948.0,17.8,15.2,4.5,7.2,4.9,3.1
kuzmaky01,Kyle Kuzma,2024-25,WAS,32.0,887.0,26.1,24.4,5.3,9.9,4.2,3.9
kuzmaky01,Kyle Kuzma,2024-25,MIL,33.0,1049.0,22.0,18.1,4.8,8.5,3.4,3.4
champju02,Julian Champagnie,2024-25,SAS,82.0,1932.0,20.4,16.6,2.4,8.0,2.8,1.9
johnske07,Keon Johnson,2024-25,BRK,79.0,1925.0,21.7,20.1,3.6,7.7,4.5,3.0
marshna01,Naji Marshall,2024-25,DAL,69.0,1919.0,23.0,17.9,4.0,8.3,5.2,2.8
holidjr01,Jrue Holiday,2024-25,BOS,62.0,1896.0,18.1,15.2,2.0,7.0,6.3,2.0
yabusgu01,Guerschon Yabusele,2024-25,PHI,70.0,1895.0,20.0,14.6,3.6,10.3,3.9,2.3
trentga02,Gary Trent Jr.,2024-25,MIL,74.0,1893.0,21.0,16.8,2.3,4.3,2.2,1.1
blackan01,Anthony Black,2024-25,ORL,78.0,1887.0,19.5,16.4,5.2,6.1,6.4,3.7
greenjo02,Josh Green,2024-25,CHO,68.0,1887.0,13.2,11.0,1.9,4.5,2.8,1.8
claxtni01,Nic Claxton,2024-25,BRK,70.0,1882.0,19.2,15.0,4.1,13.6,4.2,2.3
nembhan01,Andrew Nembhard,2024-25,IND,65.0,1881.0,16.7,13.8,3.5,5.5,8.3,2.9
wallaca01,Cason Wallace,2024-25,OKC,68.0,1876.0,14.5,12.5,0.9,5.9,4.4,1.5
jonesde02,Derrick Jones Jr.,2024-25,LAC,77.0,1873.0,20.5,15.5,3.1,6.9,1.6,1.7
hachiru01,Rui Hachimura,2024-25,LAL,59.0,1869.0,20.4,15.2,3.0,7.8,2.2,1.3
barrerj01,RJ Barrett,2024-25,TOR,58.0,1869.0,31.5,25.3,8.0,9.4,8.1,4.2
hieldbu01,Buddy Hield,2024-25,GSW,82.0,1863.0,23.8,20.5,1.7,6.9,3.5,2.4
murphtr02,Trey Murphy III,2024-25,NOP,53.0,1854.0,29.4,21.9,6.0,7.0,4.9,2.7
risacza01,Zaccharie Risacher,2024-25,ATL,75.0,1843.0,23.9,19.8,3.8,6.8,2.3,2.3
wiggian01,Andrew Wiggins,2024-25,GSW,43.0,1296.0,28.3,22.1,6.7,7.4,3.8,2.1
wiggian01,Andrew Wiggins,2024-25,MIA,17.0,546.0,29.5,22.9,7.1,6.6,5.1,3.9
colliis01,Isaiah Collier,2024-25,UTA,71.0,1839.0,16.0,14.5,4.0,6.1,11.6,5.4
johnske04,Keldon Johnson,2024-25,SAS,77.0,1838.0,25.7,20.2,5.1,9.8,3.3,2.0
onealro01,Royce O'Neale,2024-25,PHO,75.0,1837.0,18.3,15.3,0.7,9.4,4.4,1.8
washipj01,P.J. Washington,2024-25,DAL,57.0,1835.0,22.0,17.5,5.2,11.7,3.5,3.1
mccolcj01,CJ McCollum,2024-25,NOP,56.0,1832.0,31.3,26.4,4.6,5.6,6.0,2.8
highsha01,Haywood Highsmith,2024-25,MIA,74.0,1818.0,13.1,10.7,1.2,6.9,3.1,1.5
finnedo01,Dorian Finney-Smith,2024-25,BRK,20.0,579.0,17.9,13.7,2.1,7.8,2.7,1.5
finnedo01,Dorian Finney-Smith,2024-25,LAL,43.0,1239.0,13.5,11.0,0.8,6.2,2.3,1.5
sarral01,Alex Sarr,2024-25,WAS,67.0,1814.0,22.8,21.7,4.3,11.4,4.2,3.0
irvinky01,Kyrie Irving,2024-25,DAL,50.0,1804.0,33.1,25.3,5.7,6.4,6.2,3.0
georgky01,Kyshawn George,2024-25,WAS,68.0,1802.0,15.6,14.4,2.5,7.5,4.5,2.6
johnsca02,Cameron Johnson,2024-25,BRK,57.0,1800.0,29.6,20.7,6.2,6.8,5.4,2.7
robindu01,Duncan Robinson,2024-25,MIA,74.0,1786.0,22.8,18.5,1.5,4.7,4.9,2.4
dunnkr01,Kris Dunn,2024-25,LAC,74.0,1783.0,13.1,12.1,0.6,6.9,5.8,2.0
doncilu01,Luka Dončić,2024-25,DAL,22.0,785.0,38.1,28.7,9.0,11.3,10.6,4.6
doncilu01,Luka Dončić,2024-25,LAL,28.0,984.0,39.4,27.9,12.4,11.3,10.5,5.2
hendesc01,Scoot Henderson,2024-25,POR,66.0,1759.0,23.1,18.9,5.7,5.5,9.3,4.9
cartewe01,Wendell Carter Jr.,2024-25,ORL,68.0,1758.0,17.6,13.9,5.0,14.0,3.8,2.2
sextoco01,Collin Sexton,2024-25,UTA,63.0,1758.0,31.6,23.7,6.9,4.7,7.2,4.4
conlemi01,Mike Conley,2024-25,MIN,71.0,1756.0,16.4,13.1,2.5,5.1,9.0,2.1
coffeam01,Amir Coffey,2024-25,LAC,72.0,1748.0,19.6,14.4,3.6,4.5,2.2,1.3
butleji01,Jimmy Butler,2024-25,MIA,25.0,766.0,27.7,17.1,10.5,8.5,7.8,2.0
butleji01,Jimmy Butler,2024-25,GSW,30.0,980.0,26.7,16.6,11.5,8.2,8.8,2.2
wiggiaa01,Aaron Wiggins,2024-25,OKC,76.0,1744.0,25.2,20.0,2.4,8.1,3.7,1.9
kesslwa01,Walker Kessler,2024-25,UTA,58.0,1740.0,17.7,11.6,4.2,19.5,2.7,2.4
huntede01,De'Andre Hunter,2024-25,ATL,37.0,1064.0,30.9,21.6,7.7,6.4,2.5,2.6
huntede01,De'Andre Hunter,2024-25,CLE,27.0,676.0,27.5,19.2,5.5,8.0,2.5,1.6
agbajoc01,Ochai Agbaji,2024-25,TOR,64.0,1739.0,18.5,14.8,1.3,6.7,2.7,1.5
podzibr01,Brandin Podziemski,2024-25,GSW,64.0,1716.0,21.2,17.8,2.7,9.2,6.2,2.1
smithja05,Jabari Smith Jr.,2024-25,HOU,57.0,1716.0,19.8,16.1,3.6,11.3,1.7,1.7
davisan02,Anthony Davis,2024-25,LAL,42.0,1440.0,36.9,25.9,11.0,17.0,4.8,3.2
davisan02,Anthony Davis,2024-25,DAL,9.0,266.0,32.7,27.6,8.7,16.5,7.3,3.6
bealbr01,Bradley Beal,2024-25,PHO,53.0,1702.0,26.2,20.2,4.0,5.1,5.7,2.9
niangge01,Georges Niang,2024-25,CLE,51.0,1053.0,20.3,15.9,1.3,8.6,3.1,2.2
niangge01,Georges Niang,2024-25,ATL,28.0,644.0,24.6,19.8,2.1,6.0,3.2,2.5
poeltja01,Jakob Poeltl,2024-25,TOR,57.0,1686.0,23.5,16.5,4.1,15.6,4.5,3.2
pippesc02,Scotty Pippen Jr.,2024-25,MEM,79.0,1683.0,21.5,16.4,4.7,7.2,9.6,3.8
huertke01,Kevin Huerter,2024-25,SAC,43.0,899.0,18.4,16.9,1.5,6.5,4.0,2.0
huertke01,Kevin Huerter,2024-25,CHI,26.0,780.0,20.5,17.6,1.3,5.1,4.9,1.8
aldamsa01,Santi Aldama,2024-25,MEM,65.0,1660.0,22.7,18.1,2.6,11.6,5.3,2.0
greenaj01,A.J. Green,2024-25,MIL,73.0,1659.0,15.8,12.4,0.8,5.1,3.1,1.2
horfoal01,Al Horford,2024-25,BOS,60.0,1659.0,16.3,13.9,1.1,11.2,3.9,1.4
roziete01,Terry Rozier,2024-25,MIA,64.0,1658.0,20.4,19.1,3.2,7.2,5.0,2.3
watsope01,Peyton Watson,2024-25,DEN,68.0,1656.0,16.0,12.4,4.0,6.8,2.7,1.6
moodymo01,Moses Moody,2024-25,GSW,74.0,1649.0,21.4,16.8,3.9,5.6,2.8,1.6
dasiltr01,Tristan Da Silva,2024-25,ORL,74.0,1629.0,16.3,14.8,1.9,7.5,3.5,1.7
divindo01,Donte DiVincenzo,2024-25,MIN,62.0,1606.0,22.2,18.2,1.9,7.0,6.9,3.0
joeis01,Isaiah Joe,2024-25,OKC,74.0,1604.0,22.6,17.6,1.7,5.9,3.6,1.1
kispeco01,Corey Kispert,2024-25,WAS,61.0,1602.0,20.9,16.8,2.6,5.4,3.1,1.9
leverca01,Caris LeVert,2024-25,CLE,38.0,904.0,20.6,15.9,4.4,5.7,7.4,2.7
leverca01,Caris LeVert,2024-25,ATL,26.0,692.0,26.2,20.3,4.9,6.5,5.1,1.7
mcbrimi01,Miles McBride,2024-25,NYK,64.0,1593.0,19.0,17.0,2.0,5.0,5.8,1.3
harteis01,Isaiah Hartenstein,2024-25,OKC,57.0,1590.0,19.2,14.5,3.5,18.4,6.6,2.9
dickgr01,Gradey Dick,2024-25,TOR,54.0,1587.0,23.6,19.6,4.7,5.9,3.0,2.5
banchpa01,Paolo Banchero,2024-25,ORL,46.0,1582.0,37.6,28.8,12.2,10.9,6.9,4.3
willipa01,Patrick Williams,2024-25,CHI,63.0,1576.0,16.8,15.3,2.5,7.0,3.7,2.5
toppiob01,Obi Toppin,2024-25,IND,79.0,1545.0,25.9,18.6,3.5,9.9,4.0,2.1
allengr01,Grayson Allen,2024-25,PHO,64.0,1544.0,21.8,15.7,3.7,6.2,4.4,2.4
hausesa01,Sam Hauser,2024-25,BOS,71.0,1541.0,19.7,15.4,0.4,7.3,2.1,0.7
willizi02,Ziaire Williams,2024-25,BRK,63.0,1541.0,20.4,16.8,4.0,9.3,2.7,2.2
vincega01,Gabe Vincent,2024-25,LAL,72.0,1527.0,14.8,13.5,0.7,3.0,3.2,1.3
wembavi01,Victor Wembanyama,2024-25,SAS,46.0,1527.0,35.3,27.1,6.0,16.0,5.3,4.7
grantje01,Jerami Grant,2024-25,POR,47.0,1524.0,21.6,18.3,5.3,5.2,3.2,2.1
valanjo01,Jonas Valančiūnas,2024-25,WAS,49.0,983.0,27.3,20.4,5.1,19.6,5.2,4.3
valanjo01,Jonas Valančiūnas,2024-25,SAC,32.0,541.0,25.2,18.5,5.3,20.2,5.1,2.9
filipky01,Kyle Filipowski,2024-25,UTA,72.0,1522.0,21.8,16.3,4.5,13.9,4.4,3.2
moranja01,Ja Morant,2024-25,MEM,50.0,1519.0,35.5,27.2,9.8,6.3,11.1,5.7
buzelma01,Matas Buzelis,2024-25,CHI,80.0,1511.0,21.3,17.1,3.3,8.6,2.4,2.3
ballla01,LaMelo Ball,2024-25,CHO,47.0,1505.0,38.7,32.8,7.5,7.6,11.3,5.5
knechda01,Dalton Knecht,2024-25,LAL,78.0,1494.0,23.2,18.3,2.8,7.1,2.2,1.2
porteke02,Kevin Porter Jr.,2024-25,LAC,45.0,884.0,23.3,22.7,4.2,8.9,8.0,4.7
porteke02,Kevin Porter Jr.,2024-25,MIL,30.0,598.0,28.5,19.8,7.5,9.5,9.1,4.2
russeda01,D'Angelo Russell,2024-25,LAL,29.0,763.0,23.1,20.0,3.4,5.2,8.8,3.2
russeda01,D'Angelo Russell,2024-25,BRK,29.0,717.0,25.9,22.7,6.4,5.7,11.2,4.0
markkla01,Lauri Markkanen,2024-25,UTA,47.0,1476.0,29.0,22.8,6.0,9.0,2.3,2.1
kennalu01,Luke Kennard,2024-25,MEM,65.0,1472.0,18.2,13.6,1.8,5.8,6.8,2.3
sheadja01,Jamal Shead,2024-25,TOR,75.0,1467.0,17.5,16.5,2.3,3.8,10.4,3.8
gordoaa01,Aaron Gordon,2024-25,DEN,51.0,1447.0,24.9,16.5,5.9,8.2,5.5,2.4
stewais01,Isaiah Stewart,2024-25,DET,72.0,1434.0,14.6,10.6,2.9,13.4,4.1,2.3
sensabr01,Brice Sensabaugh,2024-25,UTA,71.0,1432.0,25.9,20.1,2.4,7.0,3.7,3.6
bitadgo01,Goga Bitadze,2024-25,ORL,70.0,1430.0,17.5,11.8,4.6,16.2,4.8,2.5
wareke01,Kel'el Ware,2024-25,MIA,64.0,1422.0,20.9,16.3,2.4,16.6,2.1,2.0
easonta01,Tari Eason,2024-25,HOU,57.0,1420.0,23.5,19.2,3.6,12.4,2.8,2.2
edeyza01,Zach Edey,2024-25,MEM,66.0,1416.0,20.0,14.2,4.2,18.0,2.1,2.9
mccontj01,T.J. McConnell,2024-25,IND,79.0,1415.0,24.5,21.2,2.6,6.6,11.9,3.7
mannte01,Terance Mann,2024-25,LAC,37.0,732.0,15.0,13.1,2.2,7.2,4.0,1.7
mannte01,Terance Mann,2024-25,ATL,30.0,682.0,20.2,15.0,2.5,6.3,4.3,1.5
dunnry01,Ryan Dunn,2024-25,PHO,74.0,1410.0,17.9,16.7,1.4,9.4,2.0,1.4
merrisa01,Sam Merrill,2024-25,CLE,71.0,1401.0,17.5,14.6,1.0,5.4,3.7,1.2
dosunay01,Ayo Dosunmu,2024-25,CHI,46.0,1394.0,19.0,15.0,2.6,5.4,7.0,2.3
jeromty01,Ty Jerome,2024-25,CLE,70.0,1393.0,30.3,21.4,5.1,6.0,8.2,3.2
strawju01,Julian Strawther,2024-25,DEN,65.0,1384.0,20.4,16.9,3.1,4.9,2.9,2.0
smithni01,Nick Smith Jr.,2024-25,CHO,60.0,1369.0,21.2,20.4,1.7,4.6,5.2,2.9
jaqueja01,Jaime Jaquez Jr.,2024-25,MIA,66.0,1368.0,20.8,16.8,5.2,10.6,6.1,3.6
batumni01,Nicolas Batum,2024-25,LAC,78.0,1367.0,11.3,8.6,0.8,7.9,3.0,1.2
alvarjo01,Jose Alvarado,2024-25,NOP,56.0,1366.0,20.5,18.5,2.6,4.8,9.2,3.0
sochaje01,Jeremy Sochan,2024-25,SAS,54.0,1364.0,21.9,16.6,4.4,12.5,4.5,3.0
kornelu01,Luke Kornet,2024-25,BOS,73.0,1361.0,16.2,10.3,3.6,14.3,4.3,1.1
lylestr01,Trey Lyles,2024-25,SAC,69.0,1349.0,16.3,13.6,2.9,11.5,3.0,1.4
laravja01,Jake LaRavia,2024-25,MEM,47.0,982.0,16.2,11.4,4.5,9.7,6.3,3.3
laravja01,Jake LaRavia,2024-25,SAC,19.0,367.0,15.3,12.8,2.5,7.2,3.3,2.3
bogdabo01,Bogdan Bogdanović,2024-25,ATL,24.0,598.0,18.8,17.5,2.7,5.2,3.8,2.9
bogdabo01,Bogdan Bogdanović,2024-25,LAC,30.0,750.0,22.5,17.6,2.1,6.1,6.4,2.4
champju01,Justin Champagnie,2024-25,WAS,62.0,1340.0,19.3,14.6,2.6,12.5,2.1,1.9
georgpa01,Paul George,2024-25,PHI,41.0,1334.0,24.6,21.1,3.6,8.1,6.6,3.9
thompau01,Ausar Thompson,2024-25,DET,59.0,1328.0,21.5,16.7,5.1,11.0,4.9,2.9
clingdo01,Donovan Clingan,2024-25,POR,67.0,1324.0,16.0,12.3,3.8,19.3,2.8,2.6
hawkijo01,Jordan Hawkins,2024-25,NOP,56.0,1321.0,22.1,20.4,3.6,5.8,2.4,2.1
martity01,Tyrese Martin,2024-25,BRK,60.0,1315.0,19.8,17.6,2.2,8.3,4.6,2.8
plumlma01,Mason Plumlee,2024-25,PHO,74.0,1300.0,12.7,7.7,4.9,17.3,5.1,2.2
mogbojo01,Jonathan Mogbo,2024-25,TOR,63.0,1286.0,14.6,13.3,3.1,11.6,5.5,2.6
johnsja05,Jalen Johnson,2024-25,ATL,36.0,1284.0,24.8,19.7,4.6,13.1,6.6,3.9
strusma01,Max Strus,2024-25,CLE,50.0,1273.0,17.8,14.1,1.3,8.2,6.0,2.0
juzanjo01,Johnny Juzang,2024-25,UTA,64.0,1270.0,21.6,17.9,2.0,7.0,2.6,1.4
hollaro01,Ron Holland,2024-25,DET,81.0,1266.0,19.8,15.8,4.6,8.3,3.1,2.7
greenja02,Javonte Green,2024-25,NOP,50.0,1092.0,12.8,9.9,2.9,7.9,2.0,1.2
greenja02,Javonte Green,2024-25,CLE,18.0,166.0,17.1,18.3,2.9,11.6,3.2,1.2
richani01,Nick Richards,2024-25,CHO,21.0,440.0,20.9,12.7,9.7,17.7,3.1,3.7
richani01,Nick Richards,2024-25,PHO,36.0,816.0,20.7,14.1,4.4,18.7,1.3,2.9
wadede01,Dean Wade,2024-25,CLE,59.0,1252.0,12.3,10.4,1.2,9.6,2.9,0.8
councri01,Ricky Council IV,2024-25,PHI,73.0,1250.0,21.0,18.3,6.0,8.4,3.8,2.1
salauti01,Tidjane Salaün,2024-25,CHO,60.0,1244.0,14.0,13.6,3.7,11.1,2.9,2.3
portibo01,Bobby Portis,2024-25,MIL,49.0,1244.0,26.4,23.1,2.8,16.0,4.0,2.2
diabamo01,Moussa Diabaté,2024-25,CHO,71.0,1241.0,16.0,11.1,4.6,17.4,2.2,2.4
robinje02,Jeremiah Robinson-Earl,2024-25,NOP,66.0,1239.0,16.3,13.6,2.2,12.3,3.4,2.0
fontesi01,Simone Fontecchio,2024-25,DET,75.0,1237.0,17.3,14.5,3.3,8.4,2.5,2.1
anthoco01,Cole Anthony,2024-25,ORL,67.0,1234.0,25.5,22.0,4.6,8.3,7.7,4.2
sheppbe01,Ben Sheppard,2024-25,IND,63.0,1229.0,13.0,11.2,1.1,6.9,3.3,0.9
gaffoda01,Daniel Gafford,2024-25,DAL,57.0,1226.0,27.7,15.9,7.7,15.3,3.2,2.6
collijo01,John Collins,2024-25,UTA,40.0,1220.0,29.8,20.9,6.5,12.9,3.1,4.1
martica02,Caleb Martin,2024-25,PHI,31.0,943.0,14.7,12.1,3.9,7.1,3.6,2.2
martica02,Caleb Martin,2024-25,DAL,14.0,275.0,13.2,12.7,4.2,7.2,4.6,2.3
porzikr01,Kristaps Porziņģis,2024-25,BOS,42.0,1210.0,33.9,23.8,8.2,11.8,3.6,2.2
clarkbr01,Brandon Clarke,2024-25,MEM,64.0,1207.0,20.6,14.6,3.4,12.6,2.5,1.6
aytonde01,Deandre Ayton,2024-25,POR,40.0,1206.0,23.2,18.9,2.4,16.4,2.6,2.8
walkeja02,Jarace Walker,2024-25,IND,75.0,1187.0,18.7,14.6,2.8,9.3,4.5,3.2
leonaka01,Kawhi Leonard,2024-25,LAC,37.0,1180.0,33.2,26.0,5.0,9.1,4.8,3.0
capelca01,Clint Capela,2024-25,ATL,55.0,1176.0,19.4,15.5,3.9,18.7,2.5,1.9
martico01,Cody Martin,2024-25,CHO,39.0,967.0,15.6,13.6,2.5,9.0,4.5,2.1
martico01,Cody Martin,2024-25,PHO,14.0,206.0,12.5,13.7,2.9,11.5,3.8,2.2
willima07,Mark Williams,2024-25,CHO,44.0,1171.0,28.2,18.8,6.8,18.8,4.6,3.0
achiupr01,Precious Achiuwa,2024-25,NYK,57.0,1170.0,16.1,13.9,2.9,13.4,2.3,1.9
jovicni01,Nikola Jović,2024-25,MIA,46.0,1156.0,21.3,16.3,3.8,7.8,5.7,2.6
edwarju01,Justin Edwards,2024-25,PHI,44.0,1155.0,19.0,16.1,2.0,6.3,2.9,2.1
krejcvi01,Vít Krejčí,2024-25,ATL,57.0,1153.0,16.7,11.8,1.8,6.3,6.0,2.0
kuminjo01,Jonathan Kuminga,2024-25,GSW,47.0,1144.0,30.6,24.2,10.0,9.2,4.4,3.0
looneke01,Kevon Looney,2024-25,GSW,76.0,1142.0,14.7,11.8,4.2,19.7,5.0,1.7
willike04,Kenrich Williams,2024-25,OKC,69.0,1132.0,18.5,15.0,1.7,10.2,4.1,1.7
phillju01,Julian Phillips,2024-25,CHI,79.0,1123.0,15.2,11.9,3.2,7.0,1.6,1.1
nesmiaa01,Aaron Nesmith,2024-25,IND,45.0,1122.0,23.2,16.2,3.4,7.6,2.3,1.6
bantoda01,Dalano Banton,2024-25,POR,67.0,1120.0,24.3,22.0,5.4,5.9,6.9,3.7
simmobe01,Ben Simmons,2024-25,BRK,33.0,825.0,12.3,10.3,1.6,10.4,13.8,5.3
simmobe01,Ben Simmons,2024-25,LAC,18.0,295.0,8.7,8.8,1.2,11.5,9.3,2.3
walteja01,Ja'Kobe Walter,2024-25,TOR,52.0,1103.0,19.6,17.2,3.6,7.0,3.5,2.2
hayesja02,Jaxson Hayes,2024-25,LAL,56.0,1093.0,17.2,10.0,4.4,12.1,2.6,1.9
payneca01,Cameron Payne,2024-25,NYK,72.0,1090.0,22.8,20.3,2.5,4.7,9.2,2.4
isaacjo01,Jonathan Isaac,2024-25,ORL,71.0,1090.0,17.4,14.8,4.9,14.4,1.8,1.5
jeffrda01,DaQuan Jeffries,2024-25,CHO,47.0,1071.0,14.5,13.4,1.4,6.2,2.4,1.6
nurkiju01,Jusuf Nurkić,2024-25,PHO,25.0,592.0,18.0,13.6,5.8,19.1,3.9,4.8
nurkiju01,Jusuf Nurkić,2024-25,CHO,26.0,471.0,24.9,19.7,6.2,17.6,7.1,4.2
curryse01,Seth Curry,2024-25,CHO,68.0,1062.0,20.6,15.9,1.8,5.2,2.8,1.5
willico04,Cody Williams,2024-25,UTA,50.0,1060.0,10.4,11.6,1.8,5.1,2.7,2.0
okorois01,Isaac Okoro,2024-25,CLE,55.0,1053.0,15.4,12.2,2.1,5.9,3.1,1.1
ighodos01,Oso Ighodaro,2024-25,PHO,61.0,1045.0,12.1,8.9,2.4,10.5,3.4,1.8
butleja02,Jared Butler,2024-25,WAS,32.0,362.0,28.9,23.1,5.9,5.4,10.8,3.8
butleja02,Jared Butler,2024-25,PHI,28.0,682.0,23.2,20.0,3.3,5.0,10.0,3.7
battlja01,Jamison Battle,2024-25,TOR,59.0,1042.0,19.4,16.0,0.8,7.3,2.4,1.2
clownno01,Noah Clowney,2024-25,BRK,46.0,1042.0,20.1,17.8,3.8,8.6,1.9,2.2
carusal01,Alex Caruso,2024-25,OKC,54.0,1041.0,17.6,14.5,2.4,7.3,6.3,1.7
murrakr01,Kris Murray,2024-25,POR,69.0,1040.0,13.4,13.0,2.7,8.5,3.2,2.0
murrade01,Dejounte Murray,2024-25,NOP,31.0,1012.0,25.9,23.6,5.9,9.6,10.9,5.1
suggsja01,Jalen Suggs,2024-25,ORL,35.0,1002.0,28.3,24.0,5.5,7.0,6.4,5.1
anderky01,Kyle Anderson,2024-25,GSW,36.0,541.0,17.0,15.2,2.4,9.9,7.3,1.8
anderky01,Kyle Anderson,2024-25,MIA,25.0,461.0,18.2,14.5,4.1,10.4,6.9,1.8
bostobr01,Brandon Boston Jr.,2024-25,NOP,42.0,993.0,21.9,18.6,4.1,6.5,4.5,2.5
terryda01,Dalen Terry,2024-25,CHI,73.0,987.0,15.4,12.7,3.3,5.9,4.6,2.5
jacksan01,Andre Jackson Jr.,2024-25,MIL,67.0,980.0,11.3,9.7,1.2,9.0,4.1,2.9
colliza01,Zach Collins,2024-25,SAS,36.0,425.0,19.0,15.0,4.0,11.5,5.9,2.6
colliza01,Zach Collins,2024-25,CHI,28.0,552.0,20.3,14.4,3.6,15.8,5.0,3.1
jackstr02,Trayce Jackson-Davis,2024-25,GSW,62.0,967.0,20.5,15.2,5.1,15.6,5.2,2.3
bryanth01,Thomas Bryant,2024-25,MIA,10.0,115.0,17.8,12.1,4.8,13.9,1.7,0.9
bryanth01,Thomas Bryant,2024-25,IND,56.0,848.0,22.0,16.6,3.0,12.4,2.8,1.6
smithja04,Jalen Smith,2024-25,CHI,64.0,962.0,25.4,19.8,4.3,17.3,3.2,1.8
clarkjo01,Jordan Clarkson,2024-25,UTA,37.0,962.0,29.9,24.6,7.1,5.9,6.9,4.3
paytoga02,Gary Payton II,2024-25,GSW,62.0,927.0,21.0,15.6,2.0,9.7,4.4,2.0
millebr02,Brandon Miller,2024-25,CHO,27.0,924.0,30.2,26.1,4.2,7.0,5.2,4.0
brownbr01,Bruce Brown,2024-25,TOR,18.0,353.0,20.6,17.9,4.0,9.3,3.8,2.6
brownbr01,Bruce Brown,2024-25,NOP,23.0,569.0,16.1,15.2,3.1,8.2,4.8,1.7
quickim01,Immanuel Quickley,2024-25,TOR,33.0,918.0,29.6,23.0,6.7,6.1,10.0,3.0
watfotr01,Trendon Watford,2024-25,BRK,44.0,913.0,24.5,19.1,6.7,8.7,6.3,4.5
martike04,KJ Martin,2024-25,PHI,24.0,480.0,15.8,10.2,3.0,7.4,2.0,1.2
martike04,KJ Martin,2024-25,UTA,19.0,432.0,13.3,11.3,2.0,5.9,3.2,1.3
sharpda01,Day'Ron Sharpe,2024-25,BRK,50.0,908.0,21.8,17.4,4.1,18.1,5.0,3.5
hardyja02,Jaden Hardy,2024-25,DAL,57.0,907.0,26.5,22.1,4.6,4.7,4.3,4.4
bonaad01,Adem Bona,2024-25,PHI,58.0,905.0,18.4,10.5,5.4,13.3,1.5,3.3
jonestr01,Tre Jones,2024-25,SAS,28.0,450.0,13.2,10.0,3.5,6.2,11.2,2.3
jonestr01,Tre Jones,2024-25,CHI,18.0,455.0,21.2,14.9,3.5,6.0,9.0,1.4
iveyja01,Jaden Ivey,2024-25,DET,30.0,898.0,28.3,22.1,6.2,6.6,6.4,4.8
olynyke01,Kelly Olynyk,2024-25,TOR,24.0,383.0,21.5,14.8,5.4,11.2,7.0,4.4
olynyke01,Kelly Olynyk,2024-25,NOP,20.0,508.0,20.3,14.3,6.2,11.2,6.9,3.9
holmgch01,Chet Holmgren,2024-25,OKC,32.0,877.0,26.2,18.7,7.3,14.1,3.4,3.1
quetane01,Neemias Queta,2024-25,BOS,62.0,863.0,18.0,11.8,3.5,13.7,2.6,2.3
burksal01,Alec Burks,2024-25,MIA,49.0,863.0,20.6,15.7,2.8,7.2,3.2,1.7
bouchch01,Chris Boucher,2024-25,TOR,50.0,862.0,28.0,20.7,4.9,12.5,1.8,1.6
willizi01,Zion Williamson,2024-25,NOP,30.0,857.0,41.7,28.7,13.6,12.2,9.0,5.1
middlkh01,Khris Middleton,2024-25,MIL,23.0,534.0,26.3,19.1,4.2,7.7,9.2,3.4
middlkh01,Khris Middleton,2024-25,WAS,14.0,309.0,23.1,19.4,5.9,8.0,7.4,2.9
simpskj01,KJ Simpson,2024-25,CHO,36.0,842.0,16.5,17.6,2.9,6.4,6.5,3.3
miltosh01,Shake Milton,2024-25,BRK,27.0,492.0,20.1,15.9,3.3,5.2,6.5,2.0
miltosh01,Shake Milton,2024-25,LAL,30.0,345.0,16.5,13.8,3.7,7.6,5.4,2.9
livelde01,Dereck Lively II,2024-25,DAL,36.0,833.0,18.2,11.1,4.2,15.7,4.9,2.4
mathega01,Garrison Mathews,2024-25,ATL,47.0,830.0,19.9,14.5,4.4,4.9,3.4,1.7
whitmca01,Cam Whitmore,2024-25,HOU,51.0,827.0,28.1,23.7,4.2,8.9,2.9,2.7
rolliry01,Ryan Rollins,2024-25,MIL,56.0,820.0,20.6,16.0,2.7,6.4,6.1,3.1
sassema01,Marcus Sasser,2024-25,DET,57.0,811.0,22.2,17.6,3.0,4.1,7.9,3.2
adamsst01,Steven Adams,2024-25,HOU,58.0,794.0,13.8,10.2,5.7,20.0,4.0,3.3
holidaa01,Aaron Holiday,2024-25,HOU,62.0,792.0,20.9,16.5,2.5,4.8,5.1,2.3
matkoka01,Karlo Matković,2024-25,NOP,42.0,791.0,19.9,14.4,2.7,12.8,2.8,2.6
houstca01,Caleb Houstan,2024-25,ORL,58.0,788.0,15.1,12.0,1.1,4.8,2.2,0.8
micicva01,Vasilije Micić,2024-25,CHO,36.0,764.0,17.3,17.6,2.6,5.6,8.2,4.8
micicva01,Vasilije Micić,2024-25,PHO,5.0,21.0,0.0,0.0,0.0,4.7,2.4,7.1
willija07,Jaylin Williams,2024-25,OKC,47.0,784.0,17.0,13.5,1.8,16.0,7.3,2.1
larsspe01,Pelle Larsson,2024-25,MIA,55.0,782.0,16.0,12.9,3.9,5.9,4.1,1.5
thomaca02,Cam Thomas,2024-25,BRK,25.0,781.0,38.2,28.9,9.6,5.3,6.0,4.0
waterli01,Lindy Waters III,2024-25,GSW,38.0,655.0,15.5,15.2,0.8,7.1,3.1,1.3
waterli01,Lindy Waters III,2024-25,DET,14.0,123.0,18.4,17.2,0.0,5.5,3.9,1.2
balllo01,Lonzo Ball,2024-25,CHI,35.0,777.0,16.0,14.6,1.6,7.1,6.9,2.5
robinor01,Orlando Robinson,2024-25,SAC,9.0,57.0,16.3,14.6,6.0,12.0,7.7,3.4
robinor01,Orlando Robinson,2024-25,TOR,35.0,713.0,19.2,16.5,4.3,13.9,4.6,3.0
gordoer01,Eric Gordon,2024-25,PHI,39.0,768.0,17.1,13.1,3.1,3.0,4.2,1.8
santogu01,Gui Santos,2024-25,GSW,56.0,762.0,14.5,11.4,2.7,11.0,5.1,2.7
shamela01,Landry Shamet,2024-25,NYK,50.0,762.0,18.6,15.0,1.2,4.0,1.8,1.4
mykhasv01,Svi Mykhailiuk,2024-25,UTA,38.0,760.0,21.1,19.1,2.2,5.7,4.8,3.3
drumman01,Andre Drummond,2024-25,PHI,40.0,751.0,19.2,15.4,5.9,20.4,2.2,3.6
walkeja01,Jabari Walker,2024-25,POR,60.0,749.0,20.3,14.9,4.6,13.7,2.4,2.2
huffja01,Jay Huff,2024-25,MEM,64.0,748.0,27.3,19.0,3.5,8.0,2.4,2.1
eubandr01,Drew Eubanks,2024-25,UTA,37.0,568.0,18.2,12.3,4.8,14.2,3.8,2.6
eubandr01,Drew Eubanks,2024-25,LAC,24.0,178.0,18.0,13.6,3.9,16.0,2.5,2.8
hortota01,Talen Horton-Tucker,2024-25,CHI,58.0,724.0,24.4,18.8,6.3,6.4,5.4,2.6
harriga01,Gary Harris,2024-25,ORL,48.0,711.0,10.2,9.3,0.8,4.5,2.1,1.2
pottemi01,Micah Potter,2024-25,UTA,38.0,705.0,11.0,9.2,1.4,11.2,2.1,2.1
howarje01,Jett Howard,2024-25,ORL,60.0,701.0,19.0,18.7,1.6,5.0,3.1,2.6
jordade01,DeAndre Jordan,2024-25,DEN,56.0,691.0,14.5,9.7,4.5,19.8,3.7,2.8
postqu01,Quinten Post,2024-25,GSW,42.0,686.0,24.1,19.4,1.9,10.5,4.0,2.3
weslebl01,Blake Wesley,2024-25,SAS,58.0,683.0,15.4,13.2,4.3,4.3,8.1,3.8
mamuksa01,Sandro Mamukelashvili,2024-25,SAS,61.0,681.0,27.3,19.9,4.1,13.3,3.4,1.8
smartma01,Marcus Smart,2024-25,MEM,19.0,400.0,19.2,17.2,4.2,5.0,8.3,4.1
smartma01,Marcus Smart,2024-25,WAS,15.0,280.0,23.8,18.5,5.9,4.9,6.5,3.2
pickeja02,Jalen Pickett,2024-25,DEN,49.0,666.0,14.4,13.0,0.6,5.1,7.7,1.7
evbuoto01,Tosan Evbuomwan,2024-25,BRK,28.0,665.0,20.0,16.5,5.5,9.0,4.1,2.9
reevean01,Antonio Reeves,2024-25,NOP,44.0,660.0,22.4,18.2,2.6,4.6,2.9,2.2
lowryky01,Kyle Lowry,2024-25,PHI,35.0,659.0,10.3,8.8,2.5,5.0,7.2,1.6
sheppre01,Reed Sheppard,2024-25,HOU,52.0,654.0,17.0,17.8,1.2,5.8,5.6,2.8
joneshe01,Herbert Jones,2024-25,NOP,20.0,648.0,15.3,12.9,3.0,5.8,4.9,2.6
johnsaj01,AJ Johnson,2024-25,MIL,7.0,44.0,22.0,20.9,2.2,7.7,7.7,4.4
johnsaj01,AJ Johnson,2024-25,WAS,22.0,595.0,16.0,15.5,2.8,4.2,5.5,2.5
klebima01,Maxi Kleber,2024-25,DAL,34.0,637.0,7.8,7.3,1.6,7.2,3.3,1.7
wrighde01,Delon Wright,2024-25,MIL,26.0,405.0,7.8,9.8,1.9,5.5,5.7,1.7
wrighde01,Delon Wright,2024-25,NYK,14.0,230.0,12.9,10.6,1.9,4.3,6.3,1.7
simsje01,Jericho Sims,2024-25,NYK,39.0,422.0,7.5,5.4,1.5,15.2,2.6,2.5
simsje01,Jericho Sims,2024-25,MIL,14.0,210.0,7.8,5.8,0.0,15.7,2.5,2.8
okogijo01,Josh Okogie,2024-25,PHO,25.0,351.0,21.1,16.1,4.5,10.1,2.0,2.3
okogijo01,Josh Okogie,2024-25,CHO,15.0,274.0,23.9,17.6,9.5,7.4,3.4,2.7
dowtije01,Jeff Dowtin Jr.,2024-25,PHI,41.0,621.0,22.6,18.3,3.6,4.8,6.2,1.2
theisda01,Daniel Theis,2024-25,NOP,38.0,621.0,12.6,10.1,2.9,12.8,4.7,1.9
josepco01,Cory Joseph,2024-25,ORL,50.0,612.0,14.4,12.6,1.5,6.0,5.9,1.5
nnajize01,Zeke Nnaji,2024-25,DEN,57.0,608.0,14.6,11.2,3.5,7.1,1.8,1.1
edwarke02,Kessler Edwards,2024-25,DAL,40.0,608.0,13.4,10.7,1.0,9.1,3.3,1.3
connapa01,Pat Connaughton,2024-25,MIL,41.0,603.0,17.3,14.2,2.5,8.7,5.6,1.9
mitchaj01,Ajay Mitchell,2024-25,OKC,36.0,597.0,18.8,14.8,2.8,5.5,5.1,2.3
ingrabr01,Brandon Ingram,2024-25,NOP,18.0,595.0,32.6,27.1,4.5,8.1,7.6,5.6
mccaija01,Jared McCain,2024-25,PHI,23.0,592.0,29.3,22.8,4.7,4.7,5.0,3.1
reddica01,Cam Reddish,2024-25,LAL,33.0,589.0,8.8,7.9,2.2,5.5,1.8,1.0
tateja01,Jae'Sean Tate,2024-25,HOU,52.0,588.0,15.6,12.3,3.9,9.7,3.9,1.8
prospol01,Olivier-Maxence Prosper,2024-25,DAL,52.0,584.0,16.6,14.4,6.3,10.4,3.3,1.2
vandeja01,Jarred Vanderbilt,2024-25,LAL,36.0,581.0,12.4,10.2,3.0,15.4,3.5,2.5
embiijo01,Joel Embiid,2024-25,PHI,19.0,574.0,38.8,27.1,14.5,13.3,7.3,5.3
morrimo01,Monte Morris,2024-25,PHO,45.0,571.0,20.2,16.9,3.6,5.8,6.3,1.8
wagnemo01,Moritz Wagner,2024-25,ORL,30.0,564.0,34.2,22.1,9.7,13.1,3.7,4.3
brogdma01,Malcolm Brogdon,2024-25,WAS,24.0,564.0,25.7,20.2,7.8,7.7,8.3,3.2
konchjo01,John Konchar,2024-25,MEM,46.0,558.0,9.3,7.6,0.7,12.6,3.5,1.3
jonesdi01,Dillon Jones,2024-25,OKC,54.0,552.0,11.8,11.6,2.4,10.5,5.1,2.4
poweldw01,Dwight Powell,2024-25,DAL,55.0,551.0,10.0,5.4,3.8,10.4,4.8,1.6
goodwjo01,Jordan Goodwin,2024-25,LAL,29.0,543.0,14.6,13.0,1.0,10.1,3.8,2.4
holmeri01,Richaun Holmes,2024-25,WAS,31.0,534.0,20.5,12.4,5.3,15.8,3.7,1.9
gueyemo02,Mouhamed Gueye,2024-25,ATL,33.0,533.0,17.3,15.0,3.7,12.2,2.4,1.3
biyombi01,Bismack Biyombo,2024-25,SAS,28.0,528.0,13.2,10.4,2.3,14.5,2.8,2.5
clarkja02,Jaylen Clark,2024-25,MIN,40.0,522.0,15.4,11.3,3.5,5.0,2.5,0.8
dilliro01,Rob Dillingham,2024-25,MIN,49.0,516.0,20.9,20.2,1.4,4.8,9.4,5.1
jonesco02,Colby Jones,2024-25,SAC,24.0,130.0,9.8,9.8,0.0,8.7,2.6,2.6
jonesco02,Colby Jones,2024-25,WAS,15.0,385.0,16.2,12.7,4.3,7.9,4.6,2.0
portecr01,Craig Porter Jr.,2024-25,CLE,51.0,513.0,17.6,13.1,3.0,6.3,6.7,3.6
vukcetr01,Tristan Vukcevic,2024-25,WAS,35.0,513.0,30.6,22.4,6.2,12.1,3.6,3.9
paytoel01,Elfrid Payton,2024-25,NOP,18.0,388.0,9.9,12.6,0.9,8.2,18.2,6.5
paytoel01,Elfrid Payton,2024-25,CHO,6.0,123.0,2.4,8.4,0.0,5.2,8.0,2.8
cainja01,Jamal Cain,2024-25,NOP,37.0,502.0,18.9,15.2,4.8,8.2,2.1,2.1
wallake01,Keaton Wallace,2024-25,ATL,31.0,501.0,15.7,15.1,1.0,4.7,7.6,3.1
landajo01,Jock Landale,2024-25,HOU,42.0,500.0,19.5,14.8,3.9,13.3,3.6,2.0
willivi01,Vince Williams Jr.,2024-25,MEM,27.0,499.0,16.7,15.6,2.2,9.1,5.1,3.1
moorewe01,Wendell Moore Jr.,2024-25,DET,20.0,219.0,13.8,11.0,3.1,9.7,5.1,2.0
moorewe01,Wendell Moore Jr.,2024-25,CHO,16.0,280.0,15.3,13.3,1.4,9.0,3.3,3.2
willibr03,Brandon Williams,2024-25,DAL,33.0,487.0,27.3,18.7,6.6,5.8,7.5,3.9
lawsoaj01,A.J. Lawson,2024-25,TOR,26.0,486.0,23.4,18.8,6.2,8.5,3.1,1.5
willigr01,Grant Williams,2024-25,CHO,16.0,479.0,17.0,12.6,3.8,8.4,3.8,2.9
walkelo01,Lonnie Walker IV,2024-25,PHI,20.0,477.0,25.5,21.9,3.1,6.5,5.2,2.6
reathdu01,Duop Reath,2024-25,POR,46.0,469.0,20.1,17.2,2.3,9.5,2.7,1.7
beekmre01,Reece Beekman,2024-25,GSW,2.0,4.0,24.3,12.2,0.0,12.2,12.2,0.0
beekmre01,Reece Beekman,2024-25,BRK,34.0,465.0,9.7,11.3,2.2,4.1,6.6,2.2
joneska01,Kai Jones,2024-25,LAC,28.0,208.0,14.4,8.5,2.8,10.9,2.4,2.4
joneska01,Kai Jones,2024-25,DAL,12.0,260.0,25.5,13.6,3.7,14.7,2.8,1.5
nancela02,Larry Nance Jr.,2024-25,ATL,24.0,463.0,20.5,15.7,1.3,10.4,3.8,1.6
gilleco01,Collin Gillespie,2024-25,PHO,33.0,461.0,20.8,17.0,2.4,8.4,8.4,1.8
ruperra01,Rayan Rupert,2024-25,POR,52.0,460.0,16.4,15.0,3.2,7.4,2.6,3.2
jacksgg01,GG Jackson II,2024-25,MEM,29.0,459.0,21.2,20.2,4.1,9.3,2.9,3.1
tysonja01,Jaylon Tyson,2024-25,CLE,47.0,453.0,17.7,15.8,2.5,10.2,4.7,2.8
bolbo01,Bol Bol,2024-25,PHO,36.0,448.0,26.9,20.2,2.9,11.5,2.4,2.2
reedpa01,Paul Reed,2024-25,DET,45.0,438.0,20.2,15.6,4.6,13.5,4.8,2.9
castlco01,Colin Castleton,2024-25,MEM,10.0,46.0,14.1,10.1,11.1,9.1,0.0,1.0
castlco01,Colin Castleton,2024-25,TOR,11.0,288.0,13.2,10.7,3.0,12.7,3.0,3.5
castlco01,Colin Castleton,2024-25,PHI,5.0,98.0,15.1,12.1,4.5,18.6,5.0,0.5
queentr01,Trevelin Queen,2024-25,ORL,31.0,430.0,17.7,17.1,2.4,6.3,4.4,2.6
branhma01,Malaki Branham,2024-25,SAS,47.0,427.0,26.6,21.5,3.7,5.8,4.3,3.8
millejo02,Jordan Miller,2024-25,LAC,37.0,420.0,17.8,15.7,4.1,6.8,4.0,3.0
bambamo01,Mo Bamba,2024-25,LAC,28.0,352.0,17.9,14.4,3.5,16.8,2.2,2.7
bambamo01,Mo Bamba,2024-25,NOP,4.0,61.0,7.9,7.1,1.6,19.9,1.6,0.8
roddyda01,David Roddy,2024-25,ATL,27.0,346.0,16.5,12.6,3.0,9.5,4.1,2.7
roddyda01,David Roddy,2024-25,PHI,3.0,29.0,30.6,32.3,0.0,15.3,5.1,1.7
roddyda01,David Roddy,2024-25,HOU,3.0,35.0,18.1,18.1,5.6,7.0,2.8,1.4
gibsota01,Taj Gibson,2024-25,CHO,37.0,409.0,12.9,11.4,2.4,14.4,2.5,3.0
diengou01,Ousmane Dieng,2024-25,OKC,37.0,405.0,16.8,14.8,1.9,9.6,3.7,2.1
walshjo01,Jordan Walsh,2024-25,BOS,52.0,403.0,10.2,10.3,1.5,8.6,2.4,2.1
tysonhu01,Hunter Tyson,2024-25,DEN,51.0,400.0,16.1,14.4,3.4,9.4,2.4,1.7
gillan01,Anthony Gill,2024-25,WAS,51.0,397.0,15.5,10.5,6.0,7.9,1.9,1.2
cartede02,Devin Carter,2024-25,SAC,36.0,396.0,17.0,15.7,5.4,9.4,5.1,2.2
greenje02,Jeff Green,2024-25,HOU,32.0,396.0,21.1,14.9,3.2,7.1,2.5,1.1
jemistr01,Trey Jemison,2024-25,NOP,16.0,166.0,11.1,9.3,6.1,12.8,2.9,2.9
jemistr01,Trey Jemison,2024-25,LAL,22.0,226.0,12.4,9.1,2.6,13.3,1.3,3.0
jacksre01,Reggie Jackson,2024-25,PHI,31.0,384.0,17.5,17.1,1.2,5.4,5.8,2.2
scheiba01,Baylor Scheierman,2024-25,BOS,31.0,384.0,14.8,14.4,1.6,8.5,4.3,1.6
jacksqu01,Quenton Jackson,2024-25,IND,28.0,381.0,20.4,15.4,5.0,5.6,6.7,2.0
lenal01,Alex Len,2024-25,SAC,36.0,258.0,9.9,7.8,2.5,12.1,5.7,2.1
lenal01,Alex Len,2024-25,LAL,10.0,122.0,8.9,8.9,1.6,12.5,3.2,3.6
furphjo01,Johnny Furphy,2024-25,IND,50.0,379.0,13.1,11.7,2.8,9.0,2.4,1.5
bassech01,Charles Bassey,2024-25,SAS,36.0,376.0,20.2,15.0,4.2,19.5,2.2,3.0
barlodo01,Dominick Barlow,2024-25,ATL,35.0,375.0,18.5,14.1,4.1,10.6,2.4,0.6
exumda01,Danté Exum,2024-25,DAL,20.0,372.0,22.6,17.4,4.0,4.3,7.3,2.9
baughda01,Damion Baugh,2024-25,CHO,15.0,370.0,14.5,17.3,2.0,6.6,7.4,4.1
sprinja01,Jaden Springer,2024-25,BOS,26.0,141.0,16.0,12.1,7.5,8.5,3.6,1.4
sprinja01,Jaden Springer,2024-25,UTA,17.0,224.0,13.7,12.0,3.6,7.3,4.9,2.6
williro04,Robert Williams,2024-25,POR,20.0,351.0,16.1,10.8,2.4,16.3,2.9,2.4
mcderdo01,Doug McDermott,2024-25,SAC,42.0,342.0,21.0,16.7,0.7,3.1,1.0,0.9
kolokch01,Christian Koloko,2024-25,LAL,37.0,342.0,12.9,9.5,2.0,13.2,2.3,1.7
shannte01,Terrence Shannon Jr.,2024-25,MIN,32.0,339.0,20.1,16.6,3.1,6.8,4.7,2.2
brookke02,Keion Brooks Jr.,2024-25,NOP,14.0,332.0,20.7,15.9,4.4,8.5,1.9,1.8
thomptr01,Tristan Thompson,2024-25,CLE,40.0,328.0,10.1,10.4,4.4,19.6,3.5,2.1
lewisma05,Maxwell Lewis,2024-25,LAL,7.0,29.0,6.8,10.2,0.0,3.4,3.4,3.4
lewisma05,Maxwell Lewis,2024-25,BRK,21.0,298.0,18.7,17.0,1.7,8.9,2.8,2.0
carteje01,Jevon Carter,2024-25,CHI,36.0,321.0,22.2,21.2,1.5,5.7,5.8,1.6
millspa02,Patty Mills,2024-25,UTA,17.0,260.0,13.7,14.0,0.9,3.9,3.9,3.0
millspa02,Patty Mills,2024-25,LAC,12.0,61.0,29.9,16.1,7.3,0.8,4.0,0.8
manntr01,Tre Mann,2024-25,CHO,13.0,319.0,28.2,24.8,3.2,5.9,6.0,3.9
hoodsja01,Jalen Hood-Schifino,2024-25,LAL,2.0,14.0,14.1,3.5,7.0,3.5,3.5,3.5
hoodsja01,Jalen Hood-Schifino,2024-25,PHI,13.0,301.0,16.7,15.9,3.1,4.3,5.9,2.8
craigto01,Torrey Craig,2024-25,CHI,9.0,113.0,25.6,18.6,1.7,10.3,2.1,0.0
craigto01,Torrey Craig,2024-25,BOS,17.0,201.0,11.5,11.2,2.0,12.0,3.0,2.0
mclaujo01,Jordan McLaughlin,2024-25,SAC,28.0,190.0,13.6,11.3,4.1,5.4,6.2,2.8
mclaujo01,Jordan McLaughlin,2024-25,SAS,18.0,124.0,17.5,10.9,2.3,3.5,10.5,1.9
thybuma01,Matisse Thybulle,2024-25,POR,15.0,312.0,17.4,13.7,2.3,8.1,4.4,2.0
jonesis01,Isaac Jones,2024-25,SAC,40.0,304.0,21.6,13.4,5.8,9.2,1.9,2.6
kolekty01,Tyler Kolek,2024-25,NYK,41.0,296.0,13.6,13.7,2.8,4.5,11.7,3.0
robinmi01,Mitchell Robinson,2024-25,NYK,17.0,290.0,14.9,9.6,3.3,17.3,2.2,1.7
minotjo01,Josh Minott,2024-25,MIN,46.0,276.0,21.3,16.1,3.4,8.4,3.2,2.0
brownko01,Kobe Brown,2024-25,LAC,40.0,272.0,13.9,13.0,1.3,11.8,4.3,2.2
smithdr01,Dru Smith,2024-25,MIA,14.0,268.0,16.2,11.4,2.2,6.7,4.3,3.2
wongis01,Isaiah Wong,2024-25,CHO,20.0,265.0,22.3,19.5,6.3,5.9,5.2,3.3
baglema01,Marvin Bagley III,2024-25,WAS,19.0,166.0,26.7,20.3,6.6,16.0,2.0,3.2
baglema01,Marvin Bagley III,2024-25,MEM,12.0,99.0,20.2,16.4,5.6,13.1,1.9,0.5
tshieos01,Oscar Tshiebwe,2024-25,UTA,14.0,255.0,20.1,13.2,5.8,23.0,1.7,1.9
timmedr01,Drew Timme,2024-25,BRK,9.0,254.0,21.4,20.0,3.1,12.7,3.9,2.9
baglema02,Marcus Bagley,2024-25,PHI,10.0,253.0,13.1,13.4,1.9,13.6,1.9,1.4
spencca01,Cam Spencer,2024-25,MEM,25.0,252.0,19.6,15.1,3.5,5.5,6.3,1.1
loveke01,Kevin Love,2024-25,MIA,23.0,251.0,24.2,22.9,4.6,18.7,4.4,2.8
spencpa01,Pat Spencer,2024-25,GSW,39.0,250.0,19.1,19.7,2.9,9.0,9.3,3.5
thorjt01,JT Thor,2024-25,CLE,9.0,42.0,32.1,17.2,9.2,6.9,1.1,6.9
thorjt01,JT Thor,2024-25,WAS,11.0,207.0,9.9,10.1,3.2,9.7,1.1,0.7
carlsbr01,Branden Carlson,2024-25,OKC,32.0,246.0,23.8,18.9,3.5,10.5,2.7,1.4
whiteda01,Dariq Whitehead,2024-25,BRK,20.0,246.0,23.1,19.4,1.0,5.9,2.4,3.0
davisjo06,Johnny Davis,2024-25,WAS,34.0,242.0,15.7,15.3,2.9,7.5,2.2,1.4
martija02,Jaylen Martin,2024-25,BRK,3.0,5.0,29.9,19.9,0.0,0.0,0.0,0.0
martija02,Jaylen Martin,2024-25,WAS,13.0,234.0,15.2,14.6,2.0,8.9,3.5,2.4
hylanbo01,Bones Hyland,2024-25,LAC,20.0,222.0,31.9,25.5,5.8,5.3,6.2,5.3
hylanbo01,Bones Hyland,2024-25,MIN,4.0,17.0,14.5,8.7,0.0,2.9,11.6,2.9
tillmxa01,Xavier Tillman Sr.,2024-25,BOS,33.0,231.0,7.4,11.5,0.9,9.3,1.5,3.0
templga01,Garrett Temple,2024-25,TOR,28.0,227.0,11.2,12.7,2.5,6.1,6.6,2.1
rhodeja01,Jared Rhoden,2024-25,CHO,4.0,12.0,16.4,32.8,0.0,16.4,8.2,4.1
rhodeja01,Jared Rhoden,2024-25,TOR,10.0,215.0,25.5,17.7,5.6,8.5,3.1,1.8
garzalu01,Luka Garza,2024-25,MIN,39.0,219.0,31.1,23.7,7.9,12.2,2.5,2.7
hukpoar01,Ariel Hukporti,2024-25,NYK,25.0,217.0,11.0,7.1,3.0,11.7,2.5,4.8
reeseal01,Alex Reese,2024-25,OKC,1.0,2.0,48.0,24.0,0.0,24.0,0.0,0.0
reeseal01,Alex Reese,2024-25,PHI,14.0,214.0,17.0,12.2,2.8,10.6,0.9,1.4
saricda01,Dario Šarić,2024-25,DEN,16.0,210.0,12.8,13.3,2.3,11.4,5.3,3.4
flaglad01,Adam Flagler,2024-25,OKC,37.0,203.0,15.4,22.7,0.5,6.4,2.8,0.9
okekech01,Chuma Okeke,2024-25,PHI,7.0,171.0,13.8,9.5,0.9,12.4,3.7,0.9
okekech01,Chuma Okeke,2024-25,CLE,2.0,25.0,9.6,13.5,0.0,7.7,3.8,0.0
peterdr01,Drew Peterson,2024-25,BOS,25.0,186.0,14.6,11.1,2.4,10.8,3.5,2.2
fultzma01,Markelle Fultz,2024-25,SAC,21.0,184.0,16.2,17.8,0.3,5.3,7.2,4.0
quinole01,Lester Quiñones,2024-25,PHI,4.0,17.0,26.1,23.2,2.9,11.6,2.9,11.6
quinole01,Lester Quiñones,2024-25,NOP,9.0,166.0,22.5,20.4,3.5,4.4,6.7,2.9
jamesbr02,Bronny James,2024-25,LAL,27.0,181.0,16.8,18.2,3.8,4.9,6.0,3.5
freemen01,Enrique Freeman,2024-25,IND,22.0,181.0,12.2,9.8,5.0,8.0,2.4,1.6
swideco01,Cole Swider,2024-25,DET,2.0,13.0,0.0,18.5,0.0,7.4,3.7,0.0
swideco01,Cole Swider,2024-25,TOR,8.0,156.0,18.2,17.9,0.3,7.7,0.6,1.2
nowelja01,Jaylen Nowell,2024-25,NOP,8.0,168.0,19.3,21.0,3.2,5.8,5.2,2.3
morrima02,Markieff Morris,2024-25,DAL,7.0,41.0,14.2,26.0,0.0,9.4,4.7,2.4
morrima02,Markieff Morris,2024-25,LAL,8.0,124.0,17.5,19.0,2.4,6.0,6.7,1.2
hayeski01,Killian Hayes,2024-25,BRK,6.0,162.0,16.6,13.2,3.7,5.5,9.5,2.8
beaucma01,MarJon Beauchamp,2024-25,MIL,26.0,122.0,20.6,18.6,4.8,12.7,3.2,5.2
beaucma01,MarJon Beauchamp,2024-25,LAC,3.0,17.0,34.8,20.3,11.6,8.7,5.8,2.9
beaucma01,MarJon Beauchamp,2024-25,NYK,6.0,17.0,43.8,32.1,11.7,26.3,2.9,2.9
stevela01,Lamar Stevens,2024-25,MEM,17.0,155.0,22.2,18.9,3.3,11.4,2.4,3.0
etienty01,Tyson Etienne,2024-25,BRK,7.0,151.0,18.1,17.1,3.3,3.0,4.0,2.6
richajo01,Josh Richardson,2024-25,MIA,8.0,150.0,10.6,12.6,1.3,4.0,4.0,2.7
willije02,Nate Williams,2024-25,HOU,20.0,147.0,21.5,20.5,2.6,4.3,3.0,4.6
fernabr01,Bruno Fernando,2024-25,TOR,17.0,147.0,19.0,16.0,2.6,16.7,5.9,4.6
leeda03,Damion Lee,2024-25,PHO,25.0,144.0,28.5,25.4,7.2,6.9,3.8,3.4
brissos01,Oshae Brissett,2024-25,PHI,6.0,142.0,18.1,13.5,4.9,7.6,1.4,2.8
harklej01,Elijah Harkless,2024-25,UTA,10.0,138.0,11.1,12.2,2.1,7.3,2.8,1.0
nancepe01,Pete Nance,2024-25,PHI,7.0,68.0,10.9,10.9,1.4,7.2,2.2,0.0
nancepe01,Pete Nance,2024-25,MIL,6.0,70.0,15.9,11.7,0.0,7.6,4.8,2.8
cancavl01,Vlatko Čančar,2024-25,DEN,13.0,136.0,8.5,9.2,0.0,11.3,3.2,3.9
kelleky01,Kylor Kelley,2024-25,DAL,8.0,67.0,17.3,9.4,4.3,15.2,1.4,0.7
kelleky01,Kylor Kelley,2024-25,NOP,3.0,59.0,8.2,7.4,3.3,14.8,2.5,2.5
ducasal01,Alex Ducas,2024-25,OKC,21.0,125.0,13.8,11.5,0.8,10.0,1.9,1.5
jonessp01,Spencer Jones,2024-25,DEN,20.0,125.0,10.0,13.1,1.2,6.5,1.9,1.9
bufkiko01,Kobe Bufkin,2024-25,ATL,10.0,124.0,20.0,17.7,6.8,7.9,6.4,3.0
smithty02,Tyler Smith,2024-25,MIL,23.0,122.0,26.6,19.8,3.2,9.9,1.6,3.2
meltode01,De'Anthony Melton,2024-25,GSW,6.0,121.0,24.9,21.7,3.2,8.0,6.8,4.0
brownmo01,Moses Brown,2024-25,IND,9.0,46.0,30.3,20.9,5.2,13.6,0.0,6.3
brownmo01,Moses Brown,2024-25,DAL,4.0,73.0,31.1,19.2,4.0,20.5,1.3,3.3
washity02,TyTy Washington Jr.,2024-25,PHO,16.0,118.0,14.7,18.9,2.5,5.4,6.7,1.3
alexatr01,Trey Alexander,2024-25,DEN,24.0,117.0,13.2,16.9,1.6,4.9,4.5,2.1
inglejo01,Joe Ingles,2024-25,MIN,19.0,114.0,6.5,10.0,0.0,4.8,10.0,3.9
cissosi01,Sidy Cissoko,2024-25,SAS,17.0,54.0,19.7,16.1,5.4,9.0,5.4,1.8
cissosi01,Sidy Cissoko,2024-25,POR,5.0,60.0,8.1,9.7,2.4,8.9,7.3,7.3
bradlto01,Tony Bradley,2024-25,IND,14.0,113.0,25.9,19.1,2.6,17.9,2.6,2.1
simsja01,Jaylen Sims,2024-25,CHO,6.0,112.0,18.4,12.3,6.6,2.6,5.3,3.5
dadiepa01,Pacôme Dadiet,2024-25,NYK,18.0,111.0,13.4,13.9,2.7,8.0,2.2,1.8
baldwpa01,Patrick Baldwin Jr.,2024-25,WAS,22.0,101.0,22.1,15.5,1.9,10.4,0.9,2.4
baldwpa01,Patrick Baldwin Jr.,2024-25,LAC,2.0,6.0,49.2,16.4,0.0,24.6,8.2,0.0
livinch01,Chris Livingston,2024-25,MIL,21.0,106.0,13.7,12.3,7.3,16.0,2.3,2.7
crowdja01,Jae Crowder,2024-25,SAC,9.0,103.0,10.9,10.4,2.8,9.5,2.8,1.9
minayju01,Justin Minaya,2024-25,POR,19.0,101.0,8.7,10.1,1.0,4.8,3.4,2.4
johnske10,Keshad Johnson,2024-25,MIA,16.0,98.0,21.9,13.2,4.6,14.3,2.0,2.0
kawamyu01,Yuki Kawamura,2024-25,MEM,22.0,93.0,18.0,15.0,4.5,6.0,9.5,2.5
davisjd01,JD Davison,2024-25,BOS,16.0,93.0,17.8,18.3,3.8,7.0,7.0,7.0
travelu01,Luke Travers,2024-25,CLE,12.0,88.0,6.6,10.9,1.1,10.9,4.4,4.4
umudest01,Stanley Umude,2024-25,MIL,22.0,86.0,8.4,14.6,2.2,9.6,2.2,1.7
knoxke01,Kevin Knox,2024-25,GSW,14.0,84.0,26.6,20.8,4.6,9.8,2.9,2.3
jacksis01,Isaiah Jackson,2024-25,IND,5.0,84.0,20.0,13.2,8.0,16.0,2.9,2.9
garrema01,Marcus Garrett,2024-25,CHO,4.0,79.0,17.4,16.8,2.5,3.7,8.1,3.7
toppija01,Jacob Toppin,2024-25,NYK,16.0,49.0,6.1,10.1,0.0,11.1,4.1,2.0
toppija01,Jacob Toppin,2024-25,ATL,1.0,27.0,29.4,20.8,0.0,6.9,3.5,1.7
batesem01,Emoni Bates,2024-25,CLE,10.0,75.0,23.7,24.4,0.0,4.5,5.1,1.3
hendrta01,Taylor Hendricks,2024-25,UTA,3.0,75.0,9.0,11.5,2.6,9.6,1.3,1.3
duartch01,Chris Duarte,2024-25,CHI,17.0,74.0,22.7,16.4,5.0,12.6,5.7,0.6
plowdda01,Daeqwon Plowden,2024-25,ATL,6.0,72.0,27.9,16.2,1.3,7.1,1.3,2.6
dennira01,RayJ Dennis,2024-25,IND,11.0,70.0,20.6,22.7,1.4,8.2,9.6,3.4
chrisjo01,Josh Christopher,2024-25,MIA,14.0,69.0,20.2,22.4,4.3,6.5,5.8,4.3
ryanma01,Matt Ryan,2024-25,NYK,19.0,68.0,20.4,22.6,1.5,5.8,2.2,2.2
armeltr01,Armel Traoré,2024-25,LAL,9.0,67.0,10.3,13.9,5.1,11.0,0.7,2.2
hallpj01,PJ Hall,2024-25,DEN,19.0,66.0,24.0,17.5,2.9,16.0,2.9,1.5
tomlina01,Nae'Qwan Tomlin,2024-25,CLE,5.0,63.0,27.5,24.4,8.4,16.0,1.5,1.5
bouyeja01,Jamaree Bouyea,2024-25,MIL,5.0,62.0,13.3,9.4,4.7,3.9,7.8,6.2
chrisca02,Cam Christie,2024-25,LAC,13.0,59.0,15.0,20.0,3.3,10.0,5.0,1.7
tuckepj01,P.J. Tucker,2024-25,NYK,3.0,58.0,7.7,6.0,0.0,6.8,0.0,0.9
gortmja01,Jazian Gortman,2024-25,DAL,16.0,57.0,20.4,19.5,3.4,4.2,5.1,4.2
robbili01,Liam Robbins,2024-25,MIL,13.0,57.0,7.6,6.8,8.5,10.2,1.7,5.1
liddeej01,E.J. Liddell,2024-25,CHI,12.0,53.0,18.5,13.2,1.8,7.9,2.6,1.8
roweja01,Jackson Rowe,2024-25,GSW,6.0,52.0,20.6,15.9,5.6,10.3,3.7,0.9
nfalyda01,N'Faly Dante,2024-25,HOU,4.0,51.0,22.9,12.4,4.8,20.0,1.9,1.9
crawfis01,Isaiah Crawford,2024-25,SAC,15.0,46.0,13.8,11.7,4.3,8.5,1.1,1.1
jonesma05,Mason Jones,2024-25,SAC,10.0,45.0,25.0,19.6,5.4,9.8,12.0,1.1
wheelph02,Phillip Wheeler,2024-25,PHI,5.0,44.0,9.0,23.5,2.2,9.0,2.2,1.1
flynnma01,Malachi Flynn,2024-25,CHO,4.0,44.0,17.9,14.5,6.7,7.8,7.8,4.5
mcveija01,Jack McVeigh,2024-25,HOU,9.0,43.0,15.8,19.2,0.0,5.7,1.1,2.3
klintbo01,Bobi Klintman,2024-25,DET,8.0,42.0,17.2,11.4,2.3,8.0,8.0,1.1
johnsja01,James Johnson,2024-25,IND,12.0,37.0,10.4,14.3,1.3,7.8,5.2,5.2
doziepj01,PJ Dozier,2024-25,MIN,9.0,35.0,9.9,4.2,8.5,7.0,7.0,1.4
ingraha01,Harrison Ingram,2024-25,SAS,5.0,35.0,5.5,5.5,0.0,12.4,4.1,1.4
norrimi01,Miles Norris,2024-25,BOS,3.0,35.0,10.0,12.9,2.9,12.9,0.0,0.0
dukeda01,David Duke Jr.,2024-25,SAS,6.0,34.0,22.7,19.9,2.8,7.1,5.7,2.8
cartodj01,D.J. Carton,2024-25,TOR,4.0,33.0,4.4,10.2,1.5,5.8,4.4,5.8
mcgowbr01,Bryce McGowens,2024-25,POR,13.0,32.0,19.7,21.3,9.1,4.6,3.0,6.1
millele01,Leonard Miller,2024-25,MIN,13.0,32.0,30.8,23.1,12.3,17.0,0.0,3.1
chomcul01,Ulrich Chomche,2024-25,TOR,7.0,32.0,7.5,7.5,3.0,12.0,3.0,3.0
bridgja01,Jalen Bridges,2024-25,PHO,8.0,30.0,14.8,11.5,6.6,6.6,0.0,6.6
youngja05,Jahmir Young,2024-25,CHI,6.0,30.0,17.1,7.8,3.1,4.7,9.3,1.6
mcculke01,Kevin McCullar Jr.,2024-25,NYK,4.0,29.0,10.3,12.0,3.4,13.7,3.4,0.0
flowetr01,Trentyn Flowers,2024-25,LAC,6.0,27.0,20.1,20.1,5.5,7.3,0.0,1.8
milleem01,Emanuel Miller,2024-25,CHI,6.0,25.0,18.7,14.9,3.7,14.9,3.7,0.0
jenkida01,Daniss Jenkins,2024-25,DET,7.0,23.0,14.6,20.9,4.2,4.2,6.3,2.1
watsoan02,Anton Watson,2024-25,NYK,9.0,22.0,18.0,20.3,0.0,6.8,4.5,4.5
smithto05,Tolu Smith,2024-25,DET,1.0,22.0,30.6,19.7,6.6,17.5,0.0,4.4
leonsma01,Malevy Leons,2024-25,OKC,6.0,21.0,4.6,4.6,9.1,6.9,2.3,2.3
sanogad01,Adama Sanogo,2024-25,CHI,4.0,21.0,17.8,15.6,0.0,13.3,2.2,2.2
mooreta02,Taze Moore,2024-25,POR,2.0,20.0,14.6,24.3,4.9,19.4,2.4,4.9
harpero02,Ron Harper Jr.,2024-25,DET,1.0,17.0,11.3,22.6,5.7,19.8,5.7,0.0
mobleis01,Isaiah Mobley,2024-25,PHI,1.0,17.0,17.4,20.3,5.8,11.6,14.5,0.0
colliyu01,Yuri Collins,2024-25,GSW,2.0,16.0,6.1,9.1,0.0,9.1,12.2,0.0
newtotr01,Tristen Newton,2024-25,IND,5.0,8.0,18.0,36.0,6.0,0.0,6.0,6.0
newtotr01,Tristen Newton,2024-25,MIN,3.0,8.0,0.0,12.3,0.0,24.7,6.2,6.2
nixda01,Daishen Nix,2024-25,MIN,3.0,13.0,3.8,3.8,7.6,15.2,11.4,15.2
labissk01,Skal Labissière,2024-25,SAC,4.0,12.0,20.4,16.3,0.0,12.2,4.1,0.0
keybr01,Braxton Key,2024-25,GSW,3.0,11.0,13.3,17.7,26.5,8.8,0.0,4.4
cuiyo01,Cui Yongxi,2024-25,BRK,5.0,10.0,14.9,34.8,10.0,10.0,0.0,0.0
mccluma01,Mac McClung,2024-25,ORL,2.0,10.0,0.0,10.0,0.0,5.0,15.0,0.0
olivaqu01,Quincy Olivari,2024-25,LAL,2.0,10.0,14.8,24.6,0.0,0.0,4.9,4.9
daviste02,Terence Davis,2024-25,SAC,1.0,8.0,0.0,12.2,0.0,6.1,6.1,0.0
mcdanja01,Jalen McDaniels,2024-25,WAS,4.0,7.0,0.0,0.0,0.0,0.0,6.8,0.0
minixri01,Riley Minix,2024-25,SAS,1.0,7.0,0.0,6.9,0.0,13.8,0.0,0.0
steveis01,Isaiah Stevens,2024-25,MIA,3.0,6.0,0.0,16.6,0.0,16.6,0.0,0.0
taylote01,Terry Taylor,2024-25,SAC,3.0,6.0,0.0,8.2,0.0,8.2,16.3,0.0
edwarje01,Jesse Edwards,2024-25,MIN,2.0,5.0,0.0,0.0,0.0,0.0,9.9,0.0
wisemja01,James Wiseman,2024-25,IND,1.0,5.0,57.7,38.4,19.2,9.6,0.0,0.0
willial06,Alondes Williams,2024-25,DET,1.0,4.0,60.1,24.0,0.0,0.0,12.0,0.0
pullizy01,Zyon Pullin,2024-25,MEM,3.0,3.0,0.0,15.5,0.0,0.0,0.0,0.0
okafoja01,Jahlil Okafor,2024-25,IND,1.0,3.0,0.0,0.0,0.0,16.0,16.0,0.0
thompam01,Amen Thompson,2025-26,HOU,79.0,2953.0,24.4,17.7,6.6,10.4,7.1,3.2
duranke01,Kevin Durant,2025-26,HOU,78.0,2840.0,35.6,24.2,8.2,7.5,6.5,4.3
banede01,Desmond Bane,2025-26,ORL,82.0,2756.0,28.7,21.0,6.0,5.9,5.9,2.9
camarto01,Toumani Camara,2025-26,POR,82.0,2731.0,19.2,15.6,2.4,7.4,3.5,2.5
smithja05,Jabari Smith Jr.,2025-26,HOU,77.0,2705.0,22.4,18.0,3.9,9.8,2.6,1.9
bridgmi01,Mikal Bridges,2025-26,NYK,82.0,2692.0,21.8,17.7,1.8,5.7,5.6,1.5
barnesc01,Scottie Barnes,2025-26,TOR,80.0,2681.0,26.3,20.4,5.4,10.9,8.6,3.8
maxeyty01,Tyrese Maxey,2025-26,PHI,70.0,2661.0,35.9,27.2,7.6,5.3,8.4,3.1
murraja01,Jamal Murray,2025-26,DEN,75.0,2652.0,35.1,25.0,7.2,6.1,9.8,3.1
whitede01,Derrick White,2025-26,BOS,77.0,2625.0,24.4,21.4,3.9,6.5,8.0,2.6
edgecvj01,VJ Edgecombe,2025-26,PHI,75.0,2623.0,22.1,19.0,3.3,7.8,5.8,2.5
randlju01,Julius Randle,2025-26,MIN,79.0,2610.0,30.5,22.1,9.1,9.7,7.3,4.0
ingrabr01,Brandon Ingram,2025-26,TOR,77.0,2604.0,31.0,24.1,6.7,8.1,5.3,3.5
alexani01,Nickeil Alexander-Walker,2025-26,ATL,78.0,2603.0,29.5,21.7,5.6,4.9,5.2,2.9
brunsja01,Jalen Brunson,2025-26,NYK,74.0,2590.0,36.9,28.2,8.1,4.7,9.6,3.4
pritcpa01,Payton Pritchard,2025-26,BOS,79.0,2556.0,26.6,21.6,2.7,6.2,8.1,2.2
knuepko01,Kon Knueppel,2025-26,CHO,81.0,2551.0,29.1,21.1,4.4,8.4,5.3,3.1
johnsja05,Jalen Johnson,2025-26,ATL,72.0,2532.0,30.2,22.9,7.1,13.8,10.6,4.6
daniedy01,Dyson Daniels,2025-26,ATL,76.0,2520.0,16.9,14.6,2.3,9.7,8.4,2.5
banchpa01,Paolo Banchero,2025-26,ORL,72.0,2502.0,30.7,22.1,11.3,11.6,7.2,4.3
divindo01,Donte DiVincenzo,2025-26,MIN,82.0,2494.0,19.1,16.0,2.0,6.4,6.0,2.3
brownja02,Jaylen Brown,2025-26,BOS,71.0,2443.0,42.2,32.0,11.1,10.2,7.5,5.4
hardeja01,James Harden,2025-26,LAC,44.0,1559.0,35.7,24.6,11.9,6.8,11.4,5.2
hardeja01,James Harden,2025-26,CLE,26.0,879.0,29.2,19.2,8.2,6.8,10.9,4.5
derozde01,DeMar DeRozan,2025-26,SAC,77.0,2406.0,28.5,20.2,8.7,4.5,6.4,1.9
sengual01,Alperen Şengün,2025-26,HOU,72.0,2398.0,30.5,23.4,7.8,13.3,9.3,4.7
bridgmi02,Miles Bridges,2025-26,CHO,77.0,2387.0,27.3,21.6,5.3,9.3,5.1,2.2
goberru01,Rudy Gobert,2025-26,MIN,76.0,2380.0,16.6,9.9,6.1,17.5,2.6,2.1
rolliry01,Ryan Rollins,2025-26,MIL,74.0,2376.0,26.5,21.3,3.2,7.0,8.6,4.2
adebaba01,Bam Adebayo,2025-26,MIA,73.0,2365.0,28.8,22.5,8.3,14.4,4.6,2.4
flaggco01,Cooper Flagg,2025-26,DAL,70.0,2344.0,29.6,24.0,6.9,9.4,6.4,3.2
mitchdo01,Donovan Mitchell,2025-26,CLE,70.0,2342.0,40.1,28.8,8.8,6.5,8.2,4.1
murphtr02,Trey Murphy III,2025-26,NOP,66.0,2341.0,29.0,21.5,5.0,7.7,5.1,2.5
podzibr01,Brandin Podziemski,2025-26,GSW,82.0,2333.0,23.5,18.0,5.0,8.7,6.3,2.7
townska01,Karl-Anthony Towns,2025-26,NYK,75.0,2322.0,32.1,22.0,8.9,19.0,4.8,4.0
mcdanja02,Jaden McDaniels,2025-26,MIN,73.0,2316.0,22.3,16.7,3.6,6.4,4.1,2.7
okongon01,Onyeka Okongwu,2025-26,ATL,74.0,2297.0,23.1,17.7,4.2,11.6,4.7,2.6
doncilu01,Luka Dončić,2025-26,LAL,64.0,2289.0,45.7,31.1,13.8,10.6,11.3,5.4
cartewe01,Wendell Carter Jr.,2025-26,ORL,78.0,2288.0,19.4,13.4,5.2,12.1,3.2,2.1
gilleco01,Collin Gillespie,2025-26,PHO,80.0,2282.0,21.9,18.2,1.9,7.1,8.0,2.7
carrica01,Bub Carrington,2025-26,WAS,82.0,2271.0,18.3,15.5,2.3,5.8,7.9,4.0
greenaj01,A.J. Green,2025-26,MIL,78.0,2270.0,17.5,13.4,1.3,4.6,3.3,1.6
champju02,Julian Champagnie,2025-26,SAS,82.0,2266.0,19.3,14.6,2.9,10.0,2.7,1.5
jokicni01,Nikola Jokić,2025-26,DEN,65.0,2265.0,38.8,24.4,10.3,18.0,15.0,5.2
mccolcj01,CJ McCollum,2025-26,WAS,35.0,1082.0,28.8,23.2,4.5,5.4,5.5,2.5
mccolcj01,CJ McCollum,2025-26,ATL,41.0,1182.0,30.6,25.0,5.4,5.1,6.7,3.1
gilgesh01,Shai Gilgeous-Alexander,2025-26,OKC,68.0,2259.0,45.3,28.3,13.1,6.3,9.6,3.2
buzelma01,Matas Buzelis,2025-26,CHI,77.0,2248.0,26.1,20.1,5.0,9.3,3.3,3.3
beysa01,Saddiq Bey,2025-26,NOP,72.0,2246.0,27.1,20.6,6.3,8.5,3.9,1.4
chrisma02,Max Christie,2025-26,DAL,77.0,2244.0,19.9,15.2,2.9,5.2,3.2,2.0
foxde01,De'Aaron Fox,2025-26,SAS,72.0,2231.0,28.8,22.5,5.3,5.8,9.6,3.5
quickim01,Immanuel Quickley,2025-26,TOR,70.0,2231.0,25.1,19.8,4.5,6.2,9.1,2.2
dunnkr01,Kris Dunn,2025-26,LAC,82.0,2230.0,13.3,10.6,1.8,6.0,6.6,2.5
anunoog01,OG Anunoby,2025-26,NYK,67.0,2224.0,24.9,17.9,4.9,7.8,3.2,2.7
onealro01,Royce O'Neale,2025-26,PHO,78.0,2213.0,17.1,14.0,0.8,8.3,4.6,2.3
grimequ01,Quentin Grimes,2025-26,PHI,75.0,2206.0,22.0,16.5,5.2,6.0,5.3,2.9
avdijde01,Deni Avdija,2025-26,POR,66.0,2199.0,34.7,23.1,13.2,9.9,9.6,5.5
marshna01,Naji Marshall,2025-26,DAL,74.0,2184.0,24.4,17.7,6.5,7.5,5.2,2.6
cunnica01,Cade Cunningham,2025-26,DET,64.0,2172.0,34.1,26.5,8.5,7.9,14.1,5.3
sheppre01,Reed Sheppard,2025-26,HOU,82.0,2147.0,25.8,22.0,2.0,5.5,6.4,2.9
bookede01,Devin Booker,2025-26,PHO,64.0,2146.0,38.4,27.6,12.0,5.7,8.9,4.6
edwaran01,Anthony Edwards,2025-26,MIN,61.0,2137.0,39.3,27.5,9.8,6.7,5.0,3.9
hardati02,Tim Hardaway Jr.,2025-26,DEN,80.0,2127.0,24.8,17.9,4.5,4.7,2.5,1.0
jaqueja01,Jaime Jaquez Jr.,2025-26,MIA,75.0,2121.0,25.2,20.0,4.7,8.2,7.7,3.3
robindu01,Duncan Robinson,2025-26,DET,77.0,2113.0,21.5,16.0,2.5,4.7,3.6,1.2
fearsje01,Jeremiah Fears,2025-26,NOP,82.0,2112.0,26.5,22.8,5.6,6.8,6.3,4.0
clingdo01,Donovan Clingan,2025-26,POR,77.0,2094.0,21.3,15.6,4.6,20.3,3.7,2.2
leonaka01,Kawhi Leonard,2025-26,LAC,65.0,2085.0,43.3,30.0,9.9,9.9,5.6,3.2
mobleev01,Evan Mobley,2025-26,CLE,65.0,2074.0,27.3,19.9,6.9,13.6,5.4,2.8
wiggian01,Andrew Wiggins,2025-26,MIA,68.0,2063.0,23.5,18.5,3.6,7.4,4.1,2.3
laravja01,Jake LaRavia,2025-26,LAL,82.0,2061.0,16.0,12.4,3.6,7.7,3.4,2.1
siakapa01,Pascal Siakam,2025-26,IND,62.0,2057.0,34.3,26.7,8.7,9.5,5.5,3.2
wallaca01,Cason Wallace,2025-26,OKC,77.0,2046.0,15.6,13.8,1.6,5.6,4.7,1.7
vassede01,Devin Vassell,2025-26,SAS,67.0,2044.0,21.9,17.7,3.1,6.3,3.9,1.4
castlst01,Stephon Castle,2025-26,SAS,68.0,2038.0,26.7,19.3,9.0,8.5,11.8,5.1
queende01,Derik Queen,2025-26,NOP,81.0,2023.0,22.4,17.7,6.5,13.5,7.0,4.5
ballla01,LaMelo Ball,2025-26,CHO,72.0,2017.0,35.5,30.6,4.4,8.5,12.6,5.0
reidna01,Naz Reid,2025-26,MIN,77.0,2007.0,24.9,20.7,2.9,11.3,4.0,3.0
mitchda01,Davion Mitchell,2025-26,MIA,70.0,2000.0,15.2,12.4,1.5,4.3,10.5,2.5
brownbr01,Bruce Brown,2025-26,DEN,82.0,1998.0,15.9,12.7,3.1,7.8,4.2,2.2
holmgch01,Chet Holmgren,2025-26,OKC,69.0,1997.0,28.6,18.9,6.9,14.9,2.8,2.6
hartjo01,Josh Hart,2025-26,NYK,66.0,1994.0,19.7,14.7,3.1,12.1,7.9,3.2
jamesle01,LeBron James,2025-26,LAL,60.0,1989.0,30.8,22.6,7.8,8.9,10.6,4.4
baileac01,Ace Bailey,2025-26,UTA,72.0,1988.0,23.4,21.1,2.1,7.1,3.1,2.5
barneha02,Harrison Barnes,2025-26,SAS,77.0,1986.0,18.5,13.9,3.0,5.2,3.6,1.5
durenja01,Jalen Duren,2025-26,DET,70.0,1976.0,33.4,19.7,10.5,18.0,3.4,3.2
millebr02,Brandon Miller,2025-26,CHO,65.0,1968.0,33.0,26.3,5.6,8.0,5.5,4.1
raynama01,Maxime Raynaud,2025-26,SAC,74.0,1964.0,22.7,16.5,4.1,13.7,2.5,2.3
aytonde01,Deandre Ayton,2025-26,LAL,72.0,1958.0,22.4,15.0,3.5,14.3,1.5,2.1
walkeja02,Jarace Walker,2025-26,IND,76.0,1953.0,21.5,17.8,4.5,9.5,4.7,3.4
hausesa01,Sam Hauser,2025-26,BOS,78.0,1934.0,18.8,15.7,0.5,7.9,3.0,0.9
hachiru01,Rui Hachimura,2025-26,LAL,68.0,1927.0,19.8,15.1,1.8,5.7,1.4,1.1
quetane01,Neemias Queta,2025-26,BOS,76.0,1926.0,20.4,13.1,4.6,16.7,3.3,2.0
claxtni01,Nic Claxton,2025-26,BRK,69.0,1920.0,20.9,15.0,5.9,12.3,6.5,2.5
turnemy01,Myles Turner,2025-26,MIL,71.0,1912.0,21.8,16.6,4.6,9.7,2.6,2.1
johnske04,Keldon Johnson,2025-26,SAS,82.0,1911.0,27.2,20.0,4.9,11.1,2.8,1.8
blackan01,Anthony Black,2025-26,ORL,64.0,1910.0,24.1,19.4,5.8,6.1,5.9,3.3
dasiltr01,Tristan Da Silva,2025-26,ORL,77.0,1899.0,19.3,15.7,2.4,7.2,3.1,1.7
diabamo01,Moussa Diabaté,2025-26,CHO,73.0,1899.0,15.0,9.5,4.6,16.6,3.7,1.9
thompau01,Ausar Thompson,2025-26,DET,73.0,1896.0,18.4,14.7,4.9,10.7,5.8,2.8
cliffni01,Nique Clifford,2025-26,SAC,75.0,1882.0,16.6,15.3,2.5,7.2,4.6,3.0
dosunay01,Ayo Dosunmu,2025-26,CHI,45.0,1187.0,26.7,19.2,4.1,5.4,6.5,2.4
dosunay01,Ayo Dosunmu,2025-26,MIN,24.0,694.0,23.7,18.0,2.8,6.9,5.8,2.4
collijo01,John Collins,2025-26,LAC,69.0,1872.0,24.8,17.5,4.1,9.8,1.9,2.5
greendr01,Draymond Green,2025-26,GSW,68.0,1869.0,14.8,12.7,2.2,9.7,9.8,4.7
wembavi01,Victor Wembanyama,2025-26,SAS,64.0,1866.0,41.2,27.8,11.6,18.9,5.1,4.0
westbru01,Russell Westbrook,2025-26,SAC,64.0,1853.0,25.3,21.9,4.8,9.1,11.1,5.5
sheadja01,Jamal Shead,2025-26,TOR,82.0,1852.0,14.4,13.3,3.1,3.8,11.7,2.9
larsspe01,Pelle Larsson,2025-26,MIA,70.0,1849.0,20.1,14.0,5.8,6.1,5.9,2.5
dortlu01,Luguentz Dort,2025-26,OKC,69.0,1849.0,15.1,13.7,1.5,6.4,2.2,1.4
jamessi01,Sion James,2025-26,CHO,82.0,1843.0,11.9,10.0,2.6,7.7,4.4,1.7
willizi01,Zion Williamson,2025-26,NOP,62.0,1841.0,33.8,21.0,12.1,9.2,5.2,3.3
wellsja01,Jaylen Wells,2025-26,MEM,69.0,1821.0,22.5,18.2,4.4,5.7,2.9,1.9
vucevni01,Nikola Vučević,2025-26,CHI,48.0,1480.0,25.6,20.9,2.3,13.6,5.7,2.2
vucevni01,Nikola Vučević,2025-26,BOS,16.0,338.0,23.2,20.8,2.8,15.9,4.8,2.4
ighodos01,Oso Ighodaro,2025-26,PHO,82.0,1808.0,14.5,10.0,3.2,11.4,5.1,2.8
kuzmaky01,Kyle Kuzma,2025-26,MIL,69.0,1806.0,24.4,18.8,5.1,8.5,5.0,3.2
filipky01,Kyle Filipowski,2025-26,UTA,77.0,1801.0,22.9,17.1,5.5,14.4,5.2,3.3
nembhan01,Andrew Nembhard,2025-26,IND,57.0,1786.0,25.7,20.0,6.2,4.3,11.6,3.6
georgke01,Keyonte George,2025-26,UTA,54.0,1786.0,33.5,23.1,9.9,5.2,8.7,4.4
clownno01,Noah Clowney,2025-26,BRK,66.0,1780.0,22.5,17.5,6.2,7.6,3.0,2.8
tysonja01,Jaylon Tyson,2025-26,CLE,66.0,1777.0,23.6,18.1,2.9,9.1,4.0,2.7
smartma01,Marcus Smart,2025-26,LAL,62.0,1769.0,16.0,13.1,3.6,4.7,5.1,2.5
sensabr01,Brice Sensabaugh,2025-26,UTA,75.0,1762.0,29.7,22.8,5.4,6.2,3.8,3.3
reaveau01,Austin Reaves,2025-26,LAL,51.0,1762.0,32.9,21.1,10.3,6.7,7.8,4.2
jonestr01,Tre Jones,2025-26,CHI,65.0,1752.0,24.4,16.5,6.1,5.5,9.4,2.5
mamuksa01,Sandro Mamukelashvili,2025-26,TOR,80.0,1751.0,24.9,17.6,4.4,11.0,4.2,1.9
harrito02,Tobias Harris,2025-26,DET,63.0,1746.0,23.2,18.3,4.3,8.9,4.3,1.7
achiupr01,Precious Achiuwa,2025-26,SAC,73.0,1745.0,20.4,16.6,3.9,13.6,2.8,1.8
washipj01,P.J. Washington,2025-26,DAL,56.0,1736.0,21.5,17.9,4.9,10.7,2.7,2.6
giddejo01,Josh Giddey,2025-26,CHI,54.0,1731.0,24.9,19.4,6.2,12.1,13.4,5.3
barrerj01,RJ Barrett,2025-26,TOR,57.0,1726.0,31.0,23.1,7.9,8.5,5.3,2.8
huffja01,Jay Huff,2025-26,IND,82.0,1719.0,21.6,16.9,2.7,9.0,3.3,2.1
powelno01,Norman Powell,2025-26,MIA,58.0,1717.0,34.1,24.2,8.6,5.5,3.9,3.0
spencca01,Cam Spencer,2025-26,MEM,72.0,1714.0,22.1,15.4,3.7,5.1,11.1,2.6
wareke01,Kel'el Ware,2025-26,MIA,77.0,1704.0,23.2,17.7,2.6,18.9,1.5,1.7
brookdi01,Dillon Brooks,2025-26,PHO,56.0,1702.0,32.8,27.8,5.9,5.9,2.9,2.8
schrode01,Dennis Schröder,2025-26,SAC,40.0,1056.0,23.4,19.3,6.1,5.6,9.7,3.6
schrode01,Dennis Schröder,2025-26,CLE,30.0,641.0,18.4,15.5,5.4,5.1,9.7,3.4
okorois01,Isaac Okoro,2025-26,CHI,63.0,1695.0,16.1,12.7,3.1,4.8,2.8,1.3
grantje01,Jerami Grant,2025-26,POR,57.0,1695.0,29.9,20.6,9.1,5.6,3.4,3.4
barlodo01,Dominick Barlow,2025-26,PHI,71.0,1689.0,15.6,11.4,3.7,9.7,2.5,1.6
portemi01,Michael Porter Jr.,2025-26,BRK,52.0,1689.0,36.9,28.1,6.6,10.7,4.6,3.6
kennalu01,Luke Kennard,2025-26,ATL,46.0,944.0,18.2,12.0,1.8,5.0,4.8,1.6
kennalu01,Luke Kennard,2025-26,LAL,32.0,737.0,19.1,13.4,2.3,5.5,5.2,1.9
johnsca02,Cameron Johnson,2025-26,DEN,54.0,1647.0,19.6,14.1,3.3,6.1,3.9,1.4
lopezbr01,Brook Lopez,2025-26,LAC,75.0,1635.0,19.3,16.5,2.3,8.3,3.0,1.9
rileywi01,Will Riley,2025-26,WAS,74.0,1633.0,22.2,17.9,5.2,6.1,4.2,2.7
willico04,Cody Williams,2025-26,UTA,67.0,1631.0,16.9,14.6,3.4,5.7,3.9,2.1
mathube01,Bennedict Mathurin,2025-26,IND,28.0,891.0,26.5,19.1,7.8,8.1,3.4,3.4
mathube01,Bennedict Mathurin,2025-26,LAC,26.0,729.0,30.8,21.8,13.0,9.7,4.5,3.7
portibo01,Bobby Portis,2025-26,MIL,67.0,1619.0,27.8,22.8,2.1,13.0,3.2,2.0
sextoco01,Collin Sexton,2025-26,CHO,42.0,938.0,31.5,21.9,8.1,4.2,8.3,4.7
sextoco01,Collin Sexton,2025-26,CHI,26.0,676.0,31.4,22.7,7.0,5.2,4.6,3.6
cowarce01,Cedric Coward,2025-26,MEM,62.0,1598.0,25.0,19.2,4.9,10.8,5.1,3.1
watsope01,Peyton Watson,2025-26,DEN,54.0,1598.0,24.1,17.7,5.8,8.1,3.4,2.8
joneshe01,Herbert Jones,2025-26,NOP,56.0,1588.0,14.9,14.4,1.9,5.7,4.7,2.2
suggsja01,Jalen Suggs,2025-26,ORL,57.0,1574.0,24.0,19.8,3.6,6.7,9.5,4.6
oubreke01,Kelly Oubre Jr.,2025-26,PHI,50.0,1574.0,21.6,16.7,4.4,7.7,2.5,2.1
goodwjo01,Jordan Goodwin,2025-26,PHO,70.0,1572.0,19.1,17.4,1.8,10.7,4.7,2.1
holidjr01,Jrue Holiday,2025-26,POR,53.0,1560.0,26.5,21.7,3.2,7.5,9.9,4.5
harpedy01,Dylan Harper,2025-26,SAS,69.0,1558.0,25.1,20.2,3.7,7.2,8.2,3.1
hollaro01,Ron Holland,2025-26,DET,78.0,1551.0,20.0,17.0,4.6,9.8,3.0,3.0
easonta01,Tari Eason,2025-26,HOU,60.0,1549.0,20.2,18.7,2.2,12.1,2.9,2.6
huertke01,Kevin Huerter,2025-26,CHI,44.0,1037.0,21.6,18.2,2.5,7.6,5.2,2.2
huertke01,Kevin Huerter,2025-26,DET,25.0,512.0,20.2,18.1,1.4,6.7,5.9,2.2
moodymo01,Moses Moody,2025-26,GSW,60.0,1540.0,22.9,17.5,3.6,6.3,3.1,1.8
mannte01,Terance Mann,2025-26,BRK,63.0,1529.0,14.7,11.9,2.6,6.5,6.1,2.3
allenja01,Jarrett Allen,2025-26,CLE,56.0,1519.0,27.2,16.7,8.3,15.1,3.2,2.4
colliis01,Isaiah Collier,2025-26,UTA,59.0,1517.0,21.3,15.9,6.5,4.6,13.1,4.6
joeis01,Isaiah Joe,2025-26,OKC,71.0,1507.0,25.2,17.4,3.9,5.8,3.0,1.4
landajo01,Jock Landale,2025-26,MEM,45.0,1060.0,22.7,17.4,4.0,13.1,3.4,2.1
landajo01,Jock Landale,2025-26,ATL,23.0,446.0,22.1,16.8,3.9,10.1,4.2,1.5
risacza01,Zaccharie Risacher,2025-26,ATL,67.0,1503.0,20.1,16.8,2.8,8.1,2.4,1.8
thompkl01,Klay Thompson,2025-26,DAL,69.0,1497.0,25.5,22.9,1.5,4.5,3.0,2.0
kalkbry01,Ryan Kalkbrenner,2025-26,CHO,69.0,1479.0,17.5,9.8,3.9,12.6,1.8,2.1
elliske01,Keon Ellis,2025-26,SAC,43.0,758.0,15.3,13.3,2.0,3.5,1.7,1.3
elliske01,Keon Ellis,2025-26,CLE,29.0,720.0,16.1,11.7,2.5,5.3,3.1,1.3
walteja01,Ja'Kobe Walter,2025-26,TOR,72.0,1474.0,17.9,13.4,3.0,6.1,2.8,1.2
willipa01,Patrick Williams,2025-26,CHI,72.0,1474.0,16.0,15.2,2.4,6.8,3.3,2.4
mitchaj01,Ajay Mitchell,2025-26,OKC,57.0,1473.0,25.4,19.4,5.3,6.2,6.8,2.7
sharpsh01,Shaedon Sharpe,2025-26,POR,50.0,1471.0,33.8,28.2,6.4,7.0,4.3,4.8
coulibi01,Bilal Coulibaly,2025-26,WAS,56.0,1468.0,21.2,17.5,5.7,7.8,4.7,2.6
allengr01,Grayson Allen,2025-26,PHO,51.0,1467.0,28.3,22.5,5.7,5.2,6.6,2.8
willibr03,Brandon Williams,2025-26,DAL,66.0,1463.0,27.7,19.9,9.8,6.2,8.3,4.0
jenkida01,Daniss Jenkins,2025-26,DET,72.0,1455.0,22.3,18.9,5.4,5.5,9.2,3.8
jacksja02,Jaren Jackson Jr.,2025-26,MEM,45.0,1382.0,29.6,23.0,6.4,8.9,2.9,3.4
jacksja02,Jaren Jackson Jr.,2025-26,UTA,3.0,72.0,43.7,31.9,10.4,8.5,5.2,4.6
greenja02,Javonte Green,2025-26,DET,82.0,1446.0,19.0,13.8,4.2,7.7,1.9,1.5
zubaciv01,Ivica Zubac,2025-26,LAC,43.0,1328.0,23.2,16.1,4.9,17.7,3.6,3.1
zubaciv01,Ivica Zubac,2025-26,IND,5.0,118.0,23.4,21.3,4.0,14.5,3.6,1.6
johnstr03,Tre Johnson,2025-26,WAS,60.0,1443.0,24.1,21.2,2.9,5.6,4.0,3.1
markkla01,Lauri Markkanen,2025-26,UTA,42.0,1443.0,36.5,26.2,8.7,9.4,2.9,2.0
middlkh01,Khris Middleton,2025-26,WAS,34.0,827.0,20.1,17.2,4.0,7.7,6.4,3.3
middlkh01,Khris Middleton,2025-26,DAL,29.0,612.0,22.3,18.5,5.2,7.5,5.0,3.9
cissosi01,Sidy Cissoko,2025-26,POR,75.0,1435.0,12.7,11.1,2.9,5.5,3.7,2.3
kornelu01,Luke Kornet,2025-26,SAS,68.0,1430.0,14.9,9.1,3.8,13.9,4.2,0.9
scheiba01,Baylor Scheierman,2025-26,BOS,77.0,1429.0,15.1,11.8,1.1,9.5,4.1,1.6
jonessp01,Spencer Jones,2025-26,DEN,64.0,1417.0,12.1,9.0,1.8,7.2,1.8,1.1
willima07,Mark Williams,2025-26,PHO,60.0,1416.0,24.4,15.3,6.1,16.6,2.0,2.3
wiggiaa01,Aaron Wiggins,2025-26,OKC,65.0,1414.0,20.9,18.3,2.5,6.8,3.7,2.8
claytwa01,Walter Clayton,2025-26,UTA,45.0,811.0,17.7,14.8,3.6,5.1,8.3,3.3
claytwa01,Walter Clayton,2025-26,MEM,24.0,599.0,18.3,16.2,4.7,4.0,10.8,4.7
braunch01,Christian Braun,2025-26,DEN,44.0,1399.0,18.3,13.6,3.5,7.4,4.2,1.5
santogu01,Gui Santos,2025-26,GSW,68.0,1395.0,21.7,16.0,4.2,9.2,5.5,3.5
krejcvi01,Vít Krejčí,2025-26,ATL,46.0,1028.0,19.0,14.1,1.7,4.5,3.1,1.4
krejcvi01,Vít Krejčí,2025-26,POR,19.0,364.0,17.8,15.9,2.0,6.7,4.2,1.4
georgky01,Kyshawn George,2025-26,WAS,48.0,1391.0,24.2,19.6,4.5,8.3,7.3,4.3
sheppbe01,Ben Sheppard,2025-26,IND,65.0,1390.0,15.7,13.2,1.7,6.7,3.9,1.4
champju01,Justin Champagnie,2025-26,WAS,69.0,1377.0,20.5,15.9,3.5,13.2,2.9,1.5
richawi02,Will Richard,2025-26,GSW,69.0,1377.0,15.5,12.2,1.9,6.1,3.3,1.9
trentga02,Gary Trent Jr.,2025-26,MIL,65.0,1377.0,18.9,16.9,1.9,2.4,2.8,1.5
merrisa01,Sam Merrill,2025-26,CLE,52.0,1377.0,23.1,16.9,2.4,4.6,4.4,1.5
simonan01,Anfernee Simons,2025-26,BOS,49.0,1202.0,29.2,23.9,3.0,5.0,4.9,2.3
simonan01,Anfernee Simons,2025-26,CHI,6.0,170.0,25.1,22.0,1.4,4.7,5.0,3.6
alvarjo01,Jose Alvarado,2025-26,NOP,41.0,896.0,17.3,14.9,1.3,6.1,6.8,2.5
alvarjo01,Jose Alvarado,2025-26,NYK,28.0,474.0,19.5,17.7,2.3,6.0,11.1,3.1
monkma01,Malik Monk,2025-26,SAC,62.0,1364.0,27.4,22.4,3.8,4.1,6.6,3.2
dunnry01,Ryan Dunn,2025-26,PHO,70.0,1355.0,14.8,13.2,1.7,10.8,3.7,2.0
okogijo01,Josh Okogie,2025-26,HOU,78.0,1354.0,13.0,10.8,2.5,7.4,2.5,1.5
sandeko01,Kobe Sanders,2025-26,LAC,68.0,1351.0,18.2,14.1,2.5,5.6,4.0,3.0
jonesde02,Derrick Jones Jr.,2025-26,LAC,50.0,1350.0,18.6,14.0,3.4,6.4,2.5,1.5
garlada01,Darius Garland,2025-26,CLE,26.0,792.0,28.3,22.9,4.8,3.8,10.9,4.4
garlada01,Darius Garland,2025-26,LAC,19.0,552.0,34.1,26.6,3.9,4.0,10.9,5.1
nesmiaa01,Aaron Nesmith,2025-26,IND,45.0,1335.0,22.1,18.2,4.0,6.7,3.1,2.2
murrakr01,Kris Murray,2025-26,POR,57.0,1333.0,11.9,9.9,2.0,7.4,2.9,1.7
curryst01,Stephen Curry,2025-26,GSW,43.0,1329.0,41.7,29.1,8.1,5.6,7.4,4.4
millejo02,Jordan Miller,2025-26,LAC,60.0,1325.0,22.4,15.0,6.6,6.8,5.1,2.4
poweldr01,Drake Powell,2025-26,BRK,63.0,1320.0,15.3,13.4,2.9,4.2,3.4,2.2
simsje01,Jericho Sims,2025-26,MIL,67.0,1318.0,12.5,6.9,2.6,13.8,3.9,2.8
wadede01,Dean Wade,2025-26,CLE,59.0,1318.0,12.5,10.1,1.4,9.0,3.2,0.6
stewais01,Isaiah Stewart,2025-26,DET,58.0,1317.0,21.3,14.8,4.8,10.6,2.4,2.5
demineg01,Egor Dëmin,2025-26,BRK,52.0,1308.0,20.3,17.0,2.5,6.2,6.5,3.3
sarral01,Alex Sarr,2025-26,WAS,48.0,1305.0,28.4,23.8,5.3,12.9,4.7,3.0
missiyv01,Yves Missi,2025-26,NOP,66.0,1297.0,13.9,10.8,3.8,14.2,3.1,2.0
batumni01,Nicolas Batum,2025-26,LAC,74.0,1295.0,11.3,9.1,0.4,7.1,2.5,1.4
willizi02,Ziaire Williams,2025-26,BRK,56.0,1281.0,22.1,16.7,5.4,5.2,2.3,2.3
clarkjo01,Jordan Clarkson,2025-26,NYK,72.0,1279.0,24.1,20.4,3.6,4.9,3.7,2.4
willija07,Jaylin Williams,2025-26,OKC,65.0,1277.0,17.8,13.3,3.5,13.6,6.0,2.5
porteke02,Kevin Porter Jr.,2025-26,MIL,38.0,1261.0,25.8,20.0,6.1,7.7,10.9,4.3
whiteco01,Coby White,2025-26,CHI,29.0,843.0,30.0,21.8,8.6,6.0,7.6,4.9
whiteco01,Coby White,2025-26,CHO,21.0,406.0,40.1,28.1,10.6,7.6,7.8,4.9
murraco01,Collin Murray-Boyles,2025-26,TOR,57.0,1246.0,18.9,13.4,4.2,11.2,4.1,2.3
traorno01,Nolan Traoré,2025-26,BRK,56.0,1243.0,19.9,19.1,3.7,3.9,8.5,5.1
bonaad01,Adem Bona,2025-26,PHI,71.0,1234.0,13.5,8.6,4.4,12.0,1.3,2.2
drumman01,Andre Drummond,2025-26,PHI,63.0,1231.0,15.8,13.2,3.3,20.9,3.1,2.4
spencpa01,Pat Spencer,2025-26,GSW,66.0,1229.0,18.8,17.2,2.2,6.2,9.2,3.4
lavinza01,Zach LaVine,2025-26,SAC,39.0,1224.0,29.6,21.6,5.6,4.3,3.5,2.9
walshjo01,Jordan Walsh,2025-26,BOS,68.0,1212.0,15.2,11.1,2.4,11.4,2.3,1.5
hayesja02,Jaxson Hayes,2025-26,LAL,66.0,1207.0,20.1,10.6,6.1,11.0,2.4,1.3
embiijo01,Joel Embiid,2025-26,PHI,38.0,1201.0,41.0,28.0,13.5,11.8,6.0,4.4
baglema01,Marvin Bagley III,2025-26,WAS,38.0,731.0,24.9,15.9,6.3,14.0,3.6,2.9
baglema01,Marvin Bagley III,2025-26,DAL,22.0,470.0,24.3,16.6,4.7,15.1,2.9,1.7
aldamsa01,Santi Aldama,2025-26,MEM,43.0,1198.0,23.8,18.8,4.5,11.3,5.0,2.2
gaffoda01,Daniel Gafford,2025-26,DAL,55.0,1195.0,20.7,12.5,6.4,14.9,2.3,2.5
wolfda01,Danny Wolf,2025-26,BRK,57.0,1187.0,21.2,18.3,4.5,11.7,5.3,3.0
butleji01,Jimmy Butler,2025-26,GSW,38.0,1182.0,31.2,18.9,11.8,8.7,7.6,2.5
gueyemo02,Mouhamed Gueye,2025-26,ATL,77.0,1179.0,13.7,11.6,2.5,11.0,2.8,1.3
jacksgg01,GG Jackson II,2025-26,MEM,55.0,1178.0,27.6,20.7,6.1,9.5,3.3,3.4
hylanbo01,Bones Hyland,2025-26,MIN,71.0,1177.0,24.5,19.0,3.3,5.2,7.6,2.8
huntede01,De'Andre Hunter,2025-26,CLE,43.0,1125.0,25.6,20.6,5.9,7.8,3.8,3.0
huntede01,De'Andre Hunter,2025-26,SAC,2.0,51.0,14.2,18.0,5.7,2.8,0.9,3.8
robinmi01,Mitchell Robinson,2025-26,NYK,60.0,1175.0,14.3,8.7,4.3,22.2,2.2,1.7
fontesi01,Simone Fontecchio,2025-26,MIA,70.0,1173.0,23.6,18.6,4.0,8.3,4.0,1.9
nembhry01,Ryan Nembhard,2025-26,DAL,60.0,1171.0,16.0,15.7,1.2,5.4,12.7,3.4
shamela01,Landry Shamet,2025-26,NYK,51.0,1171.0,20.1,15.4,3.2,3.9,3.0,1.3
sharpda01,Day'Ron Sharpe,2025-26,BRK,62.0,1160.0,23.0,15.2,6.5,17.6,6.2,4.5
mccaija01,Jared McCain,2025-26,PHI,37.0,620.0,19.1,18.0,1.9,5.8,4.8,2.3
mccaija01,Jared McCain,2025-26,OKC,30.0,540.0,28.0,22.3,3.0,5.6,2.5,2.3
postqu01,Quinten Post,2025-26,GSW,67.0,1159.0,21.5,18.4,1.8,11.3,3.9,2.3
mykhasv01,Svi Mykhailiuk,2025-26,UTA,50.0,1156.0,19.0,14.7,1.1,5.0,3.8,1.7
leverca01,Caris LeVert,2025-26,DET,60.0,1154.0,18.6,16.4,3.5,4.9,6.7,3.4
poeltja01,Jakob Poeltl,2025-26,TOR,46.0,1149.0,20.9,13.2,4.2,13.7,3.9,2.4
portecr01,Craig Porter Jr.,2025-26,CLE,64.0,1148.0,12.1,10.8,1.7,9.2,8.6,2.5
paytoga02,Gary Payton II,2025-26,GSW,73.0,1142.0,23.2,17.6,1.7,11.2,5.2,2.6
smithdr01,Dru Smith,2025-26,MIA,70.0,1141.0,16.1,13.2,4.3,7.0,7.3,2.2
harteis01,Isaiah Hartenstein,2025-26,OKC,47.0,1137.0,18.4,12.6,4.5,18.8,7.1,3.5
georgpa01,Paul George,2025-26,PHI,37.0,1135.0,27.3,21.8,4.7,8.3,5.7,2.7
vandeja01,Jarred Vanderbilt,2025-26,LAL,65.0,1128.0,12.5,10.4,2.4,12.6,3.6,2.4
meltode01,De'Anthony Melton,2025-26,GSW,49.0,1125.0,25.9,22.8,5.2,6.8,5.4,3.9
garzalu01,Luka Garza,2025-26,BOS,69.0,1118.0,25.2,16.2,5.3,12.7,3.0,2.1
hendrta01,Taylor Hendricks,2025-26,UTA,33.0,492.0,15.5,12.2,3.1,9.4,2.3,1.9
hendrta01,Taylor Hendricks,2025-26,MEM,26.0,626.0,20.8,17.2,3.0,9.2,2.3,2.3
konchjo01,John Konchar,2025-26,MEM,30.0,435.0,10.3,7.7,1.4,10.0,4.4,1.5
konchjo01,John Konchar,2025-26,UTA,26.0,680.0,10.6,8.8,2.1,10.2,5.4,1.4
diengou01,Ousmane Dieng,2025-26,OKC,27.0,295.0,16.4,14.9,1.0,6.9,4.6,1.3
diengou01,Ousmane Dieng,2025-26,MIL,30.0,804.0,20.2,18.8,2.4,8.4,6.6,4.1
smithja04,Jalen Smith,2025-26,CHI,53.0,1095.0,23.1,17.3,4.0,15.2,2.8,2.3
caldwke01,Kentavious Caldwell-Pope,2025-26,MEM,51.0,1088.0,18.6,15.9,3.5,5.4,6.1,2.7
gonzahu01,Hugo González,2025-26,BOS,74.0,1084.0,13.5,11.5,1.2,11.5,1.9,1.8
nurkiju01,Jusuf Nurkić,2025-26,UTA,41.0,1083.0,19.4,15.5,4.9,18.4,8.5,4.4
mcbrimi01,Miles McBride,2025-26,NYK,41.0,1080.0,22.5,18.5,2.2,4.6,4.9,1.5
kispeco01,Corey Kispert,2025-26,WAS,19.0,370.0,22.3,15.2,4.4,5.6,4.1,1.8
kispeco01,Corey Kispert,2025-26,ATL,39.0,710.0,23.8,18.3,4.2,5.9,4.0,2.1
ruperra01,Rayan Rupert,2025-26,POR,48.0,577.0,11.3,12.2,1.2,7.1,2.8,2.3
ruperra01,Rayan Rupert,2025-26,MEM,16.0,495.0,18.7,15.9,3.8,9.8,3.3,2.6
dickgr01,Gradey Dick,2025-26,TOR,76.0,1067.0,20.8,17.6,4.0,6.7,2.3,2.0
antetgi01,Giannis Antetokounmpo,2025-26,MIL,36.0,1039.0,47.0,28.3,16.9,16.7,9.3,5.4
herroty01,Tyler Herro,2025-26,MIA,33.0,1033.0,30.4,23.1,4.9,7.1,6.1,2.9
watkija01,Jamir Watkins,2025-26,WAS,50.0,1032.0,16.9,13.6,3.8,8.9,3.1,1.8
carusal01,Alex Caruso,2025-26,OKC,56.0,1020.0,16.5,14.2,2.4,7.3,5.2,2.3
wagnefr01,Franz Wagner,2025-26,ORL,34.0,1019.0,32.9,23.9,9.3,8.3,5.3,2.7
loveca01,Caleb Love,2025-26,POR,49.0,1013.0,24.0,23.1,2.3,5.4,5.8,2.9
williro04,Robert Williams,2025-26,POR,59.0,1008.0,18.8,11.8,2.7,19.7,2.8,2.3
yabusgu01,Guerschon Yabusele,2025-26,NYK,41.0,366.0,15.2,14.5,1.6,11.8,2.4,2.0
yabusgu01,Guerschon Yabusele,2025-26,CHI,26.0,641.0,19.1,15.0,4.4,10.7,3.3,1.9
gordoaa01,Aaron Gordon,2025-26,DEN,36.0,1005.0,28.3,19.3,7.9,10.1,4.7,1.8
tomlina01,Nae'Qwan Tomlin,2025-26,CLE,64.0,1004.0,17.9,15.0,2.9,8.9,2.5,1.4
conlemi01,Mike Conley,2025-26,MIN,54.0,991.0,11.8,10.4,2.4,4.5,7.6,1.6
prospol01,Olivier-Maxence Prosper,2025-26,MEM,53.0,984.0,25.5,16.9,5.5,9.0,2.5,2.3
jonesty01,Tyus Jones,2025-26,ORL,48.0,754.0,9.2,10.1,0.4,3.4,7.4,0.9
jonesty01,Tyus Jones,2025-26,DAL,8.0,133.0,11.0,12.1,0.7,3.2,10.6,1.8
jonesty01,Tyus Jones,2025-26,DEN,11.0,92.0,12.7,13.8,0.5,7.4,6.9,3.2
edwarju01,Justin Edwards,2025-26,PHI,64.0,977.0,19.1,15.8,1.9,4.6,4.0,1.8
agbajoc01,Ochai Agbaji,2025-26,TOR,42.0,650.0,13.6,12.8,2.2,7.1,2.3,1.4
agbajoc01,Ochai Agbaji,2025-26,BRK,20.0,323.0,20.4,16.8,2.1,7.0,2.6,1.8
bitadgo01,Goga Bitadze,2025-26,ORL,64.0,972.0,18.5,11.1,4.8,15.8,4.2,2.1
dilliro01,Rob Dillingham,2025-26,MIN,35.0,326.0,17.7,20.7,2.9,6.0,8.5,5.3
dilliro01,Rob Dillingham,2025-26,CHI,30.0,644.0,20.9,19.7,2.5,6.5,6.2,4.7
horfoal01,Al Horford,2025-26,GSW,45.0,969.0,18.6,16.2,1.3,11.0,5.8,2.1
mccontj01,T.J. McConnell,2025-26,IND,56.0,963.0,25.9,22.2,1.4,6.1,14.2,3.2
brownko01,Kobe Brown,2025-26,LAC,34.0,295.0,16.9,14.2,4.4,8.9,4.6,2.5
brownko01,Kobe Brown,2025-26,IND,27.0,668.0,18.0,13.3,2.3,9.4,3.8,2.7
gillan01,Anthony Gill,2025-26,WAS,55.0,951.0,16.0,10.7,2.3,7.9,3.4,1.8
jakucka01,Kasparas Jakučionis,2025-26,MIA,53.0,945.0,16.1,11.7,3.2,6.8,6.7,2.5
willija06,Jalen Williams,2025-26,OKC,33.0,936.0,29.1,23.0,6.7,7.9,9.4,3.3
poolejo01,Jordan Poole,2025-26,NOP,39.0,933.0,26.9,22.8,5.8,3.9,6.1,3.5
capelca01,Clint Capela,2025-26,HOU,75.0,926.0,15.2,12.2,4.2,18.6,2.7,2.2
sarafbe01,Ben Saraf,2025-26,BRK,44.0,916.0,17.9,16.4,4.8,5.0,7.8,5.3
peavymi01,Micah Peavy,2025-26,NOP,61.0,913.0,13.7,14.4,1.5,6.1,3.2,1.0
matkoka01,Karlo Matković,2025-26,NOP,62.0,912.0,18.5,12.3,2.2,12.0,2.6,1.8
greenjo02,Josh Green,2025-26,CHO,58.0,908.0,13.6,9.9,1.5,5.6,2.6,1.9
pottemi01,Micah Potter,2025-26,IND,47.0,908.0,24.0,15.3,5.3,12.2,3.6,2.5
jacksis01,Isaiah Jackson,2025-26,IND,38.0,638.0,18.1,12.3,5.5,15.7,2.3,3.2
jacksis01,Isaiah Jackson,2025-26,LAC,17.0,270.0,23.4,13.3,5.7,14.6,3.9,2.8
cardwdy01,Dylan Cardwell,2025-26,SAC,44.0,907.0,12.7,9.5,2.7,17.7,3.3,2.1
poweldw01,Dwight Powell,2025-26,DAL,63.0,904.0,11.0,5.3,5.8,13.4,3.5,2.1
reedpa01,Paul Reed,2025-26,DET,65.0,901.0,27.1,18.2,5.9,15.8,4.3,3.1
hardyja02,Jaden Hardy,2025-26,DAL,34.0,428.0,25.7,21.4,4.4,5.2,3.2,3.0
hardyja02,Jaden Hardy,2025-26,WAS,23.0,470.0,29.2,23.7,3.5,3.9,2.9,3.5
jacksqu01,Quenton Jackson,2025-26,IND,49.0,897.0,23.7,17.4,6.3,6.0,7.4,3.3
clarkja02,Jaylen Clark,2025-26,MIN,68.0,888.0,14.8,12.3,3.6,6.5,2.3,1.2
thomaca02,Cam Thomas,2025-26,BRK,24.0,582.0,31.9,26.2,9.2,3.7,6.3,4.1
thomaca02,Cam Thomas,2025-26,MIL,18.0,299.0,31.6,25.2,10.0,4.6,5.6,4.3
mcgowbr01,Bryce McGowens,2025-26,NOP,42.0,880.0,18.5,12.9,5.2,4.8,3.4,0.9
vincega01,Gabe Vincent,2025-26,LAL,29.0,559.0,12.1,11.4,1.0,2.4,3.2,1.0
vincega01,Gabe Vincent,2025-26,ATL,24.0,320.0,13.7,12.7,1.8,4.0,5.8,2.2
valanjo01,Jonas Valančiūnas,2025-26,DEN,65.0,871.0,31.8,21.9,7.6,18.4,4.4,4.1
carteje01,Jevon Carter,2025-26,CHI,23.0,254.0,22.9,19.0,1.8,4.8,3.5,2.0
carteje01,Jevon Carter,2025-26,ORL,30.0,613.0,16.8,16.0,0.7,4.9,5.3,2.0
watfotr01,Trendon Watford,2025-26,PHI,53.0,864.0,19.3,15.0,4.3,9.8,7.4,3.6
strawju01,Julian Strawther,2025-26,DEN,57.0,861.0,23.4,18.1,4.0,6.5,3.5,2.0
wilsoja03,Jalen Wilson,2025-26,BRK,54.0,859.0,19.7,16.0,5.5,6.6,2.9,2.2
martica02,Caleb Martin,2025-26,DAL,58.0,856.0,12.5,10.4,3.4,7.9,4.5,2.2
willike04,Kenrich Williams,2025-26,OKC,56.0,855.0,20.5,16.7,2.9,10.6,4.5,2.4
anderky01,Kyle Anderson,2025-26,UTA,20.0,401.0,16.6,12.8,4.4,7.7,7.1,2.0
anderky01,Kyle Anderson,2025-26,MEM,4.0,89.0,19.7,10.1,4.3,7.5,1.6,3.7
anderky01,Kyle Anderson,2025-26,MIN,19.0,363.0,11.4,9.7,2.9,9.2,8.2,2.0
plowdda01,Daeqwon Plowden,2025-26,SAC,32.0,844.0,19.7,16.0,2.8,5.6,2.3,1.5
minotjo01,Josh Minott,2025-26,BOS,33.0,526.0,18.5,13.1,2.5,11.4,3.2,1.9
minotjo01,Josh Minott,2025-26,BRK,16.0,308.0,27.6,18.6,5.6,6.4,2.1,3.7
smallja01,Javon Small,2025-26,MEM,41.0,830.0,22.6,16.4,4.7,7.3,8.6,3.2
kuminjo01,Jonathan Kuminga,2025-26,GSW,20.0,476.0,24.6,19.8,6.7,11.9,5.1,4.7
kuminjo01,Jonathan Kuminga,2025-26,ATL,16.0,354.0,26.1,19.3,7.6,11.3,4.4,2.8
greenja05,Jalen Green,2025-26,PHO,32.0,828.0,33.9,30.5,5.2,6.9,5.4,4.3
willivi01,Vince Williams Jr.,2025-26,MEM,34.0,736.0,17.5,17.0,3.0,8.8,9.7,4.1
willivi01,Vince Williams Jr.,2025-26,UTA,6.0,84.0,15.6,15.6,2.2,10.6,8.9,3.9
hieldbu01,Buddy Hield,2025-26,GSW,44.0,768.0,22.3,18.9,2.1,6.8,4.2,2.7
hieldbu01,Buddy Hield,2025-26,ATL,7.0,51.0,33.3,25.0,2.8,7.4,4.6,5.6
bryanca01,Carter Bryant,2025-26,SAS,71.0,818.0,17.5,15.6,2.5,10.5,2.8,1.9
jovicni01,Nikola Jović,2025-26,MIA,47.0,808.0,19.8,18.0,5.8,8.8,5.9,3.7
pickeja02,Jalen Pickett,2025-26,DEN,50.0,807.0,15.7,14.0,1.1,6.9,7.0,2.1
murrake02,Keegan Murray,2025-26,SAC,23.0,793.0,19.6,18.3,3.0,8.1,2.3,1.6
holidaa01,Aaron Holiday,2025-26,HOU,57.0,781.0,20.0,16.1,2.6,3.7,3.8,2.4
martity01,Tyrese Martin,2025-26,BRK,37.0,696.0,19.2,18.1,1.8,7.5,4.9,2.3
martity01,Tyrese Martin,2025-26,PHI,9.0,81.0,11.9,13.1,1.2,6.0,5.4,4.2
porzikr01,Kristaps Porziņģis,2025-26,ATL,17.0,413.0,33.3,24.0,9.3,9.9,5.3,1.8
porzikr01,Kristaps Porziņģis,2025-26,GSW,15.0,356.0,33.0,24.2,10.5,10.9,4.8,3.4
walkeja01,Jabari Walker,2025-26,PHI,64.0,762.0,17.5,13.5,4.3,12.2,2.2,1.7
pendano01,Noah Penda,2025-26,ORL,59.0,757.0,14.4,12.9,3.0,11.9,4.4,2.7
hendesc01,Scoot Henderson,2025-26,POR,30.0,748.0,27.3,21.8,6.4,5.1,7.2,4.7
nancepe01,Pete Nance,2025-26,MIL,47.0,737.0,16.9,12.9,0.7,8.3,3.2,1.7
bryanth01,Thomas Bryant,2025-26,CLE,60.0,732.0,24.3,17.5,4.3,13.5,2.2,1.8
adamsst01,Steven Adams,2025-26,HOU,32.0,730.0,12.8,9.5,5.5,18.9,3.3,2.4
balllo01,Lonzo Ball,2025-26,CLE,35.0,728.0,10.6,11.6,1.4,9.2,9.0,3.4
kolekty01,Tyler Kolek,2025-26,NYK,62.0,727.0,18.7,16.9,1.4,6.7,11.6,3.8
millele01,Leonard Miller,2025-26,MIN,19.0,95.0,22.1,16.6,5.5,12.6,2.5,4.5
millele01,Leonard Miller,2025-26,CHI,27.0,624.0,23.8,17.2,3.2,11.7,2.6,2.0
willigr01,Grant Williams,2025-26,CHO,36.0,711.0,17.6,12.8,3.8,9.9,3.9,2.2
richani01,Nick Richards,2025-26,PHO,28.0,254.0,17.3,13.8,5.4,17.7,1.6,4.9
richani01,Nick Richards,2025-26,CHI,20.0,447.0,19.6,13.6,7.6,15.9,0.8,3.6
coopesh01,Sharife Cooper,2025-26,WAS,41.0,700.0,22.5,16.7,4.1,5.8,8.4,4.1
cartede02,Devin Carter,2025-26,SAC,38.0,700.0,23.4,20.2,6.5,8.6,7.0,3.7
howarje01,Jett Howard,2025-26,ORL,55.0,695.0,20.8,17.3,2.7,6.0,3.1,1.0
hawkijo01,Jordan Hawkins,2025-26,NOP,51.0,692.0,17.8,17.8,1.9,6.1,2.9,2.4
flemira01,Rasheer Fleming,2025-26,PHO,55.0,673.0,17.5,15.8,2.5,9.1,1.2,2.1
mashaja01,Jahmai Mashack,2025-26,MEM,31.0,673.0,13.5,13.7,2.5,5.7,4.9,3.4
vukcetr01,Tristan Vukcevic,2025-26,WAS,49.0,671.0,31.1,22.4,7.8,10.4,3.9,4.4
iveyja01,Jaden Ivey,2025-26,DET,33.0,555.0,23.5,19.2,3.3,6.3,4.5,3.0
iveyja01,Jaden Ivey,2025-26,CHI,4.0,115.0,18.7,14.7,3.7,7.7,6.5,2.4
manntr01,Tre Mann,2025-26,CHO,53.0,669.0,21.6,22.5,2.0,6.8,6.4,4.0
harriga01,Gary Harris,2025-26,MIL,48.0,661.0,9.5,7.7,0.7,4.5,3.8,1.4
thompet01,Ethan Thompson,2025-26,IND,32.0,653.0,16.2,14.3,3.4,5.0,4.1,1.8
bouyeja01,Jamaree Bouyea,2025-26,PHO,46.0,644.0,20.2,18.1,2.7,6.3,6.3,2.3
furphjo01,Johnny Furphy,2025-26,IND,35.0,643.0,13.3,11.0,2.6,11.3,3.0,2.1
diawamo01,Mohamed Diawara,2025-26,NYK,69.0,634.0,19.2,16.7,1.9,7.4,4.1,2.3
nnajize01,Zeke Nnaji,2025-26,DEN,52.0,626.0,14.8,11.8,3.4,10.6,2.3,2.1
davisan02,Anthony Davis,2025-26,DAL,20.0,626.0,30.7,25.2,6.1,16.7,4.2,3.1
finnedo01,Dorian Finney-Smith,2025-26,HOU,37.0,620.0,9.9,10.6,0.7,7.5,2.9,1.8
joneska03,Kam Jones,2025-26,IND,37.0,616.0,12.5,13.0,0.6,4.6,9.2,2.8
loveke01,Kevin Love,2025-26,UTA,37.0,613.0,19.0,15.2,3.4,16.5,5.1,2.3
princta02,Taurean Prince,2025-26,MIL,26.0,611.0,19.2,15.4,0.5,6.5,3.7,2.5
richaja02,Jase Richardson,2025-26,ORL,54.0,587.0,19.6,15.4,3.8,5.2,4.7,2.0
salauti01,Tidjane Salaün,2025-26,CHO,37.0,575.0,19.1,13.7,3.4,12.8,2.3,2.2
moranja01,Ja Morant,2025-26,MEM,20.0,569.0,32.4,26.8,9.7,5.4,13.4,5.9
sabondo01,Domantas Sabonis,2025-26,SAC,19.0,564.0,25.8,19.0,6.6,18.5,6.7,4.4
knechda01,Dalton Knecht,2025-26,LAL,54.0,553.0,20.1,16.9,1.9,6.6,1.9,2.0
eubandr01,Drew Eubanks,2025-26,SAC,42.0,552.0,19.2,13.7,5.0,11.1,1.7,2.6
terryda01,Dalen Terry,2025-26,CHI,34.0,377.0,14.7,12.7,2.1,7.9,5.3,2.6
terryda01,Dalen Terry,2025-26,PHI,14.0,174.0,16.1,14.7,3.6,6.1,6.4,1.4
proctty01,Tyrese Proctor,2025-26,CLE,50.0,545.0,24.0,19.8,4.0,5.6,6.5,3.5
harklej01,Elijah Harkless,2025-26,UTA,26.0,545.0,15.3,13.9,5.5,4.6,6.5,2.2
shannte01,Terrence Shannon Jr.,2025-26,MIN,43.0,538.0,21.4,15.2,6.2,4.3,3.4,2.1
wallake01,Keaton Wallace,2025-26,ATL,53.0,536.0,16.4,15.1,1.6,4.9,8.3,2.5
cissemo01,Moussa Cisse,2025-26,DAL,38.0,530.0,15.1,10.2,7.2,19.2,0.8,2.7
anthoco01,Cole Anthony,2025-26,MIL,35.0,527.0,21.8,21.6,2.4,8.1,11.3,6.1
tatumja01,Jayson Tatum,2025-26,BOS,16.0,522.0,33.7,27.8,7.7,15.5,8.2,3.8
isaacjo01,Jonathan Isaac,2025-26,ORL,52.0,521.0,12.4,10.0,5.3,12.2,2.0,1.7
battlja01,Jamison Battle,2025-26,TOR,61.0,517.0,18.1,13.7,1.3,8.4,2.3,1.8
newelas01,Asa Newell,2025-26,ATL,44.0,500.0,21.4,16.0,2.7,9.1,2.5,2.2
hukpoar01,Ariel Hukporti,2025-26,NYK,54.0,498.0,11.6,8.0,3.3,15.8,2.9,3.2
jackstr02,Trayce Jackson-Davis,2025-26,GSW,36.0,411.0,17.7,12.0,6.1,13.2,3.8,2.1
jackstr02,Trayce Jackson-Davis,2025-26,TOR,17.0,85.0,17.8,12.6,12.6,18.9,4.0,2.3
russeda01,D'Angelo Russell,2025-26,DAL,26.0,495.0,25.2,22.1,5.7,5.8,9.9,4.7
peterta01,Taelon Peter,2025-26,IND,38.0,492.0,16.5,15.3,1.5,5.7,3.9,2.6
mbengbe01,Bez Mbeng,2025-26,UTA,15.0,492.0,11.6,9.5,2.4,5.4,5.9,2.1
coffeam01,Amir Coffey,2025-26,MIL,30.0,265.0,13.4,10.2,2.8,4.8,2.0,0.7
coffeam01,Amir Coffey,2025-26,PHO,16.0,225.0,16.9,12.7,2.9,6.8,3.5,1.1
carlsbr01,Branden Carlson,2025-26,OKC,42.0,488.0,24.0,18.4,2.6,12.3,2.9,1.6
cainja01,Jamal Cain,2025-26,ORL,40.0,486.0,21.2,15.0,4.5,7.7,2.9,1.9
chrisca02,Cam Christie,2025-26,LAC,55.0,480.0,16.2,14.4,5.2,8.1,3.2,2.3
thybuma01,Matisse Thybulle,2025-26,POR,30.0,480.0,17.3,13.3,2.5,5.9,2.7,2.8
sochaje01,Jeremy Sochan,2025-26,SAS,28.0,358.0,15.3,13.3,2.1,9.8,3.8,2.4
sochaje01,Jeremy Sochan,2025-26,NYK,16.0,111.0,19.7,13.4,4.5,15.2,5.4,1.3
klebima01,Maxi Kleber,2025-26,LAL,43.0,461.0,9.1,7.7,2.8,8.9,2.9,1.8
sassema01,Marcus Sasser,2025-26,DET,38.0,457.0,20.8,18.7,1.9,4.1,7.9,3.3
johnsaj01,AJ Johnson,2025-26,WAS,25.0,214.0,15.5,18.4,2.7,6.9,4.9,4.0
johnsaj01,AJ Johnson,2025-26,DAL,23.0,240.0,17.7,18.3,5.5,4.7,4.9,2.4
bogdabo01,Bogdan Bogdanović,2025-26,LAC,23.0,452.0,18.8,16.7,2.8,6.5,5.6,3.0
bradlto01,Tony Bradley,2025-26,IND,38.0,416.0,17.3,12.1,4.9,12.2,2.3,1.9
bradlto01,Tony Bradley,2025-26,ATL,3.0,34.0,15.3,15.3,0.0,12.5,2.8,1.4
nancela02,Larry Nance Jr.,2025-26,CLE,35.0,449.0,14.0,13.3,1.4,10.0,3.6,2.1
tshieos01,Oscar Tshiebwe,2025-26,UTA,27.0,448.0,22.1,15.2,5.1,18.7,3.4,2.2
mcderdo01,Doug McDermott,2025-26,SAC,29.0,439.0,18.1,15.3,1.0,4.1,2.4,1.4
blackle01,Leaky Black,2025-26,WAS,15.0,433.0,11.6,11.3,0.9,8.2,2.4,1.5
phillju01,Julian Phillips,2025-26,CHI,35.0,334.0,13.9,12.3,1.5,6.2,1.0,1.0
phillju01,Julian Phillips,2025-26,MIN,13.0,94.0,20.8,16.8,6.1,2.5,1.5,2.0
wagnemo01,Moritz Wagner,2025-26,ORL,36.0,427.0,27.8,21.9,8.1,12.9,3.0,2.1
konanya01,Yanic Konan Niederhäuser,2025-26,LAC,41.0,424.0,20.6,11.7,7.3,13.7,1.4,2.7
toppiob01,Obi Toppin,2025-26,IND,24.0,424.0,31.3,22.3,5.2,11.9,6.2,3.1
maluakh01,Khaman Maluach,2025-26,PHO,46.0,411.0,16.7,12.6,3.7,16.0,0.7,3.0
gardnmy01,Myron Gardner,2025-26,MIA,45.0,411.0,18.4,13.9,2.9,13.8,5.0,1.9
jacksan01,Andre Jackson Jr.,2025-26,MIL,48.0,408.0,13.6,14.3,3.9,8.7,5.2,3.7
hayeski01,Killian Hayes,2025-26,SAC,23.0,406.0,15.1,16.4,3.3,6.4,9.7,3.3
tateja01,Jae'Sean Tate,2025-26,HOU,46.0,405.0,15.9,13.4,1.4,9.0,3.1,2.0
reeseju01,Julian Reese,2025-26,WAS,13.0,402.0,18.1,14.0,5.2,16.1,2.8,3.8
murrade01,Dejounte Murray,2025-26,NOP,14.0,389.0,28.8,22.4,5.5,9.2,10.9,5.8
youngtr01,Trae Young,2025-26,ATL,10.0,280.0,32.5,22.8,12.3,2.5,15.0,4.4
youngtr01,Trae Young,2025-26,WAS,5.0,104.0,34.6,19.1,10.9,6.8,14.1,5.9
etienty01,Tyson Etienne,2025-26,BRK,24.0,380.0,24.6,18.9,4.7,3.5,5.2,2.1
jamesbr02,Bronny James,2025-26,LAL,42.0,375.0,15.9,15.0,0.9,3.0,6.6,3.3
smithni01,Nick Smith Jr.,2025-26,LAL,30.0,375.0,24.1,21.0,2.0,3.0,4.0,2.7
payneca01,Cameron Payne,2025-26,PHI,22.0,374.0,21.0,19.2,2.8,5.7,7.5,1.4
mcneeli01,Liam McNeeley,2025-26,CHO,31.0,368.0,17.8,12.8,5.3,9.8,3.2,1.8
weslebl01,Blake Wesley,2025-26,POR,31.0,361.0,19.6,16.4,6.2,5.2,8.2,4.1
robinje02,Jeremiah Robinson-Earl,2025-26,IND,17.0,300.0,12.5,13.1,2.2,13.9,1.9,1.6
robinje02,Jeremiah Robinson-Earl,2025-26,DAL,5.0,61.0,17.0,13.1,3.1,11.6,2.3,1.5
olynyke01,Kelly Olynyk,2025-26,SAS,42.0,360.0,17.7,12.8,5.1,10.1,6.5,3.2
smithma02,Malachi Smith,2025-26,BRK,15.0,359.0,17.1,13.6,1.1,7.0,6.8,1.9
kolokch01,Christian Koloko,2025-26,LAL,2.0,6.0,0.0,0.0,0.0,8.1,0.0,0.0
kolokch01,Christian Koloko,2025-26,MEM,11.0,195.0,7.0,8.5,1.0,10.7,2.4,1.7
kolokch01,Christian Koloko,2025-26,ATL,14.0,156.0,13.3,11.8,3.3,10.9,2.4,2.7
chandke01,Kennedy Chandler,2025-26,UTA,11.0,355.0,21.8,18.1,5.7,4.9,9.8,3.0
whitmca01,Cam Whitmore,2025-26,WAS,21.0,354.0,25.8,22.6,4.1,7.8,2.0,2.4
liddeej01,E.J. Liddell,2025-26,BRK,26.0,349.0,20.8,15.7,3.7,9.8,3.4,2.1
barnhbr01,Brooks Barnhizer,2025-26,OKC,40.0,348.0,9.4,9.9,1.4,10.8,3.1,1.4
johnsch06,Chaney Johnson,2025-26,BRK,17.0,348.0,19.8,13.4,5.0,11.2,5.1,2.8
liveris01,Isaiah Livers,2025-26,PHO,36.0,347.0,9.3,9.1,1.7,8.7,3.0,1.7
olbrila01,Lachlan Olbrich,2025-26,CHI,37.0,344.0,12.1,10.5,5.4,15.2,5.7,2.2
jeromty01,Ty Jerome,2025-26,MEM,15.0,339.0,41.2,30.0,7.8,5.9,11.9,3.8
harpero02,Ron Harper Jr.,2025-26,BOS,29.0,318.0,19.6,17.5,0.6,7.6,3.5,1.3
berinjo01,Joan Beringer,2025-26,MIN,40.0,314.0,23.7,14.9,5.6,14.0,1.8,1.7
slawsja01,Jalen Slawson,2025-26,IND,13.0,311.0,14.5,11.8,2.6,8.7,5.5,2.6
looneke01,Kevon Looney,2025-26,NOP,21.0,308.0,9.2,9.3,1.6,18.3,5.3,1.4
burtoty01,Tyler Burton,2025-26,MEM,12.0,307.0,19.9,17.3,4.2,7.7,1.9,1.7
yangha01,Yang Hansen,2025-26,POR,43.0,300.0,15.1,15.9,5.4,10.5,3.5,5.1
connapa01,Pat Connaughton,2025-26,CHO,42.0,297.0,18.4,14.2,3.3,10.2,3.0,1.8
cryerlj01,LJ Cryer,2025-26,GSW,18.0,292.0,24.6,19.4,3.2,4.6,3.0,2.3
strusma01,Max Strus,2025-26,CLE,12.0,288.0,22.4,17.7,1.5,10.8,4.0,1.5
waterli01,Lindy Waters III,2025-26,SAS,40.0,285.0,16.0,14.8,0.5,4.9,3.2,1.2
hinsobl01,Blake Hinson,2025-26,UTA,14.0,285.0,27.5,18.9,2.6,5.4,2.6,0.8
edeyza01,Zach Edey,2025-26,MEM,11.0,284.0,25.0,16.3,5.3,20.4,2.0,4.3
mclaujo01,Jordan McLaughlin,2025-26,SAS,44.0,282.0,15.2,13.5,1.2,5.4,6.5,2.6
johnske10,Keshad Johnson,2025-26,MIA,32.0,280.0,22.5,17.2,4.8,10.3,1.3,2.2
leonsma01,Malevy Leons,2025-26,GSW,25.0,276.0,14.6,12.6,3.3,9.3,4.0,2.3
branhma01,Malaki Branham,2025-26,WAS,28.0,275.0,22.0,15.7,5.9,7.6,4.0,2.6
ryanco01,Cormac Ryan,2025-26,MIL,11.0,271.0,28.5,18.5,4.7,5.1,3.4,3.1
laniech01,Chaz Lanier,2025-26,DET,34.0,262.0,14.8,16.4,1.1,4.2,3.1,0.6
reathdu01,Duop Reath,2025-26,POR,32.0,258.0,17.4,13.7,1.1,7.0,1.9,1.3
simpskj01,KJ Simpson,2025-26,CHO,14.0,223.0,18.7,19.8,3.6,6.4,7.8,5.3
simpskj01,KJ Simpson,2025-26,DEN,6.0,34.0,10.0,14.4,2.9,11.5,11.5,1.4
poulajo01,John Poulakidas,2025-26,DAL,13.0,253.0,21.4,17.0,1.3,5.6,2.1,0.7
mogbojo01,Jonathan Mogbo,2025-26,TOR,40.0,249.0,11.9,8.6,2.7,13.3,4.9,2.7
balad01,Adama-Alpha Bal,2025-26,MEM,8.0,241.0,16.3,13.4,2.0,4.9,3.7,1.2
willije02,Nate Williams,2025-26,GSW,14.0,239.0,22.7,17.8,3.0,6.1,2.8,3.0
timmedr01,Drew Timme,2025-26,LAL,27.0,235.0,19.1,13.7,1.9,6.9,4.8,2.7
jarrede01,DeJon Jarreau,2025-26,MEM,11.0,231.0,18.0,17.0,4.7,10.5,7.4,5.3
paulch01,Chris Paul,2025-26,LAC,16.0,228.0,10.3,12.2,0.4,6.1,11.6,3.5
lawsoaj01,A.J. Lawson,2025-26,TOR,24.0,226.0,21.8,16.8,3.9,9.3,1.5,1.3
willilu01,Lucas Williamson,2025-26,MEM,7.0,224.0,15.4,15.9,1.7,8.0,3.8,2.1
davisjd01,JD Davison,2025-26,HOU,28.0,218.0,15.8,14.7,4.4,7.8,8.0,1.6
okanito01,Toby Okani,2025-26,MEM,6.0,217.0,13.1,15.3,1.7,4.6,1.3,0.7
hallpj01,PJ Hall,2025-26,MEM,7.0,27.0,22.8,15.8,5.3,15.8,3.5,1.8
hallpj01,PJ Hall,2025-26,CHO,12.0,187.0,19.4,13.3,6.9,17.5,2.1,4.0
pippesc02,Scotty Pippen Jr.,2025-26,MEM,10.0,212.0,25.5,21.5,5.1,4.9,10.5,6.0
holmeda01,DaRon Holmes,2025-26,DEN,25.0,210.0,21.6,14.2,3.3,8.1,3.7,2.8
kawamyu01,Yuki Kawamura,2025-26,CHI,18.0,209.0,13.9,11.6,4.3,7.4,10.5,3.1
dennira01,RayJ Dennis,2025-26,IND,13.0,168.0,18.1,20.4,2.5,5.9,7.4,4.0
dennira01,RayJ Dennis,2025-26,LAC,1.0,4.0,0.0,0.0,0.0,24.9,0.0,12.4
dennira01,RayJ Dennis,2025-26,ATL,3.0,34.0,13.9,15.3,0.0,4.2,9.7,2.8
jordade01,DeAndre Jordan,2025-26,NOP,12.0,199.0,12.7,7.7,4.1,18.3,2.6,2.2
mathega01,Garrison Mathews,2025-26,IND,15.0,196.0,18.9,12.6,5.6,4.1,2.4,0.7
beaucma01,MarJon Beauchamp,2025-26,PHI,14.0,196.0,23.4,18.7,4.7,7.9,3.7,3.2
hayesni01,Nigel Hayes-Davis,2025-26,PHO,27.0,195.0,8.6,11.7,1.0,8.4,1.8,2.0
youngch01,Chris Youngblood,2025-26,OKC,32.0,174.0,18.1,16.7,2.8,7.8,3.1,0.6
youngch01,Chris Youngblood,2025-26,POR,2.0,11.0,26.0,13.0,0.0,0.0,4.3,0.0
colliza01,Zach Collins,2025-26,CHI,10.0,184.0,24.7,16.3,5.1,14.2,3.8,2.5
whiteda01,Dariq Whitehead,2025-26,MEM,6.0,183.0,25.4,24.1,1.8,6.2,2.3,2.6
tillmxa01,Xavier Tillman Sr.,2025-26,BOS,14.0,111.0,14.1,14.1,0.0,11.4,2.3,2.3
tillmxa01,Xavier Tillman Sr.,2025-26,CHO,16.0,72.0,9.0,10.3,2.8,12.4,5.5,2.1
scotttr01,Tre Scott,2025-26,BRK,6.0,182.0,13.0,13.6,1.6,8.4,2.7,1.1
greenje02,Jeff Green,2025-26,HOU,30.0,175.0,19.1,19.4,1.4,7.1,2.3,1.1
plumlma01,Mason Plumlee,2025-26,CHO,14.0,125.0,10.3,4.8,4.8,15.9,6.3,3.6
plumlma01,Mason Plumlee,2025-26,SAS,6.0,47.0,5.1,2.0,2.0,13.3,4.1,3.1
garcian01,Andersson Garcia,2025-26,UTA,5.0,169.0,7.2,8.1,2.5,11.7,3.9,1.9
smithty02,Tyler Smith,2025-26,DAL,12.0,166.0,15.9,14.2,1.7,9.4,1.4,1.7
tysonhu01,Hunter Tyson,2025-26,DEN,21.0,162.0,13.9,15.7,3.9,10.8,5.1,1.5
topicni01,Nikola Topić,2025-26,OKC,10.0,160.0,15.7,15.4,1.5,5.7,13.3,7.6
mcculke01,Kevin McCullar Jr.,2025-26,NYK,21.0,155.0,16.0,15.0,1.6,9.0,6.4,3.8
kesslwa01,Walker Kessler,2025-26,UTA,5.0,154.0,21.9,11.3,6.1,16.5,4.6,4.9
inglejo01,Joe Ingles,2025-26,MIN,27.0,153.0,12.8,8.4,0.6,5.9,10.6,4.4
bassech01,Charles Bassey,2025-26,MEM,2.0,31.0,10.7,12.2,4.6,22.9,3.1,1.5
bassech01,Charles Bassey,2025-26,PHI,1.0,5.0,19.3,9.7,0.0,0.0,0.0,0.0
bassech01,Charles Bassey,2025-26,BOS,5.0,17.0,41.7,20.8,11.9,17.9,0.0,3.0
bassech01,Charles Bassey,2025-26,GSW,5.0,100.0,25.7,15.0,6.3,17.5,2.4,1.9
thierad01,Adou Thiero,2025-26,LAL,25.0,149.0,15.4,10.2,7.2,9.2,3.3,2.9
antetth01,Thanasis Antetokounmpo,2025-26,MIL,34.0,148.0,15.6,10.6,10.0,10.0,5.0,3.3
martial01,Alijah Martin,2025-26,TOR,23.0,146.0,17.0,16.7,6.3,7.0,4.0,2.7
william01,Amari Williams,2025-26,BOS,22.0,146.0,10.4,6.9,4.9,13.9,3.5,3.8
biyombi01,Bismack Biyombo,2025-26,SAS,25.0,141.0,7.8,5.1,2.4,8.9,1.7,2.7
smithto05,Tolu Smith,2025-26,DET,15.0,137.0,19.8,12.7,10.6,17.3,4.6,2.5
dadiepa01,Pacôme Dadiet,2025-26,NYK,29.0,136.0,17.5,17.5,4.0,9.8,4.4,1.1
mccluma01,Mac McClung,2025-26,IND,3.0,34.0,26.6,25.2,5.6,5.6,1.4,2.8
mccluma01,Mac McClung,2025-26,CHI,8.0,101.0,22.2,19.0,6.5,2.8,4.2,3.2
kellymi02,Miles Kelly,2025-26,DAL,14.0,134.0,15.1,15.5,0.4,8.4,4.2,2.1
curryse01,Seth Curry,2025-26,GSW,10.0,133.0,25.9,17.9,4.4,4.4,3.6,0.7
bealbr01,Bradley Beal,2025-26,LAC,6.0,121.0,20.1,19.7,3.3,2.1,4.1,3.7
bufkiko01,Kobe Bufkin,2025-26,LAL,16.0,119.0,18.9,20.5,4.9,5.3,4.1,2.1
lowryky01,Kyle Lowry,2025-26,PHI,14.0,118.0,7.0,10.2,2.5,3.7,4.5,1.6
livelde01,Dereck Lively II,2025-26,DAL,7.0,115.0,12.3,7.4,4.1,15.2,5.3,4.1
alexatr01,Trey Alexander,2025-26,NOP,9.0,111.0,20.3,15.9,2.2,4.7,3.9,1.3
yurtsom01,Omer Yurtseven,2025-26,GSW,9.0,104.0,15.8,12.1,8.4,14.0,3.7,4.2
travelu01,Luke Travers,2025-26,CLE,12.0,103.0,13.1,16.8,4.2,11.2,4.2,1.4
baldwpa01,Patrick Baldwin Jr.,2025-26,LAC,2.0,12.0,41.5,16.6,8.3,4.1,0.0,4.1
baldwpa01,Patrick Baldwin Jr.,2025-26,PHI,1.0,2.0,0.0,0.0,0.0,24.1,0.0,0.0
baldwpa01,Patrick Baldwin Jr.,2025-26,SAC,6.0,88.0,12.6,12.6,2.7,11.5,2.7,2.2
willial06,Alondes Williams,2025-26,WAS,4.0,101.0,20.6,12.2,3.8,11.7,5.6,2.3
gibsota01,Taj Gibson,2025-26,MEM,10.0,97.0,16.6,12.7,3.9,13.2,2.9,0.5
cookeja01,Javonte Cooke,2025-26,POR,19.0,94.0,11.7,20.8,1.0,9.7,3.6,4.6
bouchch01,Chris Boucher,2025-26,BOS,9.0,94.0,11.3,13.5,2.2,9.7,1.6,0.5
crawfis01,Isaiah Crawford,2025-26,HOU,14.0,92.0,15.2,13.0,3.3,8.7,2.7,2.2
highsha01,Haywood Highsmith,2025-26,PHO,7.0,91.0,20.6,12.5,3.8,7.1,3.8,0.0
juzanjo01,Johnny Juzang,2025-26,MIN,21.0,88.0,23.3,20.6,4.3,9.2,3.3,2.7
washity02,TyTy Washington Jr.,2025-26,LAC,16.0,88.0,11.9,10.7,0.0,3.4,9.6,1.7
jonescu01,Curtis Jones,2025-26,DEN,10.0,88.0,16.1,15.0,1.1,6.1,5.5,1.1
enarutr01,Tristan Enaruna,2025-26,CLE,9.0,85.0,20.9,15.8,4.5,7.9,4.0,1.7
breako01,Koby Brea,2025-26,PHO,12.0,84.0,26.5,21.2,1.2,4.7,5.9,2.4
jemistr01,Trey Jemison,2025-26,NYK,13.0,82.0,7.9,6.0,0.6,10.9,3.0,6.0
odurojo01,Josh Oduro,2025-26,NOP,3.0,82.0,14.6,9.9,3.5,13.4,2.3,1.2
houstca01,Caleb Houstan,2025-26,ATL,18.0,75.0,26.4,16.4,1.9,6.9,2.5,2.5
gordoer01,Eric Gordon,2025-26,PHI,6.0,74.0,21.5,13.7,1.3,1.3,2.0,2.0
gilbeke01,Keshon Gilbert,2025-26,WAS,3.0,48.0,5.9,3.9,3.9,4.9,3.0,5.9
gilbeke01,Keshon Gilbert,2025-26,ATL,1.0,26.0,20.0,14.5,5.4,0.0,16.3,3.6
templga01,Garrett Temple,2025-26,TOR,22.0,73.0,11.4,10.0,6.0,6.0,6.0,4.7
roddyda01,David Roddy,2025-26,DEN,5.0,73.0,26.7,20.1,4.7,13.4,2.7,1.3
klintbo01,Bobi Klintman,2025-26,DET,12.0,71.0,15.0,18.4,2.0,12.9,4.1,4.1
jonesda06,David Jones García,2025-26,SAS,11.0,68.0,22.6,17.7,4.2,9.2,12.7,3.5
reevean01,Antonio Reeves,2025-26,CHO,10.0,68.0,19.7,14.6,0.0,5.8,2.2,0.7
richmka01,Kadary Richmond,2025-26,WAS,3.0,67.0,17.7,11.3,2.1,7.1,5.7,1.4
morrimo01,Monte Morris,2025-26,IND,6.0,65.0,13.2,14.6,2.9,5.1,6.6,1.5
peterdr01,Drew Peterson,2025-26,CHO,6.0,64.0,3.9,12.4,1.5,7.0,1.5,0.0
sandfpa01,Payton Sandfort,2025-26,OKC,4.0,63.0,26.9,20.0,3.1,7.7,0.0,0.8
bantoda01,Dalano Banton,2025-26,LAC,2.0,10.0,29.8,19.9,0.0,5.0,9.9,5.0
bantoda01,Dalano Banton,2025-26,BOS,4.0,52.0,5.8,7.8,3.9,3.9,8.8,6.8
moorewe01,Wendell Moore Jr.,2025-26,DET,6.0,60.0,8.1,5.6,1.6,4.8,3.2,0.8
jeffrda01,DaQuan Jeffries,2025-26,SAC,3.0,60.0,25.0,15.3,4.0,4.0,0.8,0.0
youngja05,Jahmir Young,2025-26,MIA,14.0,58.0,20.0,20.0,1.6,3.2,7.2,2.4
wisemja01,James Wiseman,2025-26,IND,4.0,58.0,10.7,8.2,1.6,6.6,2.5,4.1
minixri01,Riley Minix,2025-26,SAS,3.0,8.0,54.0,36.0,0.0,12.0,6.0,0.0
minixri01,Riley Minix,2025-26,CLE,6.0,50.0,25.0,16.3,2.9,3.8,3.8,2.9
broomjo01,Johni Broome,2025-26,PHI,11.0,55.0,8.8,21.1,5.3,14.0,3.5,2.6
martico01,Cody Martin,2025-26,IND,4.0,55.0,6.0,8.6,5.2,12.1,1.7,3.5
loverla01,Lawson Lovering,2025-26,MEM,2.0,49.0,13.5,9.7,4.8,14.5,2.9,1.9
manonch01,Chris Mañon,2025-26,LAL,9.0,46.0,7.4,6.4,4.2,10.6,3.2,1.1
gueyemo01,Mouhamadou Gueye,2025-26,CHI,2.0,45.0,16.6,11.4,4.2,6.2,6.2,3.1
bambamo01,Mo Bamba,2025-26,TOR,2.0,6.0,0.0,16.3,0.0,16.3,0.0,0.0
bambamo01,Mo Bamba,2025-26,UTA,2.0,38.0,12.3,11.1,0.0,24.7,1.2,2.5
pullizy01,Zyon Pullin,2025-26,MIN,5.0,43.0,25.5,14.4,4.4,3.3,10.0,3.3
steveis01,Isaiah Stevens,2025-26,SAC,3.0,43.0,11.2,7.9,4.5,3.4,11.2,2.2
tonjejo01,John Tonje,2025-26,BOS,6.0,42.0,18.1,16.9,4.8,7.2,2.4,0.0
dickihu01,Hunter Dickinson,2025-26,NOP,5.0,42.0,13.7,15.9,2.3,5.7,2.3,3.4
saricda01,Dario Šarić,2025-26,SAC,5.0,41.0,5.9,7.1,2.4,7.1,2.4,2.4
huntlcj01,CJ Huntley,2025-26,PHO,4.0,40.0,14.8,13.6,0.0,6.2,2.5,0.0
jonesdi01,Dillon Jones,2025-26,NYK,7.0,39.0,11.4,11.4,5.1,8.9,5.1,0.0
sarrol01,Olivier Sarr,2025-26,CLE,4.0,39.0,17.3,8.6,6.2,13.6,6.2,2.5
labissk01,Skal Labissière,2025-26,WAS,3.0,38.0,16.2,12.5,0.0,11.2,3.7,1.2
freemen01,Enrique Freeman,2025-26,MIN,4.0,37.0,16.8,10.3,5.2,12.9,2.6,2.6
shulgma01,Max Shulga,2025-26,BOS,11.0,36.0,9.8,11.2,2.8,8.4,2.8,4.2
fultzma01,Markelle Fultz,2025-26,TOR,5.0,36.0,5.4,14.9,0.0,1.4,10.8,5.4
zikarro01,Rocco Zikarsky,2025-26,MIN,5.0,36.0,18.6,10.6,5.3,18.6,2.7,1.3
jonesis01,Isaac Jones,2025-26,SAC,3.0,17.0,8.5,5.7,5.7,5.7,2.8,0.0
jonesis01,Isaac Jones,2025-26,DET,4.0,19.0,15.3,12.7,5.1,7.6,0.0,2.5
nelsogr02,Grant Nelson,2025-26,BRK,4.0,35.0,24.0,12.7,14.1,8.5,7.1,5.7
milleem01,Emanuel Miller,2025-26,CHI,5.0,33.0,21.3,18.4,2.8,4.3,5.7,0.0
telfoja01,Jahmyl Telfort,2025-26,LAC,8.0,32.0,1.6,6.2,6.2,4.7,1.6,1.6
pedulse01,Sean Pedulla,2025-26,LAC,7.0,31.0,20.9,24.1,0.0,4.8,8.0,1.6
ingraha01,Harrison Ingram,2025-26,SAS,7.0,26.0,20.3,11.1,0.0,5.5,1.8,1.8
sallihu01,Hunter Sallis,2025-26,PHI,7.0,26.0,13.0,9.3,3.7,1.9,7.4,9.3
searsma01,Mark Sears,2025-26,MIL,7.0,26.0,41.6,24.6,15.1,3.8,3.8,7.6
robinor01,Orlando Robinson,2025-26,ORL,4.0,25.0,13.4,9.6,0.0,7.7,5.8,0.0
grayha01,Hayden Gray,2025-26,UTA,1.0,25.0,11.3,5.6,3.8,0.0,1.9,1.9
goldivl01,Vladislav Goldin,2025-26,MIA,9.0,24.0,13.5,7.7,1.9,17.4,5.8,5.8
omierno01,Norchad Omier,2025-26,LAC,6.0,24.0,35.2,20.7,6.2,14.5,4.1,0.0
moralal01,Alex Morales,2025-26,ORL,4.0,24.0,16.0,14.0,4.0,6.0,8.0,8.0
kentja01,Jayson Kent,2025-26,POR,5.0,22.0,21.7,15.2,2.2,10.9,0.0,0.0
antetal01,Alex Antetokounmpo,2025-26,MIL,6.0,21.0,44.5,18.7,35.1,14.1,2.3,2.3
castlco01,Colin Castleton,2025-26,ORL,4.0,21.0,11.4,11.4,2.3,18.3,2.3,4.6
clarkbr01,Brandon Clarke,2025-26,MEM,2.0,20.0,18.9,21.3,9.5,14.2,2.4,0.0
toppija01,Jacob Toppin,2025-26,ATL,5.0,17.0,22.2,16.7,0.0,2.8,2.8,0.0
livinch01,Chris Livingston,2025-26,CLE,3.0,17.0,25.4,19.8,2.8,8.5,2.8,0.0
keelstr01,Trevor Keels,2025-26,MIA,8.0,15.0,24.8,37.1,0.0,6.2,0.0,0.0
boehebu01,Buddy Boeheim,2025-26,OKC,4.0,15.0,19.3,19.3,0.0,0.0,0.0,0.0
nfalyda01,N'Faly Dante,2025-26,ATL,4.0,15.0,9.4,12.6,3.1,22.0,0.0,3.1
hepbuch01,Chucky Hepburn,2025-26,TOR,2.0,13.0,0.0,22.5,0.0,3.8,7.5,3.8
newtotr01,Tristen Newton,2025-26,HOU,1.0,12.0,50.0,37.5,12.5,12.5,0.0,0.0
evbuoto01,Tosan Evbuomwan,2025-26,NYK,5.0,8.0,0.0,6.2,0.0,12.4,0.0,0.0
umudest01,Stanley Umude,2025-26,SAS,2.0,7.0,13.7,13.7,0.0,0.0,6.9,0.0
jonesco02,Colby Jones,2025-26,DET,1.0,7.0,13.8,20.7,0.0,27.6,13.8,0.0
essenno01,Noa Essengue,2025-26,CHI,2.0,6.0,0.0,23.4,0.0,0.0,0.0,0.0
flowetr01,Trentyn Flowers,2025-26,CHI,2.0,6.0,31.2,23.4,0.0,7.8,7.8,7.8
brownda04,Darius Brown II,2025-26,CLE,1.0,3.0,0.0,16.0,0.0,16.0,0.0,0.0
