player_id,team,pos,mpg,gp,minutes_estimated,gp_estimated,PTS,PTS_season,REB,REB_season,AST,AST_season,STL,STL_season,BLK,BLK_season,3PM,3PM_season,TOV,TOV_season,FG_PCT,FT_PCT,FGA,FGA_season,FTA,FTA_season
achiupr01,SAC,C,23.9,82,True,True,9.358134738221,767.3670485341221,6.854989825615273,562.1091657004524,1.3733652605577893,112.61595136573872,0.8536863146524555,70.00227780150135,0.8179387143444866,67.0709745762479,0.3324161025977941,27.258120413019114,1.0334288803719764,84.74116819050207,0.5202101410968589,0.6086396501930862,7.918055963872222,649.2805890375222,2.0692412093681174,169.67777916818562
adamsst01,HOU,C,22.8,82,True,True,5.9192323072542825,485.37704919485117,7.952442136789157,652.1002552167109,1.6258339883849386,133.31838704756498,0.5193525104691377,42.58690585846929,0.5806765884224475,47.615480250640694,0.040912123719491725,3.3547941449983214,1.2104446656322532,99.25646258184476,0.4879905472656237,0.6021859914629651,5.450984473320035,446.98072681224284,2.657504932310759,217.91540444948225
adebaba01,MIA,C,32.4,82,True,True,19.20129942342821,1574.5065527211132,9.955258562320164,816.3312021102535,3.722668865665054,305.25884698453444,1.1560941535716256,94.7997205928733,0.7545685774235009,61.87462334872708,1.2009310344296829,98.476344823234,1.9291475731125844,158.19010099523192,0.47226490179407693,0.7594937998852165,14.741910089051762,1208.8366273022446,5.12719884646016,420.4303054097331
aldamsa01,DAL,PF,27.9,82,True,True,13.367073541640288,1096.1000304145036,6.630015318724185,543.6612561353832,2.9108609969478376,238.69060174972267,0.8645546618484784,70.89348227157522,0.6870165710008831,56.335358822072415,1.8260833140792627,149.73883175449953,1.294884158662094,106.1805010102917,0.47244470643537406,0.6862123283112482,10.954759656551909,898.2902918372565,2.3874485928884357,195.77078461685173
alexani01,ATL,SG,33.4,82,True,True,17.27936225633752,1416.9077050196768,3.6831329455798514,302.0169015375478,3.698796392275349,303.30130416657863,1.1741477885217677,96.28011865878496,0.589164947085887,48.31152566104273,2.8788428992564667,236.06511773903028,1.8463555613653662,151.40115603196003,0.4508078847241557,0.8480613978989597,13.135698008163002,1077.127236669366,3.0319983884426023,248.6238678522934
alexatr01,UTA,SG,12.3,82,True,True,5.096564742597146,417.918308892966,1.3892542412331523,113.91884778111849,1.1340796220509106,92.99452900817467,0.43831381281040377,35.94173265045311,0.1544098187009949,12.661605133481583,0.6435027101328156,52.76722223089088,0.5761102076579404,47.241037027951116,0.4439520598770082,0.772267928207512,4.750047837542177,389.50392267845854,1.0966457778827492,89.92495378638543
allengr01,CHO,SG,28.8,82,True,True,13.416840749402,1100.1809414509642,3.151396622140107,258.4145230154888,3.04981039738002,250.08445258516164,0.953023912574682,78.14796083112392,0.31290141127621884,25.657915724649946,2.68258669259031,219.97210879240544,1.3450520700630977,110.294269745174,0.42869359214946723,0.8320740102769438,10.10307590113136,828.4522238927715,2.5129274018196917,206.06004694921472
allenja01,CLE,C,27.1,82,True,True,14.30945789066355,1173.375547034411,9.000411364061165,738.0337318530155,1.9806256842225427,162.4113061062485,0.8493180575476869,69.64408071891032,0.8712176978076221,71.43985122022502,0.013948285295141123,1.143759394201572,1.3122067650360054,107.60095473295245,0.647619448056794,0.7223405661918457,8.954037440390138,734.2310701119914,3.871769768606213,317.4851210257095
alvarjo01,NYK,PG,19.9,82,True,True,7.706906054563494,631.9662964742065,2.2856051899707683,187.419625577603,3.2919038719412432,269.93611749918193,0.9670595169407605,79.29888038914237,0.17563666155975607,14.402206247899999,1.4865890998295008,121.90030618601907,1.130471915645721,92.69869708294912,0.4177168079959843,0.7781655215074859,7.124063505007853,584.173207410644,1.2270781781085616,100.62041060490205
anderky01,TOR,SF,19.8,82,True,True,5.859910769110607,480.5126830670698,3.213174316479888,263.4802939513508,3.0280208694865323,248.29771129789566,0.6913274901458794,56.68885419196211,0.44204771126657105,36.24791232385883,0.21714301787210388,17.80572746551252,0.8553490519914518,70.13862226329906,0.44980661748853873,0.7157154908284176,5.2422243895338845,429.8623999417785,1.6326570257714734,133.8778761132608
antetgi01,MIA,PF,28.9,82,True,True,26.081416769092414,2138.676175065578,9.760358666374852,800.3494106427379,5.5226237062552235,452.8551439129283,0.8111788244305975,66.516663603309,0.7905568503286087,64.82566172694591,0.3257838702504969,26.714277360540745,2.784835212124195,228.35648739418397,0.5734251398816674,0.6484490304093494,15.887525647713066,1302.7771031124714,8.495263705788469,696.6116238746545
anunoog01,NYK,PF,33.2,82,True,True,16.016493259833705,1313.3524473063637,4.76187662156697,390.4738829684916,2.0910346496781655,171.46484127360958,1.3626577116471204,111.73793235506386,0.7318955388825217,60.015434188366775,2.163181825432235,177.38090968544324,1.5835019310781724,129.84715834841015,0.4760848481545816,0.7986023956660707,12.104749700454924,992.5894754373038,3.0605478148331473,250.96492081631808
avdijde01,POR,SF,33.3,82,True,True,20.969561864705298,1719.5040729058344,7.413234932402639,607.8852644570164,5.462610889972822,447.93409297777146,0.9022168111737162,73.98177851624473,0.577437777566433,47.349897760447504,1.780328667131876,145.98695070481384,3.2075051862662116,263.01542527382935,0.47450716479773863,0.786272856564438,14.345723111938879,1176.349295178988,6.659884708393756,546.110546088288
aytonde01,WAS,C,27.2,82,True,True,13.373589441724224,1096.6343342213863,8.77563426469404,719.6020097049112,1.1526727850708625,94.51916837581072,0.6736471575443103,55.23906691863344,0.9160070945490228,75.11258175301987,0.04188832812678293,3.4348429063962,1.4076405940321786,115.42652871063864,0.615451895924192,0.695828830428278,9.926424491927788,813.9668083380786,2.115315559828231,173.45587590591495
baglema01,DEN,PF,20.0,82,True,True,10.278077011908396,842.8023149764884,5.760620009364512,472.37084076789,1.256647685875932,103.04511024182642,0.4788531459968439,39.2659579717412,0.6467957320529837,53.037250028344666,0.33294286229754927,27.30131470839904,1.0340964064737383,84.79590533084655,0.5732508232175809,0.7102220498589732,7.287293921020317,597.558101523666,2.4410435669059556,200.16557248628837
baileac01,UTA,SF,27.6,82,True,True,12.812244053612758,1050.6040123962462,3.91799718521527,321.27576918765214,1.6687314187226672,136.83597633525872,0.771714306174283,63.28057310629121,0.6045505335566722,49.57314375164712,1.734836286284541,142.25657547533237,1.4054733231227063,115.24881249606192,0.4159573512745822,0.6809485380784,11.392832421164117,934.2122585354576,1.795540538979031,147.23432419628054
ballla01,MIN,PG,28.0,82,True,True,21.30890826292675,1747.3304775599934,4.762804962431796,390.5500069194072,7.123560503190408,584.1319612616135,1.2089475515115882,99.13369922395023,0.2371187691703844,19.44373907197152,3.649205941790091,299.23488722678746,2.977995927414011,244.1956660479489,0.41758337487431485,0.8682798327336873,17.41419613687849,1427.9640832240364,3.3260794221286756,272.7385126145514
bambamo01,UTA,C,11.0,82,True,True,3.9797239123748014,326.3373608147337,3.912879097079858,320.85608596054834,0.5959303701852097,48.86629035518719,0.30001272562211406,24.601043501013354,0.7796717378695108,63.933082505299886,0.37801615482700196,30.99732469581416,0.6311586086617572,51.75500591026409,0.5025270395308077,0.7114028608514664,3.619019105747448,296.7595666712907,1.1196396407384015,91.81045054054893
banchpa01,ORL,PF,34.8,82,True,True,22.958576942964772,1882.6033093231113,7.8049545980999495,640.0062770441958,5.041660412694788,413.4161538409726,0.7920856475484748,64.95102309897493,0.5964483877606248,48.90876779637124,1.389996276783549,113.97969469625102,3.001884539055788,246.15453220257461,0.45023462605042197,0.7295277191132462,16.87875541240738,1384.0579438174052,7.308898951489064,599.3297140221032
banede01,ORL,SG,33.6,82,True,True,20.324703965156676,1666.6257251428474,4.721992300363842,387.2033686298351,4.651844510968221,381.45124989939416,1.0922956727964144,89.56824516930598,0.4254774877841952,34.889153998304,2.2966714181290038,188.3270562865783,2.21014298386182,181.23172467666922,0.47884017290445047,0.8876863536098509,15.031939203139641,1232.6190146574506,3.7219876504004286,305.20298733283516
barlodo01,PHI,PF,23.8,82,True,True,7.926718547584208,649.990920901905,4.870049918754166,399.3440933378416,1.2903077567621253,105.80523605449427,0.7990699465960704,65.52373562087777,0.7311968039848845,59.95813792676053,0.32918950702555544,26.993539576095547,0.8179149872337803,67.06902895316999,0.511876803153531,0.7017988587434119,6.7166482365666935,550.7651553984689,2.2242931423841408,182.39203767549955
barneha02,SAS,PF,25.8,82,True,True,9.709176569185328,796.1524786731968,2.7970394370332525,229.35723383672672,1.5611033302288635,128.0104730787668,0.43737577501244557,35.86481355102054,0.13500157210085859,11.070128912270404,1.5938552194870002,130.696127997934,0.6872410545835917,56.35376647585452,0.4294022775591512,0.7702564284980191,7.273431204901561,596.421358801928,2.0748880561618352,170.14082060527048
barnesc01,TOR,PF,33.5,82,True,True,18.561026694081285,1522.0041889146653,7.6090463229929295,623.9417984854202,5.830032617622886,478.0626746450767,1.371502099988673,112.46317219907118,1.2793485457456826,104.90658075114597,1.0573974077695052,86.70658743709943,2.6385144873121003,216.35818795959221,0.4850214240594887,0.7889907611423903,14.745564922061853,1209.136323609072,4.071900953993941,333.89587822750315
barnhbr01,OKC,SG,8.7,82,True,True,2.294561457814798,188.15403954081344,1.6187534969230353,132.7377867476889,0.6330677562220982,51.91155601021205,0.28000464205743614,22.960380648709762,0.10969479491349483,8.994973182906577,0.27820757604221374,22.813021235461527,0.36781323395394006,30.160685184223084,0.4295857347817175,0.784110807113543,2.904732470703781,238.18806259771003,0.7100330959226324,58.222713865655855
barrerj01,TOR,SF,30.3,82,True,True,19.35101002388617,1586.782821958666,5.433631967817713,445.5578213610525,3.8163894658170894,312.94393619700134,0.7214344206249171,59.1576224912432,0.3172136074931523,26.01151581443849,1.6630319529297577,136.36862014024013,2.0659662082687174,169.40922907803483,0.4826321039433417,0.7103664772306219,14.573638736749745,1195.038376413479,4.666427387506913,382.6470457755669
bassech01,GSW,C,11.8,82,True,True,5.164199202808317,423.464334630282,4.35566057258278,357.16416695178793,0.7230961038004123,59.29388051163381,0.37952013975597076,31.120651459989602,0.7532548330499736,61.76689631009784,0.04590869168301723,3.7645127180074125,0.710053214618678,58.22436359873159,0.585270644352299,0.7168317884169625,4.019610996736926,329.60810173242794,1.3931099836808305,114.23501866182811
battlja01,TOR,SF,8.5,82,True,True,3.3662215179564217,276.0301644724266,1.3692690991052354,112.28006612662931,0.442401202419852,36.27689859842786,0.16861314613050807,13.826277982701662,0.08527135978772038,6.992251502593071,0.7159763048296998,58.710056996035384,0.31824470630376955,26.096065916909104,0.46683607391307824,0.789757469030145,2.942808085642112,241.31026302265317,0.532979207407733,43.704295007434105
bealbr01,LAC,SG,20.2,82,True,True,9.739979150043153,798.6782903035386,2.0429939349493473,167.5255026658465,2.4348177941087568,199.65505911691807,0.5075817950548288,41.62170719449596,0.22519105273587042,18.465666324341374,1.1019063981554333,90.35632464874553,1.1778462974445194,96.58339639045059,0.45163413321801654,0.7846709114212973,7.514849919390634,616.217693390032,1.6046392434475096,131.58041796269578
berinjo01,MIN,PF,7.8,82,True,True,3.6108602641304346,296.09054165869566,1.8572860155642026,152.2974532762646,0.35461009565217394,29.078027843478264,0.1962696372972973,16.09411025837838,0.3565208829131653,29.234712398879555,0.08869078804347826,7.272644619565217,0.36127341320638817,29.62441988292383,0.48100879712746863,0.6397088253226298,2.7735749842459603,227.43314870816874,0.8673473782694849,71.12248501809776
beysa01,NOP,SF,31.2,82,True,True,16.47512158534767,1350.9599699985088,5.721751805353913,469.18364803902085,2.2573726592533676,185.10455805877615,0.8972324969338642,73.57306474857687,0.13605576244487363,11.156572520479639,1.9818642732947254,162.51287041016747,1.00109154056848,82.08950632661535,0.44590961051789707,0.8324221854947474,12.787583463262163,1048.5818439874972,3.803633989272448,311.89798712034076
bitadgo01,ORL,C,15.2,82,True,True,5.677425035004411,465.5488528703617,4.976636993238247,408.08423344553626,1.402734225773271,115.02420651340822,0.5384177597294881,44.150256297818025,0.9885215274020586,81.0587652469688,0.04509510205261637,3.697798368314542,0.7615050164178467,62.44341134626343,0.619591107997619,0.6887727420443263,4.038913790205562,331.1909307968561,1.632186960012272,133.83933072100632
blackan01,ORL,PG,29.8,82,True,True,12.841921043058777,1053.0375255308197,3.6679249656194606,300.76984718079575,3.4601746960817104,283.73432507870024,1.290809271792077,105.84636028695031,0.6509630354855348,53.37896890981386,1.2725506289911523,104.3491515772745,2.0244602080532927,166.00573706037,0.4315636697392099,0.7079125322279158,10.780921534937281,884.0355658648571,3.218132662546388,263.88687832880385
bogdabo01,HOU,SG,19.6,82,True,True,8.10949346098321,664.9784638006232,2.0320139134454953,166.6251409025306,1.9273960522987628,158.04647628849855,0.4699258003061437,38.53391562510379,0.12770220148234587,10.471580521552362,1.4630546928465205,119.97048481341467,0.887150440534501,72.74633612382908,0.38300104085198783,0.827500469734733,6.814442187947926,558.78425941173,1.2315912735663581,100.99048443244136
bonaad01,PHI,C,17.4,82,True,True,5.478722703030278,449.25526164848276,4.456154341499527,365.40465600296125,0.5324034861654581,43.65708586556756,0.4532146470558891,37.163601058582906,1.1028181776006856,90.43109056325622,0.048249662845796744,3.956472353355333,0.9403476502428465,77.10850731991341,0.592390939655257,0.6854840276221682,4.173805191077563,342.2520256683602,1.86837880185354,153.2070617519903
bookede01,PHO,SG,33.5,82,True,True,24.3621424966689,1997.6956847268498,3.8110653809406854,312.5073612371362,6.153059857974937,504.55090835394486,0.8049694633028762,66.00749599083585,0.27092113182117,22.21553280933594,2.0016379548969057,164.13431230154626,2.7125893550127698,222.43232711104713,0.45852779190941384,0.869722524328115,17.210046916055884,1411.2238471165824,6.359452060570948,521.4750689668177
bouyeja01,PHO,PG,14.0,82,True,True,5.7894549034006,474.7353020788492,1.8220348686315537,149.4068592277874,1.9046778555662829,156.1835841564352,0.5852785159283224,47.99283830612244,0.27001612833298905,22.141322523305103,0.5299446521315151,43.45546147478424,0.8853502273004822,72.59871863863954,0.45959241095839015,0.7696780937377806,5.606267071915884,459.71389989710246,1.3539982441721992,111.02785602212033
braunch01,DEN,SG,31.8,82,True,True,12.966932002840927,1063.288424232956,4.995589926289191,409.63837395571363,2.5836996598825412,211.86337211036837,0.8478564582049987,69.52422957280989,0.4126525146418665,33.83750620063305,1.0736862483626006,88.04227236573325,1.0414843509645828,85.40171677909579,0.5255352068373067,0.7927095348832158,9.689266956706108,794.5198904499009,2.5423037976270866,208.4689114054211
breako01,PHO,SG,7.0,82,True,True,3.570367317521846,292.7701200367914,0.7919545139878487,64.94027014700359,0.7601201229619564,62.32985008288043,0.20474975379901958,16.789479811519605,0.06238468684167881,5.115544321017663,0.7478464281409847,61.32340710756074,0.348823352058152,28.603514868768464,0.44447421346819266,0.8091515484698553,2.6820120409147363,219.92498735500837,0.622122846092175,51.014073379558354
bridgmi01,NYK,SF,32.8,82,True,True,15.263093010106896,1251.5736268287656,3.513822858580082,288.1334744035667,3.483379218203431,285.6370958926814,1.0018032269972978,82.14786461377842,0.5237341641948616,42.94620146397865,1.9473362232559737,159.68157030698984,1.316335671821512,107.93952508936398,0.469164922417876,0.8085639382422874,12.459959212421246,1021.7166554185422,1.9366914456776259,158.8086985455653
bridgmi02,PHO,PF,31.0,82,True,True,17.87619496202357,1465.8479868859326,6.298042602006432,516.4394933645274,3.2500104884095835,266.50086004958587,0.6915149827953172,56.70422858921601,0.5084632140286535,41.693983550349586,1.9758552870841064,162.02013354089672,1.6331996802582085,133.9223737811731,0.456029325201213,0.8250676604000161,14.382177502010128,1179.3385551648305,3.4010925896393416,278.889592350426
brookdi01,PHO,SF,30.4,82,True,True,15.572360095889323,1276.9335278629244,3.4594221268582315,283.67261440237496,1.6839790522426583,138.086282283898,0.8438072744063461,69.19219650132038,0.17753694804054837,14.558029739324967,2.1313063084237225,174.76711729074523,1.3183453078961567,108.10431524748485,0.4246759787993284,0.8194118543869142,13.074814476040688,1072.1347870353363,2.6451155146048833,216.89947219760043
broomjo01,LAC,C,5.0,82,True,True,2.009223387096774,164.75631774193548,1.4663033088235295,120.23687132352943,0.4477033821073639,36.71167733280384,0.15267794612794613,12.519591582491582,0.18367723665223668,15.061533405483408,0.10097479838709676,8.279933467741934,0.3125328547297297,25.627694087837835,0.5123194736842104,0.7024344259326333,1.8911195997807022,155.07180718201758,0.6403046623480824,52.50498231254275
brownja02,PHI,SF,34.4,82,True,True,26.543166973283178,2176.5396918092206,6.563498573971114,538.2068830656314,4.809629478052439,394.3896172003,1.1136216944732664,91.31697894680785,0.4108782553069788,33.69201693517226,2.0317008462859967,166.59946939545173,3.142524490256474,257.6870082010309,0.47070560456828864,0.7688574760260969,19.949042208910008,1635.8214611306207,6.115601855241651,501.47935212981537
brownko01,IND,PF,15.8,82,True,True,5.66664024902546,464.66450042008773,3.174262068329123,260.28948960298806,1.3249043695979736,108.64215830703384,0.43742136097578593,35.86855160001445,0.25431726657347953,20.85401585902532,0.7719815582203768,63.3024877740709,0.8496065271948807,69.66773522998022,0.46822742994035754,0.7566010213733367,5.187405183180741,425.36722502082074,1.3737880022304625,112.65061618289792
brunsja01,NYK,PG,35.0,82,True,True,25.832908319840843,2118.298482226949,3.201590596216676,262.53042888976745,6.812823660022167,558.6515401218177,0.8186474752596731,67.12909297129319,0.14308328044169583,11.732828996219057,2.5002023058086853,205.0165890763122,2.3810823535937264,195.24875299468556,0.46241561182452656,0.8253679844659685,18.93748779225359,1552.8739989647945,5.876455744021418,481.86937100975626
bryanca01,SAS,PF,11.5,82,True,True,4.100272478905974,336.22234327028985,2.3186374546611845,190.12827128221713,0.6405670473693276,52.52649788428486,0.24718219571482306,20.26894004861549,0.29552482288745735,24.2330354767715,0.6704107040398116,54.97367773126455,0.5062038509608899,41.508715778792975,0.411416332921302,0.6577919417549745,3.9720378247815704,325.7071016320888,1.0201078726689492,83.64884555885384
bryanth01,CLE,C,12.2,82,True,True,5.859706275120986,480.49591455992083,3.402252961918456,278.98474287731335,0.6459936595510245,52.97148008318401,0.31788490092150623,26.06656187556351,0.457841765150843,37.54302474236913,0.6208122127080956,50.90660144206384,0.5084824802908929,41.69556338385322,0.5158644605625659,0.791799374089894,4.366752464983036,358.07370212860894,1.237469309536714,101.47248338201055
bufkiko01,NOP,SG,7.4,82,True,True,3.106415903823598,254.72610411353503,1.000538655735912,82.04416977034478,0.8094187465805414,66.37233721960439,0.21121873684911766,17.31993642162765,0.1251700055244009,10.263940453000874,0.3415573490420599,28.007702621448914,0.3765729487623499,30.878981798512694,0.40848661792889657,0.7768146964609267,2.960801204311226,242.78569875352053,0.7061293553279053,57.902607136888236
butleji01,GSW,SF,31.1,82,True,True,15.410858000614063,1263.690356050353,4.337721527767068,355.6931652768996,4.473867752409242,366.85715569755786,0.8123425829988155,66.61209180590286,0.1638902396719931,13.438999653103433,0.6527802755670439,53.5279825964976,1.2586651829674647,103.2105450033321,0.40870573768941804,0.7607066215743332,9.71426708401577,796.5699008892931,5.925891808613994,485.92312830634745
buzelma01,CHI,PF,29.2,82,True,True,14.996683628187714,1229.7280575113925,5.547329480912126,454.88101743479433,1.8310686383496528,150.14762834467155,0.6586220424298577,54.00700747924833,1.3574065036404266,111.30733329851498,2.0593183190845026,168.86410216492922,1.8170308705359766,148.99653138395007,0.4506158115335794,0.7480066976842036,11.764473426836624,964.6868210006031,2.945930877735387,241.56633197430176
cainja01,ORL,SF,12.2,82,True,True,5.242363171538466,429.8737800661542,1.9977204745065904,163.81307890954042,0.6923543388043285,56.77305578195494,0.40203372004974647,32.96676504407921,0.17211348404541346,14.113305691723903,0.6724668140789062,55.142278754470304,0.5610196041997255,46.003607544377495,0.46423353099669035,0.7943505115986362,4.3808809546672745,359.2322382827165,1.3030098814913587,106.84681028229141
caldwke01,PHI,SG,21.3,82,True,True,6.694385770523447,548.9396331829226,1.7680162407979088,144.97733174542853,1.8105439323417862,148.46460245202647,0.7113326735407066,58.329279230337946,0.2201216308709266,18.04997373141598,1.0260292765274597,84.1344006752517,0.7742849461233815,63.49136558211728,0.405440831059011,0.8506586683074617,5.692237340479322,466.76346191930435,1.273817798987842,104.45305951700306
camarto01,POR,PF,33.3,82,True,True,12.557013145767499,1029.675077952935,5.691375186289783,466.69276527576216,2.3163705957168443,189.94238884878123,1.2608518245078966,103.38984960964751,0.5535237111466829,45.388944314027995,2.170956130580568,178.01840270760658,1.674400300929781,137.30082467624203,0.4507474770940416,0.7260896566253547,10.576869858382686,867.3033283873802,2.116217752914154,173.52985573896063
capelca01,HOU,C,12.3,82,True,True,4.345930263131191,356.3662815767576,4.403696525217095,361.10311506780175,0.619856049380259,50.82819604918124,0.31222359703082947,25.602334956528015,0.5673311987294875,46.52115829581797,0.017877609923715027,1.4659640137446321,0.5028723508836431,41.23553277245874,0.5193024426996193,0.6018164143891706,3.521995837066893,288.80365863948526,1.1817202901771022,96.90106379452239
cardwdy01,SAC,C,20.6,82,True,True,5.930229315234608,486.2788038492379,7.251873849935636,594.6536556947221,1.4565870495960724,119.44013806687794,0.6458240730507635,52.95757399016261,1.2887900434734492,105.68078356482283,0.10381942445258195,8.51319280511172,1.050173173435501,86.11420022171109,0.5600614586994727,0.6257266039608234,5.854477244365115,480.0671340379394,2.044548390888866,167.65296805288702
carlsbr01,POR,C,11.6,82,True,True,5.893483542930858,483.2656505203304,3.0462055622408672,249.7888561037511,0.7587225373716702,62.21524806447695,0.2624224554038822,21.51864134311834,0.6351463663806916,52.082002043216704,0.7683835475707197,63.007450900799014,0.539614167735944,44.24836175434741,0.5252756695257255,0.6907757954248896,4.542802039303904,372.5097672229201,1.2438757381711012,101.99781053003029
carrica01,WAS,PG,27.7,82,True,True,9.679268906391833,793.7000503241303,3.399105193953169,278.72662590415985,4.069831800667229,333.72620765471277,0.6236331583917173,51.137918988120816,0.22439545386623672,18.40042721703141,1.7658027505300509,144.79582554346416,1.9543278238135742,160.25488155271307,0.3995820283289788,0.710624195589175,8.92434252909056,731.7960873854258,1.5370467379003196,126.03783250782621
cartede02,ATL,PG,18.4,82,True,True,8.63928270778271,708.4211820381822,3.272442080630563,268.34025061170615,2.6018498149325047,213.3516848244654,0.8584382887697859,70.39193967912244,0.21765669366306528,17.84784888037135,0.8609110931086601,70.59470963491013,1.3540534707031622,111.0323845976593,0.42451329699243406,0.7447956021689508,7.850443792776114,643.7363910076414,2.377854238930974,194.98404759233986
carteje01,ORL,PG,16.4,82,True,True,6.330528762948721,519.1033585617952,1.5337099908230507,125.76421924749016,1.7141919565526984,140.56374043732126,0.6221119375156939,51.0131788762869,0.17354537255944358,14.230720549874373,1.3892496231421723,113.91846909765813,0.7454065699734652,61.12333873782415,0.3955788703145396,0.7506284018405319,6.223400365285885,510.31882995344256,0.9226761469022456,75.65944404598415
cartewe01,ORL,C,29.3,82,True,True,11.769460266924959,965.0957418878467,7.850288418321135,643.7236503023331,2.0774523592276637,170.35109345666842,0.8210010121270477,67.32208299441791,0.6761696347094516,55.44591004617503,0.9196175488370737,75.40863900464004,1.37588744507366,112.82277049604012,0.5051709808508293,0.7574004182792602,8.78996684016288,720.7772808933561,3.253862355404291,266.8167131431519
carusal01,OKC,SG,18.2,82,True,True,6.182737926189258,506.98450994751914,2.5216026670296117,206.77141869642816,2.1049534935056733,172.60618646746522,1.0219667637560674,83.80127462799753,0.3799695866640746,31.157506106454118,1.0213094589986744,83.74737563789131,0.8035377745769782,65.8900975153122,0.42368563318410407,0.7823024748715558,5.284863369457662,433.3587962955283,1.0690985948010996,87.66608477369017
castlco01,ORL,C,5.2,82,True,True,1.732877341786894,142.0959420265253,1.5138887865883575,124.1388805002453,0.3607822003303113,29.584140427085526,0.1336026222078529,10.955415021043938,0.14523860544025194,11.90956564610066,0.043252988164441404,3.546745029484195,0.32012241676923225,26.250038175077044,0.5142510761689697,0.7515490538145261,1.7125582096613625,140.42977319223172,0.6285654057114555,51.54236326833935
castlst01,SAS,PG,30.0,82,True,True,15.788455700278632,1294.6533674228479,4.5581799608677205,373.7707567911531,5.768365330494067,473.0059571005135,1.0356876243519144,84.92638519685698,0.26093486067269367,21.39665857516088,1.1881556387025514,97.42876237360922,2.7139216418569494,222.54157463226986,0.431574145820792,0.6888470579056374,12.210814705892702,1001.2868058832015,4.567330995122123,374.52114160001406
champju01,WAS,SF,20.0,82,True,True,8.528117944295403,699.305671432223,5.301154611400303,434.69467813482487,1.1589038528774998,95.03011593595498,0.8602575955478794,70.54112283492611,0.5896292998548787,48.34960258810005,0.906339845496356,74.3198673307012,0.7794340043929934,63.913588360225454,0.4945012748729593,0.7658041936483555,6.98249416140777,572.5645212354372,1.6444605666764192,134.84576646746638
champju02,SAS,SF,27.6,82,True,True,11.093660399577692,909.6801527653707,5.121501275437257,419.9631045858551,1.6433582012654864,134.75537250376988,0.8156484988341419,66.88317690439963,0.5220495133251116,42.808060092659154,2.3433122667627337,192.15160587454417,1.0122315203996277,83.00298467276947,0.4316856957325009,0.8480709301628367,8.986576036417862,736.8992349862647,1.8847185731564222,154.54692299882663
chrisca02,LAC,SG,8.7,82,True,True,2.899562622628278,237.76413505551878,1.268241131186982,103.99577275733252,0.581214629797389,47.6595996433859,0.2867452903099949,23.513113805419582,0.06937235245353346,5.688532901189744,0.26362111003415073,21.616931022800358,0.39556919823532194,32.436674255296396,0.4015521158571244,0.7331177518841886,2.8754940172225827,235.7905094122518,0.780051452344201,63.96421909222448
chrisma02,DAL,SG,29.1,82,True,True,11.238574043943258,921.5630716033471,3.409432226760351,279.5734425943488,1.957327744041806,160.5008750114281,0.7227536785686843,59.26580164263211,0.39245451231868383,32.181270010132074,1.9628306115324026,160.952110145657,1.2256164751864016,100.50055096528493,0.4292206751549762,0.8357496836940361,9.045608445119276,741.7398924997807,2.001932652550891,164.15847750917308
cissosi01,POR,SF,19.1,82,True,True,5.2891565285481175,433.7108353409456,2.32538620096689,190.681668479285,1.4810011097174591,121.44209099683165,0.643963636754878,52.8050182139,0.304078935236575,24.934472689399147,0.7650999375497441,62.73819487907902,0.9659264868579055,79.20597192234825,0.4113061720129224,0.6787234979775156,5.516294411876664,452.3361417738864,1.5701809719330715,128.75483969851186
clarkja02,MIN,SG,13.1,82,True,True,4.288598333954011,351.66506338422886,1.677286928158919,137.53752810903137,0.6983430230448358,57.26412788967653,0.6714539470903674,55.05922366141013,0.12337782966878749,10.116982032840575,0.5454273146120531,44.725039798188355,0.40379448332444673,33.111147632604634,0.44795388242313977,0.7524279885091244,4.006956559203584,328.57043785469386,1.1324392027094774,92.86001462217715
clarkjo01,NYK,SG,17.8,82,True,True,8.458752325077208,693.6176906563311,1.7142810018928232,140.5710421552115,1.8954856165321279,155.42982055563448,0.34008382480298666,27.886873633844907,0.0860517288511955,7.056241765798031,0.9789574456278906,80.27451054148703,1.042216197618074,85.46172820468206,0.39197921547470715,0.7940064431776293,6.9955432786883005,573.6345488524406,1.6883206198337675,138.44229082636895
claxtni01,CHI,C,27.8,82,True,True,12.026805263520853,986.1980316087099,8.096567368982491,663.9185242565643,3.063636618749619,251.21820273746874,0.7745532444098117,63.513366041604556,1.4484127510032616,118.76984558226745,0.06123233147726045,5.021051181135356,1.4496396805864042,118.87045380808514,0.5765561510424932,0.5989608884217603,9.021946968657389,739.7996514299059,3.1700499935950734,259.944099474796
claytwa01,MEM,PG,20.4,82,True,True,7.909589740333261,648.5863587073273,2.0529986048527347,168.34588559792425,3.885577265473903,318.61733576886,0.6747472517986826,55.32927464749197,0.24624376288718586,20.19198855674924,1.080425513084811,88.59489207295451,1.6492620052575577,135.23948443111973,0.40482596993139686,0.8377336917562725,7.526708549230768,617.1901010369229,2.0848306451612904,170.9561129032258
cliffni01,SAC,SG,25.1,82,True,True,8.745841731593277,717.1590219906487,3.645383772578191,298.92146935141164,2.363846843142799,193.8354411377095,0.8630820321508262,70.77272663636775,0.30243201601570696,24.79942531328797,1.066813720609938,87.47872509001492,1.4903604697205144,122.20955851708219,0.42544968811685746,0.7496498364952728,8.442802762997024,692.309826565756,1.7272794423857243,141.63691427562938
clingdo01,POR,C,27.2,82,True,True,11.070536835078036,907.784020476399,10.912128456656172,894.7945334458061,1.8940825468005915,155.3147688376485,0.602748736956596,49.42539643044088,1.7102730476398138,140.24238990646472,0.8382085881689881,68.73310422985703,1.3394931272597104,109.83843643529625,0.5124796080568993,0.6425474704251922,8.55711223301604,701.6832031073153,2.673526275115194,219.2291545594459
clownno01,BRK,PF,27.0,82,True,True,11.540171444003636,946.2940584082982,4.32533491918285,354.67746337299366,1.4320365253006426,117.4269950746527,0.7013088638429985,57.50732683512588,0.66729654148844,54.718316402052075,1.9030861346725723,156.05306304315093,1.4025534665690722,115.00938425866391,0.4003933690410745,0.7554127580603874,9.47441012617006,776.9016303459449,2.9736423094116224,243.83866937175304
colliis01,UTA,PG,25.7,82,True,True,10.289512371325296,843.7400144486743,2.8251038849911003,231.65851856927023,6.449906979576565,528.8923723252783,0.9885974539223212,81.06499122163034,0.2728082090513735,22.370273142212625,0.530244515808248,43.48005029627634,2.55432400235973,209.45456819349786,0.4503507737575271,0.7001927641214742,8.833138559966612,724.3173619172621,2.937299218129219,240.85853588659597
collijo01,DET,PF,27.1,82,True,True,14.498637900767047,1188.8883078628978,6.373066267615251,522.5914339444506,1.2461602604041493,102.18514135314024,0.785778383270486,64.43382742817985,0.78685998272404,64.52251858337128,1.2927473135762722,106.00527971325431,1.5801524696467764,129.57250251103565,0.527349859381512,0.7808728083417402,10.409439019587744,853.573999606195,2.8285047680499855,231.93739098009883
colliza01,CHI,C,18.4,82,True,True,8.828502246472354,723.937184210733,5.133860367371157,420.9765501244349,2.13800242669835,175.3161989892647,0.4679920163464339,38.37534534040758,0.5856947771034197,48.02697172248041,0.6973923880967314,57.186175823931976,1.3165623309655914,107.9581111391785,0.514391665945403,0.7803218560100431,6.807543451491852,558.2185630223319,2.0164095726304025,165.345584955693
conlemi01,BOS,PG,18.4,82,True,True,4.311497010261411,353.54275484143574,1.3176825743121725,108.04997109359815,2.690987171698861,220.66094807930662,0.39340109983119687,32.25889018615814,0.1010358333966096,8.284938338521988,0.9164047941629119,75.14519312135877,0.5819098091337749,47.71660434896954,0.29848353763584606,0.7401988657035925,3.738308561765551,306.54130206477515,0.9684708330649633,79.41460831132699
connapa01,CHO,SG,7.1,82,True,True,2.0391385492745457,167.20936104051276,1.057160548918887,86.68716501134874,0.6307860966470474,51.72445992505789,0.14045857173398807,11.517602882187022,0.06214036290561541,5.095509758260463,0.34430324994046685,28.23286649511828,0.23472158067302332,19.24716961518791,0.41570551148691964,0.7433598369711809,1.8153221508526585,148.856416369918,0.4262310309274835,34.95094453605365
coulibi01,WAS,SG,26.2,82,True,True,10.057751239795799,824.7356016632555,3.9574134987039504,324.50790689372394,2.3309153292412583,191.13505699778318,1.0733440452259517,88.01421170852804,0.6965523431118008,57.117292135167666,0.986892809739206,80.9252103986149,1.4576189275747,119.5247520611254,0.41703860525725034,0.7160477500628596,8.584975194251196,703.9679659285981,2.538853838064752,208.18601472130965
cowarce01,MEM,SG,25.8,82,True,True,13.351311247115984,1094.8075222635107,5.489442916430675,450.13431914731535,2.691096575206125,220.66991916690225,0.6911142848017718,56.67137135374529,0.39745092485112554,32.59097583779229,1.5179160414906805,124.4691154022358,1.5828413849209333,129.79299356351652,0.45712785850954224,0.8077057856452087,10.23640016511014,839.3848135390315,2.55252122071823,209.30674009889486
crawfis01,HOU,SF,6.6,82,True,True,2.6205085369343886,214.88170002861986,1.1057169309712105,90.66878833963926,0.47049171675689505,38.58032077406539,0.1976999059038662,16.21139228411703,0.1349830979267944,11.06861402999714,0.28014846214043304,22.97217389551551,0.35566870091180364,29.1648334747679,0.4581157700508447,0.7870569492789223,2.547813733488806,208.92072614608207,0.7115768836919341,58.349304462738594
cryerlj01,GSW,PG,16.2,82,True,True,8.601793310278143,705.3470514428078,1.8240706575531076,149.5737939193548,1.577233256459842,129.33312702970704,0.46591836235337236,38.20530571297653,0.10469888122319598,8.585308260302071,1.8074731168943383,148.21279558533575,1.1110871959310848,91.10915006634896,0.4476812005199102,0.8396856352157746,7.1450961181318675,585.8978816868131,1.8724994583585575,153.5449555854017
cunnica01,DET,PG,33.9,82,True,True,24.06723367432043,1973.5131612942753,5.388278231379596,441.8388149731269,9.052278631504842,742.2868477833971,1.184411052017811,97.1217062654605,0.6857574245590384,56.23210881384115,1.9914391003846854,163.2980062315442,3.771226569330352,309.24057868508885,0.46172031577300704,0.8326114593748972,18.74838681787927,1537.3677190661,5.245601902813423,430.1393560307007
curryst01,GSW,PG,30.9,82,True,True,19.336975277083432,1585.6319727208415,3.1061355343052064,254.70311381302693,4.4806987789850625,367.41729987677513,0.5621410511584959,46.095566194996664,0.2091048131006817,17.1465946742559,3.3704207480720183,276.3745013419055,2.114655515145327,173.4017522419168,0.35403558900834997,0.7886335022886719,13.640689210740817,1118.536515280747,3.8308238520604396,314.12755586895605
dadiepa01,NYK,SG,4.7,82,True,True,1.679823457844368,137.7455235432382,0.7027173825433942,57.622825368558324,0.3590713506196977,29.443850750815212,0.13083736568458937,10.728663986136329,0.04901002646824974,4.018822170396479,0.2593584381177232,21.2673919256533,0.1914959119380466,15.702664778919821,0.40447615245012025,0.7478796083285809,1.6563190735035396,135.81816402729024,0.39718259313103227,32.56897263674465
daniedy01,ATL,SG,33.2,82,True,True,11.997368905056476,983.784250214631,6.181394313737436,506.8743337264698,4.965381545249366,407.16128671044805,2.179750028385347,178.73950232759844,0.5178101014146982,42.46042831600525,0.6466861898287485,53.02826756595738,1.7587776216452318,144.219764974909,0.4860063997868502,0.6230353919494618,10.612324590003531,870.2106163802896,1.8389932762420282,150.7974486518463
dasiltr01,ORL,SF,24.7,82,True,True,9.520845990137968,780.7093711913134,3.780634533446635,310.01203174262406,1.6937670904263753,138.8889014149628,0.7622187383370983,62.50193654364206,0.3188472359131025,26.145473344874404,1.457625618583777,119.52530072386972,0.9522341860587001,78.0832032568134,0.4430087929886592,0.861283178827403,8.409817546554615,689.6050388174784,1.5984420988202077,131.07225210325703
davisan02,WAS,PF,31.3,82,True,True,20.53015537685297,1683.4727409019436,10.176110426232734,834.4410549510842,3.061451207841667,251.03899904301667,0.871690344906505,71.47860828233341,1.5192923128961247,124.58196965748222,0.48306707722966835,39.611500332832804,1.8405894841565578,150.92833770083774,0.4840406126424609,0.754253280944114,14.658579177020869,1202.0034925157113,5.436815674611257,445.8188853181231
demineg01,BRK,PG,25.1,82,True,True,9.796525407796183,803.315083439287,2.9347709115180454,240.65121474447972,3.014780979646516,247.2120403310143,0.7758661575611381,63.621024920013326,0.2696233949998741,22.109118389989675,2.1570896889948763,176.88135449757985,1.625828155771075,133.31790877322814,0.3913110630266675,0.732032198899007,8.866446250044802,727.0485925036738,1.9101738297582147,156.6342540401736
dennira01,ATL,PG,12.1,82,True,True,5.310047823115062,435.4239214954351,1.6698776992720474,136.9299713403079,2.1577546078986503,176.9358778476893,0.45876180512398146,37.61846802016648,0.18525946288354173,15.191275956450422,0.861735234744981,70.66228924908845,0.9957490968218256,81.6514259393897,0.42640028780429307,0.8414792158405456,5.508020080620177,451.65764661085456,1.384428239245946,113.52311561816757
diabamo01,CHO,C,26.0,82,True,True,8.141619420540668,667.6127924843347,8.68319928386874,712.0223412772367,1.717205605861553,140.81085968064735,0.818284100864449,67.09929627088482,0.9371621886640961,76.84729947045588,0.024706497049031474,2.025932758020581,1.1381529147386997,93.32853900857337,0.5984722056895599,0.6546453987370656,6.1075084248509945,500.8156908377816,2.6651632853134273,218.54338939570104
diawamo01,NYK,SF,9.2,82,True,True,3.5640075904233983,292.2486224147187,1.338714911943738,109.77462277938652,0.7277985157306486,59.679478289913185,0.2504879642266284,20.540013066583526,0.10674479926928863,8.753073540081669,0.649772293762695,53.28132808854099,0.4530604220342163,37.15095460680574,0.42479783215699535,0.7207788077062885,3.3206231810765012,272.2911008482731,0.7461244307675996,61.18220332294317
dickgr01,TOR,SG,14.0,82,True,True,6.031790616675446,494.60683056738657,1.6876313370636344,138.385769639218,0.7334741226146744,60.1448780544033,0.4696580754597959,38.51196218770326,0.07894105892769486,6.473166832070978,0.8661347342700523,71.02304821014428,0.615205824550929,50.44687761317618,0.4109752269269194,0.8138522165023189,5.114050282143856,419.35212313579615,1.1074113462117336,90.80773038936216
diengou01,MIL,C,19.3,82,True,True,7.320252587712856,600.2607121924542,3.380311306210892,277.18552710929316,2.1107344324642145,173.0802234620656,0.490373647129927,40.21063906465401,0.37372692176174277,30.64560758446291,1.0466899260116485,85.82857393295518,1.177495197808995,96.55460622033759,0.44980969140363614,0.7024304551263431,6.748418678992523,553.3703316773868,1.4291070235536634,117.18677593140039
dilliro01,CHI,PG,14.9,82,True,True,6.238613507457216,511.5663076114917,1.8367385060334533,150.61255749474319,2.2308397370121056,182.92885843499266,0.6330624754461593,51.91112298658506,0.09304129624982813,7.629386292485906,0.6563275000231983,53.81885500190226,1.4132542614336965,115.88684943756311,0.4042254691413614,0.690168361144276,6.25742838900371,513.1091278983042,1.191580315648296,97.70958588316027
divindo01,MIN,SG,30.4,82,True,True,13.528219518555659,1109.3140005215641,4.0876632451263974,335.1883861003646,3.7275037865974494,305.6553105009909,1.277079774396238,104.72054150049152,0.41259710041171094,33.8329622337603,3.1992733354925607,262.34041351038996,1.5591625726897995,127.85133096056356,0.41656660662456474,0.7598123580855338,11.209810907970455,919.2044944535774,1.5756044451721978,129.19956450412022
doncilu01,LAL,PG,35.8,82,True,True,31.70417158865826,2599.7420702699774,8.006811144466909,656.5585138462865,8.3466160532832,684.4225163692223,1.5816003082030743,129.6912252726521,0.4896268693512024,40.149403286798595,3.8129683611156535,312.6634056114836,3.7661244867066586,308.822207909946,0.4714969984525911,0.7886600473710098,21.49743164840196,1762.7893951689607,8.426660264020041,690.9861416496434
dortlu01,ATL,SF,26.8,82,True,True,9.358394940072474,767.3883850859429,3.6991269725732976,303.3284117510104,1.3902607600956716,114.00138232784506,0.9306327966304853,76.31188932369979,0.4701341224150195,38.5509980380316,1.9758010538062374,162.01568641211148,0.8509381029747787,69.77692444393185,0.419011181482677,0.7682389647808536,8.27564477339249,678.6028714181841,1.3730792471224178,112.59249826403826
dosunay01,MIN,SG,27.3,82,True,True,13.115241638914064,1075.4498143909532,3.1798790217366792,260.7500797824077,3.544735988660207,290.66835107013696,0.8522229809115859,69.88228443475005,0.3395226114507641,27.84085413896266,1.5920116493042629,130.54495524294956,1.3540487107045476,111.0319942777729,0.5009177472863735,0.8363240977527401,9.991361514715082,819.2916442066368,1.9325007869784896,158.46506453223614
drumman01,NYK,C,19.5,82,True,True,6.85523302106162,562.1291077270529,7.883778374113513,646.4698266773081,0.9845768380018304,80.73530071615009,0.6099675568377486,50.017339660695384,0.5499970705976185,45.099759789004715,0.2855133594812962,23.412095477466288,1.0347450445603967,84.84909365395254,0.46853484217935454,0.6298919189579448,5.655459766656538,463.7477008658361,2.0548928149293806,168.5012108242092
dunnkr01,LAC,PG,27.2,82,True,True,7.066687254864069,579.4683548988537,3.342827037477962,274.11181707319287,3.656130571404134,299.802706855139,1.3632277157872292,111.7846726945528,0.24148060273107247,19.80140942394794,0.9801178691461262,80.36966526998235,1.3334970509052442,109.34675817423002,0.44149834684376515,0.7311161215123927,6.574416742848956,539.1021729136144,1.214350726349702,99.57675956067557
dunnry01,PHO,SF,19.4,82,True,True,6.306841518058503,517.1610044807973,3.9003625296840356,319.8297274340909,1.1882268148725388,97.43459881954819,0.720811306175239,59.1065271063696,0.44467911468969284,36.46368740455481,0.9126619480753225,74.83827974217645,0.7497204540920296,61.477077235546425,0.44076576555435015,0.564772561509938,6.126437384126442,502.36786549836825,1.074537338189662,88.11206173155227
duranke01,HOU,SF,36.4,82,True,True,20.102331052222276,1648.3911462822266,4.486901956945531,367.92596046953355,3.9842288095343354,326.7067623818155,0.4617140505414589,37.860552144399634,0.5543568481575855,45.457261548922006,1.844623839707045,151.25915485597767,2.3565835450387946,193.23985069318115,0.40107530703437894,0.7400564358130346,13.625904049283585,1117.324132041254,4.838822511372456,396.7834459325414
easonta01,HOU,PF,25.8,82,True,True,11.141901199730235,913.6358983778792,6.378290845750069,523.0198493515056,1.5041458325286496,123.33995826734927,1.3133674624616758,107.69613192185741,0.6418036218575665,52.62789699232045,1.3664343201441398,112.04761425181947,1.2859628932445426,105.44895724605249,0.45074481988321113,0.7617187576630858,9.91178656072714,812.7664979796256,1.9063840903983205,156.32349541266228
edeyza01,MEM,C,25.8,82,True,True,11.621032894177839,952.9246973225828,9.826680225510344,805.7877784918483,1.2017467911194468,98.54323687179463,0.6723981719972452,55.1366501037741,1.4853956297510238,121.80244163958395,0.30177642671577276,24.745666990693366,1.7474506299161963,143.2909516531281,0.5709707847565278,0.7168658021457611,8.657746379139379,709.935203089429,2.8540950468461688,234.03579384138584
edgecvj01,PHI,SG,35.0,82,True,True,15.243480407833058,1249.9653934423106,5.272345566316831,432.3323364379802,3.84160138531848,315.0113135961154,1.3136548984029515,107.71970166904202,0.460025829403765,37.72211801110873,1.873998339482837,153.66786383759265,1.7192627993549858,140.97954954710883,0.4189283149169688,0.7520336379909012,13.058818244115642,1070.8230960174826,2.500799207165864,205.06553498760084
edwaran01,MIN,SG,35.0,82,True,True,27.776447267926905,2277.668675970006,5.310521101886663,435.46273035470637,4.325922706389711,354.72566192395635,1.2945389371801954,106.15219284877602,0.6762930188446011,55.45602754525729,3.395747603757782,278.45130350813815,2.9565922031817773,242.44056066090573,0.46718252557703477,0.820009094864643,19.684863194086354,1614.1587819150811,6.294759608741594,516.1702879168107
edwarju01,PHI,SF,15.3,82,True,True,5.970715163275929,489.59864338862616,1.7103138789186274,140.24573807132745,1.0920216392080624,89.54577441506112,0.6779134022855688,55.58889898741665,0.1878287401011437,15.401956688293783,0.9623510719388321,78.91278789898423,0.6504431749484786,53.33634034577524,0.4417862680992969,0.7520015226232027,5.2911048606290585,433.8705985715828,0.9918810373973485,81.33424506658257
elliske01,BRK,SG,20.5,82,True,True,6.728642046090824,551.7486477794475,2.0823880548733347,170.75582049961344,1.1879068231044645,97.40835949456608,1.1065657521473535,90.73839167608298,0.5981330036977819,49.046906303218115,1.3513237314438715,110.80854597839746,0.6858572208914416,56.240292113098214,0.46091419120225513,0.7873933375463884,5.431424473397924,445.3768068186298,1.1343346117627646,93.0154381645467
embiijo01,PHI,C,31.6,82,True,True,26.502980994807263,2173.2444415741957,8.25353619173883,676.789967722584,4.293934977109373,352.10266812296857,0.634440171862872,52.024094092755504,1.0680440830201523,87.57961480765249,1.270449647911662,104.17687112875629,2.8749962794173265,235.74969491222078,0.47682623058683815,0.8085319833391488,16.668571445602726,1366.8228585394236,7.862476393733323,644.7230642861325
enarutr01,CLE,SF,9.4,82,True,True,4.744816344458094,389.0749402455637,1.6006429420964028,131.25272125190503,0.9299070611520611,76.25237901446901,0.35205714987481646,28.86868628973495,0.12902872852233677,10.580355738831615,0.4746754318181818,38.923385409090905,0.5380890750884917,44.12330415725632,0.4720869714090053,0.8018146444994694,3.944255297865662,323.4289344249843,1.098610861484495,90.08609064172859
essenno01,CHI,PF,3.0,82,True,True,1.4804770591436862,121.39911884978227,0.586264217699776,48.073665851381634,0.2526061366110305,20.7137032021045,0.09052327224080267,7.422908323745819,0.07137778704054566,5.852978537324744,0.13582550344702468,11.137691282656023,0.1670386420644573,13.697168649285498,0.4323573200992556,0.6507403846153845,1.1783749908856653,96.62674925262456,0.3475269159012629,28.497207103903555
fearsje01,NOP,PG,25.8,82,True,True,13.252640242732333,1086.7164999040513,3.3820296104595,277.326428057679,3.0751116968798,252.1591591441436,1.0491024020016795,86.02639696413772,0.32995265504006566,27.056117713285385,1.169708639896313,95.91610847149767,1.9843384335194059,162.71575154859127,0.40842656622946943,0.7088640564126539,11.257035325544873,923.0768966946796,2.7689366595936575,227.0528060866799
filipky01,UTA,C,23.4,82,True,True,11.072670417352592,907.9589742229125,6.978570563119743,572.242786175819,2.3805828313705826,195.20779217238777,0.8356102825203824,68.52004316667136,0.4867238825370786,39.911358368040446,1.0042371544952091,82.34744666860715,1.5929292249796299,130.62019644832964,0.49424731274887745,0.6964421011367892,8.422331138918803,690.6311533913419,2.6655965724233104,218.57891893871144
finnedo01,CHO,PF,16.8,82,True,True,4.373009924414279,358.5868138019709,2.3416156258784935,192.01248132203648,0.8772234943852434,71.93232653958995,0.3983404699831066,32.663918538614745,0.2028890772985462,16.636904338480786,0.9426338706092654,77.29597738995976,0.5371011365579306,44.042293197750304,0.39053648692045634,0.721598684953178,4.142734020732127,339.7041897000344,0.7309634674342832,59.93900432961122
flaggco01,DAL,SF,33.5,82,True,True,18.84934155360996,1545.6460073960168,5.951566438866853,488.0284479870819,3.837581373364114,314.68167261585734,1.0544901923581809,86.46819577337084,0.7666905177113703,62.86862245233237,0.9376091192112409,76.88394777532176,2.0144751645449754,165.186963492688,0.4214567661346287,0.6967577159860454,14.788400147900767,1212.6488121278628,3.918264586314258,321.29769607776916
flaglad01,SAC,SG,5.5,82,True,True,2.0788283917619466,170.46392812447962,0.6958044292032437,57.055963194665985,0.44353062975208285,36.36951163967079,0.19193645975524906,15.738789699930424,0.0670866748062989,5.50110733411651,0.38346758423349325,31.44434190714645,0.23016472796576257,18.87350769319253,0.414169009196599,0.7757773257503424,2.2609408401717372,185.39714889408245,0.4679609148675824,38.372795019141755
flemira01,PHO,PF,12.2,82,True,True,4.495085295994418,368.59699427154226,2.256113205765669,185.00128287278486,0.39448372297243506,32.34766528373967,0.37250826101121376,30.545677402919527,0.3367438306258512,27.6129941113198,0.7659657302641638,62.80918988166143,0.5881625189890319,48.22932655710062,0.4344684657162254,0.6567828843073638,4.386430217036876,359.68727779702385,1.1750301127249405,96.35246924344513
fontesi01,MIA,SF,16.8,82,True,True,7.4430884153838655,610.333250061477,2.8447592400142527,233.27025768116872,1.2024143188304603,98.59797414409775,0.470235040828969,38.559273347975456,0.17973834547062206,14.73854432859101,1.4368775230054822,117.82395688644954,0.7366998859746156,60.40939064991848,0.4185202858164125,0.8173479355661176,6.146218191181936,503.9898916769188,1.3654095732491172,111.9635850064276
foxde01,SAS,PG,31.0,82,True,True,20.15012666011959,1652.3103861298064,3.942190176527077,323.2595944752203,5.699298863170311,467.3425067799655,1.3543223148289212,111.05442981597153,0.30859595664666806,25.30486844502678,1.9349533110387893,158.66617150518073,2.327977838452549,190.89418275310902,0.4734939842843076,0.781843699592026,15.729701176121644,1289.8354964419748,4.061089467810065,333.0093363604254
freemen01,MIN,PF,9.2,82,True,True,3.416178559014099,280.1266418391561,1.8951761589452212,155.40444503350813,0.6218726722158868,50.99355912170272,0.27909943630429457,22.886153776952156,0.26826167047266375,21.99745697875843,0.26821139997149074,21.99333479766224,0.5019708752270245,41.16161176861601,0.4765649193635441,0.7556139625536663,3.50149328142294,287.1224490766811,1.1956778153560705,98.04558085919778
furphjo01,IND,SG,18.4,82,True,True,5.240823325220146,429.74751266805197,3.647123512226383,299.06412800256345,1.0853115298273952,88.9955454458464,0.6085198414639214,49.89862700004155,0.24655167220811017,20.217237121065033,0.7000660618687359,57.40541707323634,0.7828895825462054,64.19694576878885,0.42720295351881143,0.6502123594023005,5.37430441287881,440.6929618560624,1.348003198799194,110.53626230153391
gaffoda01,DAL,C,21.7,82,True,True,10.513308358403137,862.0912853890572,6.865965681105121,563.0091858506199,1.2853474222639303,105.39848862564229,0.6772539505727745,55.53482394696751,1.5089298477065478,123.73224751193692,0.016681368851685675,1.3678722458382253,1.1276902109175542,92.47059729523944,0.6640218097000196,0.6931546724496052,6.577585001387546,539.3619701137787,2.8996910612492606,237.77466702243936
gardnmy01,MIA,SF,9.1,82,True,True,3.942642259305383,323.2966652630414,2.353357316435633,192.9752999477219,0.995663127421475,81.64437644856095,0.37892422519445285,31.071786465945134,0.1668061160861077,13.678101519060831,0.5742310484381485,47.08694597192818,0.48344604938032903,39.64257604918698,0.47281335235092464,0.7864821962643191,3.5978091455122034,295.02034993200067,0.977175939112964,80.12842700726304
garlada01,LAC,PG,29.9,82,True,True,18.272855333925225,1498.3741373818684,2.5537002623934497,209.40342151626288,6.315007368967025,517.8306042552961,1.0791244982671604,88.48820885790715,0.15567282884345462,12.76517196516328,2.5052845456302175,205.43333274167784,2.6216518051561986,214.97544802280828,0.46203395145475484,0.8555076644592468,14.227155704798644,1166.6267677934889,3.0229748870064403,247.8839407345281
garzalu01,BOS,C,16.2,82,True,True,8.447464448395397,692.6920847684225,4.140432412616054,339.51545783451644,0.9733784483003167,79.81703276062598,0.41114125733524554,33.71358310149014,0.4313157187559053,35.36788893798423,0.7883270285520124,64.64281634126502,0.7800314944349261,63.96258254366394,0.5567447533154171,0.7465996056922501,5.76014878405713,472.3322002926847,1.954359438607093,160.25747396578163
georgke01,UTA,PG,33.1,82,True,True,19.687267146321247,1614.3559059983422,3.696260529324058,303.09336340457276,5.712739624028379,468.44464917032707,0.8573365932441346,70.30160064601904,0.208900974091018,17.129879875463477,2.5052024046195704,205.42659717880477,2.9586907431860685,242.6126409412576,0.4134381454405873,0.8104235841848059,14.830472231139964,1216.0987229534771,5.059499360635358,414.8789475720993
georgky01,WAS,SF,29.0,82,True,True,12.260248514409762,1005.3403781816005,4.734464122031698,388.2260580065992,3.52213880895548,288.81538233434935,0.9873950538328455,80.96639441429333,0.7902432146804389,64.799943603796,1.9122968392872237,156.80834082155235,2.062046803037129,169.08783784904458,0.40851894380353543,0.7480071213311221,10.68431482056969,876.1138152867145,2.438055773529434,199.9205734294136
georgpa01,BOS,PF,30.7,82,True,True,14.700214452462362,1205.4175851019136,4.198720442618529,344.29507629471937,3.207903745696085,263.04810714707895,0.9582913966719405,78.57989452709913,0.2934697065137622,24.0645159341285,2.1769199982389096,178.50743985559058,1.605817303276468,131.6770188686704,0.3846419763279496,0.7633479648170681,11.461337551206842,939.8296791989611,2.822306337646188,231.42911968698743
gibsota01,NOP,C,9.7,82,True,True,2.063502577211911,169.2072113313767,1.917105785341046,157.20267439796578,0.47595645539281706,39.028429342211,0.13100097456721616,10.742079914511725,0.19702429413872155,16.155992119375167,0.0894181464486695,7.332288008790899,0.36102615625736617,29.604144813104025,0.35559296584803424,0.5878561107469041,2.169119571450045,177.86780485890367,0.8089802793770822,66.33638290892074
giddejo01,CHI,PG,32.1,82,True,True,16.23331265697569,1331.1316378720066,8.209039408140038,673.1412314674831,7.8967453589926135,647.5331194373944,1.080725390943559,88.61948205737184,0.5837485142069211,47.867378164967526,1.6832847602789265,138.02935034287196,3.185635710821233,261.2221282873411,0.4553789148791063,0.7731739740739083,13.1452291313547,1077.9087887710855,3.5578184375509165,291.74111187917515
gilbeke01,ATL,SG,18.5,82,True,True,7.304908111536511,599.0024651459939,2.047905848956991,167.92827961447327,2.383806622685186,195.47214306018526,0.6358708688864976,52.141411248692805,0.3309557642598108,27.138372669304488,0.777142748795639,63.7257054012424,1.0988137326906982,90.10272608063725,0.4448839870776686,0.8079151660664265,6.967485809637063,571.3338363902392,1.8025079836694295,147.80565466089323
gilgesh01,OKC,PG,33.2,82,True,True,30.65612520155398,2513.8022665274266,4.693114823588029,384.8354155342184,6.344280149361903,520.230972247676,1.5602818613869966,127.94311263373372,0.825690215627992,67.70659768149535,1.732819594705785,142.09120676587438,2.2552668806564418,184.93188421382823,0.5310484619010557,0.87600408447967,19.42658509826572,1592.979978057789,8.083596296332793,662.8548962992891
gilleco01,PHO,PG,28.5,82,True,True,12.659570146551223,1038.0847520172003,4.111262577944177,337.1235313914225,4.6336657700585855,379.960593144804,1.220531636390584,100.08359418402789,0.19517835116600424,16.004624795612347,2.776673458665755,227.6872236105919,1.6204220753594178,132.87461017947226,0.4300601355879117,0.8544929897018432,10.87935766772862,892.1073287537469,1.8403002144091603,150.90461758155115
goberru01,MIN,C,31.3,82,True,True,10.5486062009087,864.9857084745134,10.216548575264827,837.7569831717159,1.5528883865041003,127.33684769333622,0.5775479051776659,47.3589282245686,1.2182103622420404,99.89324970384732,0.012441003554372457,1.0201622914585415,1.2436968713433105,101.98314345015146,0.5946501610705226,0.583924756068083,6.661427860861324,546.2370845906286,3.918500375301153,321.31703077469456
goldivl01,MIA,C,2.7,82,True,True,1.3932339479472144,114.24518373167159,0.8843453894074675,72.51632193141234,0.3043839119318182,24.95948077840909,0.07898223618580846,6.476543367236294,0.12113883930102914,9.93338482268439,0.07379055626832845,6.050825614002933,0.19310223091603057,15.834382935114506,0.5476610767872903,0.7370766488413548,1.0783005415379525,88.4206444061121,0.37473325066844926,30.72812655481284
gonzahu01,BOS,SF,14.7,82,True,True,3.9330956980149896,322.51384723722913,2.953760520915739,242.2083627150906,0.5638377405554702,46.23469472554856,0.4964701120344861,40.71054918682786,0.24940558867924523,20.45125827169811,0.5606301127207461,45.97166924310118,0.5790168623201394,47.47938271025143,0.43680967552381555,0.5834415963487767,4.128491649311453,338.53631524353915,0.9150122198389323,75.03100202679245
goodwjo01,PHO,PG,22.5,82,True,True,8.394127076561027,688.3184202780042,4.809633462575778,394.38994393121385,2.3569301848975863,193.26827516160208,1.3058803149439453,107.08218582540351,0.2530525588626489,20.750309826737208,1.396463676684539,114.51002148813221,1.1224405924561416,92.04012858140361,0.41976092482902827,0.7507869650808038,8.155275197386294,668.7325661856761,1.3861338155505578,113.66297287514574
gordoaa01,DEN,PF,27.9,82,True,True,13.847174149070453,1135.4682802237771,5.268202330233307,431.99259107913116,2.9390406567540133,241.0013338538291,0.5419173235996259,44.43722053516932,0.36649921549827413,30.052935670858478,1.1881578431314865,97.4289431367819,1.223833161361591,100.35431923165045,0.5012612180245181,0.7352749497769447,9.703352842045186,795.6749330477053,3.6760050819749943,301.43241672194955
greenaj01,MIL,SG,29.1,82,True,True,10.258624947693141,841.2072457108376,2.8553714300296456,234.14045726243094,1.9037437018620524,156.1069835526883,0.5636822100435217,46.22194122356878,0.1387334786970812,11.376145253160658,2.87318754796829,235.6013789333998,0.9145082936916036,74.98968008271149,0.43014411353473964,0.8421093194298128,8.356808353664597,685.2582850004969,1.1386271302354911,93.36742467931028
greendr01,GSW,PF,27.5,82,True,True,7.3244754331722675,600.6069855201259,5.009506068438015,410.77949761191724,5.071476923237052,415.86110770543826,0.6866911470154234,56.308674055264724,0.499799791034199,40.98358286480432,1.0909994722612082,89.46195672541907,2.1145787891657766,173.39546071159367,0.37357516407946517,0.6545472302743901,6.5404472722406375,536.3166763237323,1.7549465623956917,143.90561811644673
greenja02,DET,SG,17.6,82,True,True,5.914555004460399,484.99351036575274,2.7166771035875943,222.76752249418274,0.7324305639717477,60.05930624568331,0.8292471720202743,67.99826810566249,0.2670614424367703,21.899038279815166,0.8971268631027663,73.56440277442684,0.5269844612906438,43.21272582583279,0.4156877671983636,0.7825077237377497,4.8107820193807465,394.4841255892212,1.4200713869359944,116.44585372875154
greenja05,PHO,SG,25.9,82,True,True,16.27110315660836,1334.2304588418854,3.6969774261222206,303.1521489420221,2.713343537899938,222.4941701077949,0.7510385598029276,61.58516190384006,0.2602603929336951,21.341352220562996,2.099092124415259,172.12555420205126,1.929562041392009,158.22408739414473,0.4224937316187952,0.7863908723035646,13.392916618303039,1098.2191627008492,3.0063983452606897,246.52466431137657
greenjo02,UTA,SG,15.7,82,True,True,4.688086887012438,384.4231247350199,1.7535387378922196,143.79017650716202,1.0304127788830595,84.49384786841088,0.5993977043822198,49.15061175934203,0.12059414661624991,9.888720022532492,0.9084824068414762,74.49555736100105,0.6451605358704449,52.90316394137648,0.4513882817759519,0.7700526730884205,4.059311472572488,332.863540750944,0.804006304942036,65.92851700524695
grimequ01,LAL,SG,29.4,82,True,True,13.831213285708262,1134.1594894280774,3.892076964339888,319.1503110758708,3.0925860276143116,253.59205426437356,0.9415598994129132,77.20791175185889,0.3230985353405893,26.494079897928323,1.9738574482113371,161.85631075332964,1.72380712419163,141.35218418371366,0.4483796817022284,0.8086630566943805,10.68401507000222,876.0892357401821,2.9233482184600232,239.71455391372191
gueyemo02,ATL,PF,15.3,82,True,True,4.818201707064659,395.092539979302,3.5680547518927495,292.58048965520544,0.886519484447009,72.69459772465474,0.7065727699066396,57.93896713234445,0.5616244727057228,46.05320676186927,0.5382388255634789,44.13558369620527,0.5234575768527387,42.92352130192458,0.4469297356426018,0.6865891878053849,4.721402644553775,387.15501685340956,1.3281099620228383,108.90501688587274
halibty01,IND,PG,33.6,82,True,True,19.6010967489248,1607.2899334118335,3.8060944650939916,312.0997461377073,10.012661641327734,821.0382545888741,1.4000584623271641,114.80479391082746,0.6815422224694107,55.886462242491675,2.974697847126433,243.9252234643675,2.0417419287551763,167.42283815792447,0.47302415028353106,0.8471394586513235,14.746150823251574,1209.184367506629,3.4540340991528886,283.2307961305369
hallpj01,CHO,C,11.3,82,True,True,4.970556118719908,407.58560173503247,3.653679197080787,299.60169416062456,0.6956414997347002,57.04260297824542,0.25271048787079115,20.722260005404873,0.46745376104109393,38.3312084053697,0.23047906323831568,18.899283185541886,0.7345301735501095,60.23147423110898,0.5305592481598317,0.7297540940352455,3.9822997087533967,326.5485761177785,1.445509072617731,118.53174395465395
hardati02,MIA,SG,26.6,82,True,True,11.98872073454482,983.0751002326753,2.455284063514696,201.33329320820508,1.4846198837470321,121.73883046725663,0.42543563098366727,34.88572174066071,0.08671125256528195,7.1103227103531195,2.388143851556124,195.8277958276022,0.6445706531834743,52.85479356104489,0.38625305670594845,0.7919013533216793,9.310885256458437,763.4925910295918,2.235439894839287,183.30607137682154
hardeja01,CLE,PG,34.8,82,True,True,18.201625329539016,1492.5332770221994,4.309910376392607,353.4126508641938,7.612615896619393,624.2345035227902,0.7624256696229228,62.518904909079666,0.35359341234107444,28.994659811968106,2.4169186314815496,198.18732778148706,2.9182576353753547,239.29712610077908,0.34829490563332355,0.7851266480696429,12.678854843247548,1039.6660971462989,6.040899721106362,495.35377713072165
hardyja02,LAL,SG,15.8,82,True,True,8.564325917223558,702.2747252123318,1.6150010292344317,132.4300843972234,1.2637149207346121,103.62462350023819,0.36909633843263473,30.26589975147605,0.09957233487243079,8.164931459539325,1.5041367428762276,123.33921291585067,1.0898173214813731,89.3650203614726,0.4268069003250955,0.747393122132269,6.9807457703204046,572.4211531662731,1.3599858907697655,111.51884304312077
harpedy01,SAS,SG,22.6,82,True,True,10.896856471875166,893.5422306937636,3.073022359892109,251.98783351115293,3.332399504419649,273.25675936241123,0.7178326959593996,58.86228106867077,0.2851417678901373,23.381624966991257,0.8674490770269715,71.13082431621166,1.2858709350311872,105.44141667255735,0.45136663756257384,0.6945679051315957,8.609950213616893,706.0159175165852,1.7310247428636596,141.94402891482008
harpero02,BOS,SF,11.0,82,True,True,4.578039613154372,375.3992482786585,1.7571263702110018,144.08436235730215,0.8739541814119951,71.6642428757836,0.34700987953033186,28.454810121487213,0.22894079748035534,18.77314539338914,0.8799298953589136,72.15425141943092,0.4901395266714338,40.19144118705757,0.4511958073235967,0.7949744837104918,4.291027240317751,351.8642337060556,1.0026421738164966,82.21665825295271
harriga01,DET,SG,13.8,82,True,True,3.172406571467128,260.1373388603045,1.169025215513003,95.86006767206625,0.9083312739861134,74.4831644668613,0.45356855033015125,37.1926211270724,0.15692196268211384,12.867600939933334,0.678430909108738,55.63133454691652,0.4009395507252646,32.8770431594717,0.41158181077778394,0.7648535207578304,3.1314208359886715,256.77650855107106,0.613956202909896,50.344408638611476
harrito02,SAS,PF,27.7,82,True,True,11.881828870518833,974.3099673825443,4.717000184970239,386.79401516755956,2.2259333688894722,182.52653624893674,0.6665771640624466,54.659327453120625,0.414846315535469,34.01739787390846,1.0778763038311352,88.38585691415308,0.9667068118467402,79.2699585714327,0.42911549485338557,0.8106771862735478,9.540240786864475,782.299744522887,2.4284738149612433,199.13485282682194
harteis01,OKC,C,24.2,82,True,True,9.042827327014965,741.5118408152272,8.979273501617437,736.3004271326298,3.17478328080698,260.33222902617234,0.9176474217213177,75.24708858114805,0.9243459997702609,75.79637198116139,0.01665746171218858,1.3659118603994636,1.5253429392239903,125.0781210163672,0.60342772318142,0.6728790525147373,6.706954407953505,549.9702614521874,2.2958307160978,188.2581187200196
hartjo01,NYK,SF,30.2,82,True,True,10.54039064879388,864.3120332010981,7.2076942593011815,591.0309292626969,4.461095541108499,365.8098343708969,0.9936740935688511,81.4812756726458,0.24916939823432258,20.431890655214453,1.1104645666937758,91.05809446888962,1.6441209780931219,134.817920203636,0.47623807025123666,0.7491746185733149,8.41595629759524,690.1084164028097,2.0255496412673786,166.09507058392504
hausesa01,BOS,PF,24.8,82,True,True,9.544074407908573,782.614101448503,3.8386990469352966,314.7733218486943,1.3105862021557524,107.4680685767717,0.5569913484582664,45.673290573577844,0.30345925251264705,24.883658706037057,2.5885206775003438,212.2586955550282,0.5053235260315074,41.43652913458361,0.43944534967232246,0.8730926376852417,7.983442687171193,654.6423003480378,0.7772368315450312,63.733420186692555
hayesja02,UTA,C,18.3,82,True,True,7.372036346944708,604.506980449466,4.526174615492146,371.146318470356,0.9550429717534379,78.31352368378191,0.5321037808698282,43.632510031325914,0.8020010582405689,65.76408677572665,0.03935477884206699,3.2270918650494935,0.7214474201510492,59.15868845238604,0.7002661002665976,0.6643768321561208,4.674753516886415,383.3297883846861,2.207523015704817,181.01688728779502
hendesc01,POR,PG,24.9,82,True,True,12.54231657380324,1028.4699590518655,2.738898899742261,224.5897097788654,4.323872223714043,354.5575223445515,0.8498553872518034,69.68814175464789,0.2336767438982708,19.161492999658208,1.5065168583961774,123.53438238848655,2.5277930164461497,207.27902734858426,0.40531046306709007,0.7679776446153859,10.593940457106461,868.7031174827298,2.9581319638669554,242.56682103709034
hendrta01,MEM,PF,18.9,82,True,True,7.047463374837844,577.8919967367032,3.7327228287056426,306.0832719538627,0.8664405336009177,71.04812375527524,0.7370622081788946,60.43910107066935,0.538848070306778,44.18554176515579,1.058152001010637,86.76846408287223,0.826316752432517,67.75797369946639,0.44566903725038437,0.6931239989837753,6.271947060232479,514.2996589390633,1.5364943714782047,125.99253846121279
hepbuch01,TOR,PG,6.5,82,True,True,3.358657397052526,275.4099065583071,0.853253223968272,69.9667643653983,1.2216246227192171,100.1732190629758,0.2547848466919239,20.89235742873776,0.0680955494805905,5.583835057408422,0.3915388327861833,32.10618428846703,0.5119805972371565,41.98240897344683,0.4477911359758759,0.7986849462365592,2.8876438409055964,236.7867949542589,0.7886488996888547,64.66920977448608
herroty01,MIL,SG,31.3,82,True,True,20.386364729005777,1671.6819077784737,4.6418887224447,380.6348752404654,4.473440158597606,366.8220930050037,0.7699995522747247,63.139963286527426,0.2193802032665028,17.98917666785323,2.76515457857676,226.74267544329433,2.0704031580090176,169.77305895673945,0.46757846894563343,0.8751387498710843,15.231210187027521,1248.9592353362568,3.300199652919364,270.61637153938784
hieldbu01,ATL,SG,16.1,82,True,True,7.320541731482602,600.2844219815734,2.0831017019411395,170.81433955917345,1.4060478319830494,115.29592222261005,0.5077831134882101,41.63821530603323,0.17857396023956532,14.643064739644355,1.541314417055593,126.38778219855863,0.7856582786572672,64.42397884989592,0.4003170040877987,0.8115517900625606,6.176804654891889,506.4979817011349,0.770462029726729,63.17788643759177
highsha01,PHO,SF,13.0,82,True,True,3.749057097398174,307.4226819866503,1.8794983601690054,154.11886553385844,0.7982885643041441,65.45966227293981,0.47794890092906417,39.191809876183264,0.24418931325966853,20.02352368729282,0.6860841867633053,56.25890331459103,0.4000235978523391,32.80193502389181,0.4588619972860766,0.7255429450195189,3.394535404592357,278.3519031765733,0.6618911820825261,54.275076930767135
hinsobl01,UTA,SF,20.4,82,True,True,11.919359368850843,977.3874682457691,2.870210866135582,235.35729102311774,1.4469796704053517,118.65233297323884,0.5780355027986873,47.39891122949236,0.2574998996350365,21.114991770072994,2.308309700413223,189.28139543388428,0.9382162352827638,76.93373129318663,0.4806469766792347,0.7948362411998775,8.777192475038401,719.7297829531489,2.219567989745944,182.00457515916742
holidjr01,POR,PG,29.4,82,True,True,11.535474848916875,945.9089376111838,3.908578496781542,320.5034367360864,4.598469267155863,377.07447990678077,0.650494131477777,53.340518781177714,0.24208388825485647,19.85087883689823,1.825030435497258,149.65249571077516,1.73367214270506,142.16111570181494,0.3882926708133193,0.7830403372750016,9.669754023238335,792.9198299055435,1.7362027319707278,142.3686240215997
hollaro01,DET,SF,19.9,82,True,True,7.860935262271151,644.5966915062344,3.5994537588427127,295.15520822510246,1.1745222413760246,96.31082379283401,0.9329988628494594,76.50590675365568,0.2851230561195119,23.380090601799974,0.6178149325879069,50.66082447220836,1.1318677619255064,92.81315647789152,0.4269124322344683,0.7272717176950353,6.815338366559549,558.857746057883,1.8586511904051877,152.4093976132254
holmeda01,DEN,PF,8.4,82,True,True,3.9866524827543426,326.9055035858561,1.576293476876173,129.25606510384617,0.6922042689205956,56.76075005148884,0.193011925749368,15.826977911448177,0.22478164724674235,18.432095074232873,0.6678228199131513,54.76147123287841,0.49253683602383536,40.3880205539545,0.484100198019802,0.7558083469721768,3.255713181911652,266.9684809167555,1.0061712218357883,82.50604019053465
holmgch01,OKC,PF,28.9,82,True,True,16.432042535611124,1347.4274879201123,8.33243096583555,683.2593391985151,1.911473780585514,156.74085000801216,0.6557200791494564,53.76904649025543,1.9555719022044464,160.35689598076462,1.35288303622496,110.93640897044672,1.595327436039911,130.8168497552727,0.5268174498283659,0.7696215053234527,11.293615616221988,926.0764805302031,3.8436233626596126,315.1771157380882
horfoal01,GSW,C,21.5,82,True,True,5.362193365198269,439.6998559462581,3.545606826489751,290.7397597721596,1.715199991471687,140.64639930067833,0.3083408944222275,25.283953342622656,0.4803825981314452,39.391373046778504,1.0523473344161267,86.29248142212239,0.5631404436578307,46.17751637994211,0.3232177061866565,0.6720672708608176,4.636849664963826,380.2216725270337,0.8114705974851198,66.54058899377982
howarje01,DAL,SF,12.6,82,True,True,5.390320339858948,442.0062678684337,1.5536978342269596,127.4032224066107,0.8455384606192811,69.33415377078104,0.26143433168678876,21.437615198316678,0.21128798145884642,17.325614479625408,0.9839892912573643,80.68712188310387,0.5107563675301465,41.88202213747201,0.4158238704734695,0.7997900665568118,4.942452530989999,405.2811075411799,0.9891575236269855,81.11091693741281
huertke01,DET,SF,22.4,82,True,True,9.545320127112667,782.7162504232388,3.162405893792279,259.3172832909669,2.339576886922839,191.84530472767278,0.8270251676971773,67.81606375116854,0.3902298394626717,31.99884683593908,1.5982462854859385,131.05619540984696,0.9616730157131399,78.85718728847748,0.4451918289179701,0.7642464402194278,8.402885961977272,689.0366488821363,1.1986916248009925,98.29271323368138
huffja01,IND,C,21.0,82,True,True,10.004356184798255,820.3572071534569,4.042981461071102,331.5244798078304,1.3967958088874688,114.53725632877244,0.48832468529145745,40.04262419389951,1.6001138015371894,131.20933172604953,1.5565554573062057,127.63754749910886,0.9924220587528707,81.3786088177354,0.4925042588044982,0.787396241581416,7.718950928698062,632.9539761532411,1.776523567953208,145.67493257216307
hukpoar01,PHI,C,9.2,82,True,True,2.5120984988310155,205.9920769041433,2.820349429806629,231.2686532441436,0.5803640908132365,47.58985544668539,0.19364421468325682,15.878825604027059,0.4589463373095407,37.63359965938234,0.04953419786242903,4.061804224719181,0.6406215380032307,52.53096611626492,0.5572173471587846,0.7154414232096301,2.574854622720077,211.13807906304632,0.9936734599049211,81.48122371220353
huntede01,SAC,SF,26.1,82,True,True,14.460812164990134,1185.786597529191,3.848318900728716,315.5621498597547,1.639834247861973,134.4664083246818,0.6940683164946301,56.91360195255967,0.20427759072558221,16.75076243949774,1.9252997318066911,157.87457800814866,1.4263902756604085,116.9640026041535,0.4486442910791799,0.8445683576854444,10.93394104729106,896.583165877867,3.2679473037130884,267.97167890447326
huntlcj01,PHO,SF,10.0,82,True,True,4.731870339285714,388.0133678214286,1.5949528229166667,130.78613147916667,0.9099483142436265,74.61576176797738,0.3193989171966579,26.19071121012595,0.14532404040404043,11.916571313131316,0.43614308035714294,35.76373258928572,0.5439934606481481,44.60746377314815,0.4680071428571429,0.7920601010101009,4.069742940476191,333.71892111904765,1.0979281932225482,90.03011184424895
hylanbo01,MIN,PG,16.6,82,True,True,8.739439935251305,716.634074690607,1.8486034008256835,151.58547886770606,2.690745634154642,220.64114200068065,0.7068286604489777,57.95995015681618,0.22466826459257436,18.422797696591097,1.638749915598429,134.37749307907117,1.1622348285377064,95.30325594009193,0.4459675234991395,0.8039116276536673,7.179426961939109,588.7130108790069,1.5355964204589514,125.91890647763401
ighodos01,PHO,PF,22.1,82,True,True,6.351005629346008,520.7824616063726,4.928310998582211,404.1215018837413,2.0556863524228994,168.56628089867775,0.7845792299487855,64.33549685580041,0.669494089361659,54.898515327656035,0.03745459245894006,3.071276581633085,1.1522264950304004,94.48257259249283,0.6000738763324115,0.5590903081274674,5.342865787131433,438.11499454477746,1.7630239878176213,144.56796700104493
ingrabr01,TOR,SF,33.8,82,True,True,21.28450559268644,1745.329458600288,5.476188930611627,449.0474923101534,4.277441139427183,350.75017343302903,0.7926710359065963,64.99902494434089,0.6409742302507827,52.55988688056418,1.706792526797468,139.95698719739238,2.526802220107886,207.19778204884668,0.471898182582815,0.8116736520590202,16.298991330728747,1336.5172891197572,4.434543233047888,363.6325451099268
ingraha01,UTA,SF,3.7,82,True,True,1.7033932584878033,139.67824719599986,0.6472027973891005,53.07062938590624,0.33735840726445043,27.663389395684934,0.12687590874224827,10.403824516864358,0.05330389973487588,4.370919778259822,0.1754209337846551,14.384516570341718,0.21555694041159207,17.67566911375055,0.47467278681993785,0.7786353535353534,1.5293782067715844,125.40901295526993,0.413461566497649,33.90384845280722
irvinky01,DAL,SG,36.1,82,True,True,23.226140665016512,1904.543534531354,4.537662885705781,372.088356627874,4.77465021159603,391.5213173508744,1.0000209440192038,82.00171740957471,0.36369462398784136,29.822959167002992,2.7363696180672625,224.38230868151552,1.897821879796126,155.62139414328232,0.4309335295369883,0.8485543892574562,17.026745503952935,1396.1931313241407,3.826409457505112,313.7655755154192
isaacjo01,ORL,PF,10.0,82,True,True,3.500882759914989,287.0723863130291,2.744451213665013,225.04499952053106,0.40086384891627314,32.870835611134396,0.4443110232448613,36.43350390607863,0.6349474080396482,52.06568745925115,0.31855894216035746,26.121833257149312,0.36841891307777264,30.210350872377354,0.4445695931133169,0.692745624526204,3.091001131209136,253.46209275914913,1.116536287744124,91.55597559501817
jacksan01,TOR,SG,8.5,82,True,True,2.166166995241199,177.6256936097783,1.5060114721357574,123.49294071513211,0.7751029578866752,63.55844254670736,0.30714796764113034,25.18613334657269,0.10107518646051288,8.288165289762055,0.2891065800265092,23.706739562173752,0.5112240976292795,41.920376005600914,0.43472622251808735,0.6645290504391821,2.3023076819392876,188.78922991902158,0.5279299937410344,43.290259486764825
jacksgg01,MEM,PF,21.4,82,True,True,11.439928295225128,938.0741202084605,3.9082678979958914,320.4779676356631,1.2656949884194373,103.78698905039386,0.5178243402071452,42.461595896985905,0.5895973543134764,48.34698305370506,1.2927533903181196,106.0057780060858,1.3356769302867915,109.5255082835169,0.44132834500976253,0.6866218905305261,8.941825877402929,733.2297219470402,2.482742465114332,203.58488213937522
jacksis01,LAC,C,16.5,82,True,True,6.84994311144832,561.6953351387622,4.9914692785460115,409.30048084077293,0.9772955409743483,80.13823435989656,0.5977343392400191,49.01421581768156,0.8987906892747816,73.70083652053209,0.02772335446859903,2.2733150664251203,0.9796658983449796,80.33260366428833,0.6050307307853461,0.6768208693181015,4.878332275484653,400.0232465897416,1.9966445997568472,163.72485718006146
jacksja02,UTA,C,30.3,82,True,True,21.111049848296187,1731.1060875602873,5.784556177422033,474.33360654860667,2.0842632132698355,170.90958348812651,1.1414327251807017,93.59748346481754,1.479561199014043,121.32401831915152,1.8247812255938525,149.6320604986959,2.208609031958411,181.1059406205897,0.48123287882827376,0.785090250334814,15.635682011213257,1282.125924919487,4.984096768353152,408.69593500495847
jacksqu01,IND,PG,18.3,82,True,True,9.015754021045213,739.2918297257074,2.334874461126746,191.45970581239317,2.865647095331647,234.98306181719505,0.7092356595339379,58.1573240817829,0.155088665645527,12.717270582933214,0.8553830329899819,70.1414087051785,1.2613028454808708,103.4268333294314,0.46733303786523944,0.8202944177561402,7.285631511988536,597.42178398306,2.354508083699337,193.06966286334563
jackstr02,TOR,C,9.4,82,True,True,3.9682337703489745,325.3951691686159,2.86363023829683,234.81767954034007,0.823939084452336,67.56300492509155,0.26447534786180965,21.68697852466839,0.4560189940570659,37.39355751267941,0.017281175691539342,1.4170564067062261,0.45658537382748565,37.44000065385382,0.595623411877179,0.6090260141323873,2.9044468181956304,238.16463909204168,1.183588432255371,97.05425144494042
jakucka01,MIL,PG,17.8,82,True,True,5.793481298266752,475.06546645787364,2.266721773138783,185.87118539738023,2.2345505403609525,183.2331443095981,0.5608254038709677,45.98768311741935,0.12203180757564856,10.006608221203182,1.075155241106138,88.16272977070332,0.9997579611137465,81.98015281132722,0.4110758686878023,0.7503704451462516,5.502202036653137,451.18056700555724,1.5570104194701355,127.67485439655111
jamesbr02,LAL,SG,8.9,82,True,True,3.0851182581153247,252.97969716545663,0.731302133433213,59.96677494152347,1.086617449897373,89.1026308915846,0.3632248936860799,29.784441282258552,0.09771833614585784,8.012903563960343,0.51224539930609,42.00412274309938,0.5227308650296009,42.86393093242727,0.41584347839322383,0.788999622513249,3.130075807203741,256.66621619070673,0.6494193219835024,53.252384402647195
jamesle01,PHI,SF,33.1,82,True,True,15.723600743032312,1289.3352609286496,4.6807710606014155,383.82322696931607,6.025198159964539,494.0662491170922,0.6203588165552565,50.86942295753103,0.30961729930718795,25.388618543189413,1.1867766401537125,97.31568449260443,2.212625926701016,181.43532598948332,0.36029238280311715,0.6097699234518754,11.32037203596628,928.2705069492349,3.9289983041336787,322.17786093896166
jamessi01,CHO,SG,22.5,82,True,True,5.591467228803057,458.5003127618507,3.354896608245336,275.10152187611754,1.948937075559702,159.81284019589557,0.6401428546986017,52.49171408528534,0.2245081852446172,18.40967119005861,1.0084037990032093,82.68911151826316,0.8345677791410897,68.43455788956936,0.3892038231955665,0.804772227484487,5.671788902358616,465.0866899934065,1.5162253670006862,124.33048009405627
jaqueja01,MIL,SF,28.3,82,True,True,13.448469828685944,1102.7745259522474,4.822677962029431,395.45959288641336,3.8196152735451596,313.20845243070306,0.8662873543262081,71.03556305474906,0.2991601825086083,24.53113496570588,0.7907511086527136,64.84159090952251,1.8329397610981053,150.30106041004464,0.4900270826313117,0.7804790931671391,10.809431886583736,886.3734146998663,2.793069951372679,229.03173601255966
jemistr01,TOR,C,6.3,82,True,True,1.7589789394470068,144.23627303465454,1.6172680445655927,132.6159796543786,0.3257811994883056,26.714058358041058,0.14535529150498114,11.919133903408452,0.2537845169920859,20.81033039335104,0.017714006400095114,1.4525485248077994,0.43161620087777336,35.392528471977414,0.5518251156576751,0.7039592688205598,1.7675875638751704,144.94218023776398,0.6153348156770088,50.45745488551472
jenkida01,DET,PG,20.2,82,True,True,9.464689308182185,776.1045232709392,2.352951518708483,192.9420245340956,3.8462289972880956,315.39077777762384,0.8515508723642892,69.8271715338717,0.21102500215378273,17.304050176610183,1.0274495602637752,84.25086394162956,1.5951301883906686,130.8006754480348,0.4271326319901775,0.8250983761770224,8.368571601558541,686.2228713278004,2.400169724860072,196.8139174385259
jeromty01,MEM,SG,22.6,82,True,True,15.504199570461918,1271.3443647778772,2.8160789535457607,230.91847419075236,4.295436644634619,352.22580486003875,1.0797946924393471,88.54316478002646,0.13827807990680702,11.338802552358175,2.044241961588853,167.62784085028593,1.5013432160832703,123.11014371882816,0.4831463559152378,0.8485167205259021,10.532327516495384,863.6508563526214,2.567442631316472,210.53029576795072
joeis01,DET,SG,21.2,82,True,True,10.367258861351795,850.1152266308471,2.5775545719865924,211.3594749029006,1.4419309662147282,118.2383392296077,0.6703278466941697,54.96688342892191,0.19074785189776897,15.641323855617054,2.4342263786379257,199.6065630483099,0.6402158875649369,52.49770278032482,0.4518102728374355,0.8571483399256417,7.6706655533196475,628.9945753722111,1.4035639933398583,115.09224745386838
johnsca02,DEN,SF,30.5,82,True,True,14.440276803550328,1184.1026978911268,4.086848733472265,335.12159614472574,2.761888346383355,226.4748444034351,0.8034622932083944,65.88390804308834,0.3654138735522314,29.963937631282977,2.3308632418411346,191.13078583097302,1.2098054645094485,99.20404808977477,0.45976250371382243,0.8288151522967462,10.75365638184064,881.7998233109325,2.7939712825511016,229.10564516919032
johnsch06,BRK,SF,20.5,82,True,True,8.788955372321428,720.6943405303572,4.159407163229927,341.071387384854,2.1041377460674453,172.5392951775305,0.7450154459318024,61.091266566407796,0.4219936608140226,34.603480186749856,0.6928138633928571,56.810736798214286,1.1796254648290094,96.72928811597878,0.48660135888501743,0.7908476235220421,7.5614699875,620.040538975,2.2564608099323333,185.02978641445134
johnsja05,ATL,SF,35.2,82,True,True,20.49952977845342,1680.9614418331805,9.770020578225745,801.1416874145111,6.435351163599876,527.6987954151898,1.2852290462435783,105.38878179197341,0.6193017769126918,50.78274570684073,1.4982595392880853,122.857282221623,2.953726460377255,242.20556975093493,0.48705957694217855,0.7622999704482489,15.692365066346003,1286.7739354403723,4.356505704074491,357.2334677341082
johnske04,SAS,SF,23.3,82,True,True,12.778003844897018,1047.7963152815555,4.93146268354077,404.3799400503432,1.620053174973098,132.84436034779404,0.6112461248748448,50.12218223973727,0.2196157569693108,18.008492071483484,1.239858611444116,101.66840613841751,0.9894972435460644,81.13877397077728,0.4914220486433287,0.7906103329463586,9.767580743006976,800.941620926572,2.482280264873317,203.54698171961198
johnske10,MIA,SF,8.8,82,True,True,4.434195260534213,363.60401136380545,1.9083633924539511,156.485798181224,0.42725144689573574,35.03461864545033,0.3801399360921286,31.171474759554545,0.20895486640180733,17.1342990449482,0.43248939108659823,35.46413006910105,0.49319577287683214,40.44205337590024,0.4870703204291721,0.774325026972106,3.6613808486563437,300.2332295898202,1.0379494657986714,85.11185619549106
johnstr03,WAS,SG,24.1,82,True,True,11.351566135750888,930.8284231315728,2.660927506399749,218.1960555247794,1.8343911424241197,150.4200736787778,0.5707084223623262,46.79809063371075,0.27151941792367507,22.264592269741357,1.776917053564326,145.70719839227473,1.3875423939230804,113.77847630169259,0.39951677576425126,0.7526409316507533,9.609863938541439,788.008842960398,1.6858901982394994,138.24299625563896
jokicni01,DEN,C,34.9,82,True,True,26.407656559379276,2165.4278378691006,12.009284425625152,984.7613229012625,9.74818837646352,799.3514468700087,1.339451173909812,109.83499626060458,0.6880413705716364,56.419392386874186,1.5498599821768835,127.08851853850445,3.1795251659858224,260.7210636108374,0.5497810843172276,0.7918008299250651,16.80317342130304,1377.8602205468492,6.180448123449776,506.79674612288164
jonesda06,SAS,SF,6.2,82,True,True,3.2302309704761907,264.87893957904765,1.0898327935820897,89.36628907373135,1.0596685686948852,86.8928226329806,0.24668366852373505,20.228060818946275,0.0999836741120608,8.198661277188986,0.3400931835714287,27.887641052857155,0.38297385809859147,31.4038563640845,0.4683760368663595,0.7759506739317464,2.6059708635714283,213.68961081285713,0.7125416340869262,58.42841399512795
jonesde02,LAC,SF,27.0,82,True,True,10.305812700520605,845.0766414426896,3.5953060073453744,294.8150926023207,1.1524332324959716,94.49952506466967,0.9239623272634309,75.76491083560133,0.707972399741188,58.05373677877741,1.1250821005478762,92.25673224492584,0.9298455761357732,76.2473372431334,0.4937546914866068,0.7406523205156675,8.16636698636806,669.6420928821808,2.0573082001956866,168.6992724160463
joneshe01,NOP,SF,28.4,82,True,True,9.551556128254104,783.2276025168366,3.45628089778619,283.4150336184676,2.72162852700203,223.17353921416645,1.4616752381861442,119.85736953126383,0.5547881613288921,45.49262922896915,1.3707234385209752,112.39932195871997,1.343272433478604,110.14833954524552,0.4331566316691155,0.8233355621677084,8.676587277154294,711.4801567266521,1.877089231007397,153.92131694260655
joneska03,MIL,SG,16.6,82,True,True,4.760611046962292,390.3701058509079,1.6613247074632356,136.2286260119853,2.8698578016100247,235.32833973202202,0.5008123814536042,41.066615279195545,0.07171308923884516,5.880473317585303,0.6529018375768157,53.53795068129889,0.8949485665053765,73.38578245344087,0.42895657028913253,0.7032655264749071,5.495656104661018,450.6438005822035,1.114264440657122,91.36968413388401
jonessp01,DEN,SF,22.1,82,True,True,5.8455012654984735,479.33110377087485,3.302021044806371,270.7657256741224,0.9159421742391577,75.10725828761093,0.7975734123678955,65.40101981416743,0.45020359824933687,36.916695056445626,0.8998109378990635,73.78449690772321,0.7144271168887801,58.58302358487997,0.4861283334023642,0.7055080499173987,5.933227515251702,486.52465625063957,1.5788568787167296,129.46626405477184
jonestr01,CHI,PG,26.9,82,True,True,12.271670284764681,1006.2769633507039,3.3802486271016163,277.18038742233256,5.656998042290585,463.87383946782796,1.0933997924429004,89.65878298031784,0.18698619079143056,15.332867644897306,0.6951078720109773,56.998845504900146,1.4651601911277872,120.14313567247855,0.5269416464598603,0.8385423704557221,9.174487817883394,752.3080010664384,2.872686195201893,235.56026800655525
jonesty01,DEN,PG,14.6,82,True,True,4.747997890851024,389.335827049784,1.2501552607664088,102.51273138284552,2.8483071614103266,233.56118723564677,0.4771004272871467,39.12223503754603,0.06757257271280095,5.540950962449679,0.8538451313127005,70.01530076764143,0.5496684772621053,45.07281513549264,0.4209909557103517,0.8221218065801872,4.431046276953645,363.3457947101989,0.5725936545061704,46.95267966950597
jordade01,NOP,C,16.6,82,True,True,4.184234885579631,343.10726061752973,5.053545698392909,414.3907472682185,1.04089414780571,85.35332012006823,0.21516122280879635,17.6432202703213,0.38248361476710135,31.363656410902312,0.030513326289135948,2.502092755709148,0.7570737335669175,62.08004615248724,0.4697188258928711,0.5276928742954581,3.5320986255528815,289.6320872953363,1.6991152391011204,139.32744960629188
jovicni01,MIA,PF,17.2,82,True,True,7.465264760618599,612.1517103707251,3.2335822743103297,265.15374649344704,2.016026412732849,165.31416584409362,0.5482966958518819,44.96032905985432,0.31393608278077967,25.742758788023934,1.1153919288756837,91.46213816780606,1.0920897152124507,89.55135664742096,0.42234756711910215,0.7231395120721572,6.417780424652517,526.2579948215064,1.7988824178093399,147.50835826036587
kalkbry01,CHO,C,21.4,82,True,True,7.718390091770899,632.9079875252137,5.501699925361821,451.13939387966934,0.852353960043916,69.8930247236011,0.5030615953189806,41.251050816156415,1.30794899502239,107.25181759183597,0.042550974271690946,3.4891798902786575,1.0158629480741534,83.30076174208058,0.6720009346204475,0.7110339882588483,5.545154959169592,454.7027066519065,2.155115425653441,176.71946490358215
kennalu01,PHO,SG,21.6,82,True,True,8.082650004231919,662.7773003470173,2.3251030598249143,190.65845090564298,2.486625715667731,203.90330868475394,0.6251924029870668,51.265777044939476,0.08908686294459922,7.305122761457136,1.5536142430954798,127.39636793382934,0.877340698686034,71.94193729225479,0.4849972199301775,0.8761016570487078,6.06385274448195,497.23592504751986,1.1222179830136048,92.02187460711559
kentja01,POR,SF,4.4,82,True,True,2.385582129303279,195.6177346028689,0.7813769940315314,64.07291351058558,0.4009446512598664,32.87746140330904,0.1504463715339861,12.33660246578686,0.07939097598736176,6.510060030963665,0.26398331065573777,21.646631473770498,0.2561183788314176,21.00170706417624,0.46712941605839414,0.7955036452908792,1.8695043763990267,153.29935886472018,0.5106367934851792,41.872217065784696
kesslwa01,LAL,C,30.8,82,True,True,11.331634708170967,929.1940460700192,11.185514349374717,917.2121766487268,1.6819881415711788,137.92302760883666,0.7164103805411896,58.745651204377545,2.437802324552164,199.89979061327745,0.2145403725509526,17.592310549178112,1.6405807453644508,134.52762111988497,0.6401564753840828,0.606957364686763,8.121803303731616,665.9878709059925,2.921867941536477,239.59317120599113
kispeco01,ATL,SF,18.6,82,True,True,9.002101226122491,738.1723005420442,2.198394211023845,180.2683253039553,1.4155131476212393,116.07207810494162,0.34325746492843506,28.147112124131674,0.16986416886774133,13.928861847154788,1.5098875931839284,123.81078264108213,0.8316240172060555,68.19316941089654,0.4674042895569226,0.7961850611265875,7.005253174626198,574.4307603193482,1.550902024309322,127.17396599336439
knechda01,LAL,SF,10.2,82,True,True,4.64547268331871,380.9287600321342,1.4681764750259796,120.39047095213033,0.4675276449410152,38.337266885163245,0.21381607954324663,17.532918522546225,0.126318475192728,10.358114965803697,0.804732133067879,65.98803491156609,0.37259553921735244,30.5528342158229,0.46163608358144975,0.7696521670347258,3.876613463540026,317.8823040102821,0.7627648006821923,62.54671365593977
knuepko01,CHO,SF,31.5,82,True,True,17.45317569458338,1431.160406955837,5.046879534416686,413.84412182216823,3.088067215663508,253.22151168440766,0.7036441237882762,57.69881815063865,0.2692785701457134,22.0808427519485,3.1357934524617637,257.1350631018646,1.847332006036148,151.48122449496412,0.4483380477409125,0.7742167199857815,12.620604735065406,1034.8895882753634,2.8034982557151427,229.8868569686417
kolekty01,NYK,PG,11.7,82,True,True,4.417348652691381,362.2225895206933,1.496918849174072,122.74734563227389,2.7038077906322058,221.71223883184086,0.4019662276442948,32.96123066683217,0.10021437594339704,8.217578827358556,0.6868693450951332,56.32328629780092,0.8817588741134401,72.3042276773021,0.43620364924458105,0.7740107613216534,4.445550514637276,364.5351422002566,0.9705010652947377,79.58108735416849
kolokch01,NOP,C,13.2,82,True,True,3.5367869725500647,290.0165317491053,3.407994985485176,279.45558880978444,0.7464462721050724,61.208594312615936,0.42821390461523867,35.11354017844957,0.6683148643163522,54.80181887394088,0.06963629056564835,5.710175826383165,0.6824850432842469,55.96377354930824,0.5162530185221633,0.7142738219443496,4.023746142252073,329.94718366467004,1.3419335624012636,110.03855211690362
konanya01,LAC,C,10.3,82,True,True,4.4071192338364575,361.3837771745895,2.8605767085761458,234.56729010324395,0.42140679749547,34.55535739462854,0.21066082234411213,17.274187432217193,0.5448814015151516,44.68027492424243,0.07732801094436735,6.340896897438123,0.6028206351010102,49.43129207828284,0.564166726084373,0.7140320346320348,3.3238436563057037,272.5551798170677,1.3476233703102451,110.5051163654401
kornelu01,SAS,C,21.0,82,True,True,6.672939778395019,547.1810618283915,5.8699437921379385,481.33539095531097,1.7752968063332584,145.5743381193272,0.4741109029444276,38.877094041443065,0.9440303532030585,77.4104889626508,0.02317760534943277,1.9005636386534872,0.5257374189726375,43.110468355756275,0.6147002000994628,0.7662893631850324,4.730927788740296,387.93607867670426,1.8399372010367556,150.87485048501395
krejcvi01,POR,PG,21.4,82,True,True,7.993751179286138,655.4875967014633,2.436836332590455,199.82057927241732,1.9937511592525934,163.48759505871266,0.7108961932871098,58.293487849543006,0.3219281726558958,26.398110157783456,1.7891729600594222,146.7121827248726,0.8694064143700073,71.2913259783406,0.46620797632088473,0.7663399865450236,6.756473041592552,554.0307894105893,1.2985359040978388,106.47994413602278
kuminjo01,MIN,PF,23.1,82,True,True,13.553306048592075,1111.3710959845503,4.788291820347276,392.6399292684767,2.1044582188441154,172.56557394521747,0.6856967591723582,56.22713425213337,0.3998232457740326,32.78550615347067,0.8532449358777842,69.9660847419783,1.5721348176361873,128.91505504616737,0.4781070421084159,0.7145285220606058,10.248537132237427,840.380044843469,3.655780271055496,299.7739822265507
kuzmaky01,MIL,PF,26.2,82,True,True,13.334217188250742,1093.4058094365607,4.61063616858094,378.0721658236371,2.5627100511574654,210.14222419491216,0.5266032176311461,43.18146384575398,0.37872497127204463,31.05544764430766,1.2907028993507477,105.8376377467613,1.7645064971343438,144.6895327650162,0.45260839198696495,0.7062703261357021,10.894513323136389,893.3500924971838,2.747885379444619,225.32660111445875
landajo01,ATL,C,22.1,82,True,True,9.852791623998174,807.9289131678503,5.6398938396418945,462.47129485063533,1.7216677268133198,141.17675359869222,0.5234746922206316,42.92492476209179,0.5723245484138757,46.930612969937805,0.8549584372336426,70.10659185315869,0.9691885464482544,79.47346080875685,0.5098712478560657,0.6766602890775658,7.690737378620636,630.6404650468921,2.2044910938542097,180.7682696960452
laravja01,LAL,PF,25.1,82,True,True,8.619560783674906,706.8039842613423,4.14431798748999,339.8340749741792,2.0027248647569467,164.22343891006963,1.1484674503236236,94.17433092653714,0.45193940132968624,37.05903090903427,1.0315481694658382,84.58694989619873,1.2439576056316979,102.00452366179923,0.455850836355484,0.7392200292068405,7.149107292320457,586.2267979702774,2.291986623616631,187.94290313656373
larsspe01,MIA,SG,26.4,82,True,True,11.082026600051858,908.7261812042524,3.449503239541373,282.8592656423926,3.14310547880908,257.7346492623446,0.7993152183171933,65.54384790200986,0.2385861342985231,19.564063012478893,0.9945582636221301,81.55377761701466,1.32808368604352,108.90286225556864,0.47799367222176814,0.78859819698697,8.54424032371787,700.6277065448654,2.966274728240561,243.23452771572602
lavinza01,SAC,SG,31.4,82,True,True,18.921091079253834,1551.5294684988144,3.387584200849388,277.7819044696498,3.0842214592074146,252.906159655008,0.6784311745570373,55.63135631367706,0.19278106138322956,15.808047033424824,2.550061442382855,209.10503827539412,2.0490650036404023,168.023330298513,0.46864896592208544,0.8296060450392205,13.475478997073905,1104.9892777600603,3.3782839761687846,277.0192860458403
leonaka01,LAC,SF,32.1,82,True,True,21.96198596477675,1800.8828491116935,5.3262819006031865,436.7551158494613,3.227403253525077,264.64706678905634,1.1795909795669788,96.72646032449227,0.3589251527913362,29.431862528889567,2.0676791969720605,169.54969415170896,1.6839801780480923,138.08637459994358,0.44075994233040955,0.8063871780572964,15.235529306699451,1249.313403149355,4.590656547093147,376.43383686163804
leonsma01,GSW,SF,11.0,82,True,True,3.9550258192136623,324.3121171755203,2.005594593486944,164.4587566659294,0.975031248617708,79.95256238665205,0.4343067463334872,35.61315319934595,0.252162580348807,20.677331588602176,0.2877490915494064,23.595425507051328,0.6117092280949392,50.16015670378501,0.45707177659775655,0.7997110430777765,4.167558775842229,341.7398196190628,1.1963696349707384,98.10231006760056
leverca01,MIL,SG,19.2,82,True,True,8.017489533254555,657.4341417268735,2.176528523350404,178.47533891473313,2.705721409989252,221.86915561911866,0.6259113255633757,51.32472869619681,0.3970627496403292,32.559145470507,1.0386057484260833,85.16567137093884,1.0714904949511246,87.86222058599222,0.41603157690861664,0.7180581262862469,6.742431228855344,552.8793607661382,1.6737536427807231,137.2477987080193
lillada01,POR,PG,36.1,82,True,True,21.325405571968993,1748.6832569014575,3.9769696419439606,326.1115106394048,6.594871512079137,540.7794639904893,0.7414155794195803,60.79607751240558,0.1319837015958545,10.822663530860071,2.7985730616017492,229.48299105134345,2.3659559519928375,194.00838806341267,0.37497721975989223,0.826918114262707,14.867397590257685,1219.1266024011302,6.025327041191818,494.07681737772907
livelde01,DAL,C,16.4,82,True,True,6.017321875372005,493.4203937805044,5.015931289069316,411.3063657036839,1.2434639088828607,101.96404052839458,0.43751447129169585,35.87618664591906,1.011069607097956,82.90770778203239,0.022640703468286623,1.8565376843995032,0.8429337805440045,69.12057000460837,0.6481183075482996,0.607833199957174,4.325603716172144,354.6995047261158,1.535114621458999,125.87939895963792
looneke01,LAL,C,14.7,82,True,True,4.001621552526411,328.13296730716576,5.360819137910131,439.58716930863073,1.5423377737681903,126.4716974489916,0.4370687934910428,35.83964106626551,0.4270981407885554,35.02204754466154,0.047718279755450836,3.9128989399469685,0.5771223309392055,47.32403113701485,0.512382476061828,0.6534738533285431,3.648387484924272,299.1677737637903,1.3001871924712587,106.61534978264321
lopezbr01,LAC,C,21.8,82,True,True,6.684946847533549,548.165641497751,2.792433439836917,228.9795420666272,1.066132821704455,87.4228913797653,0.2702095289476104,22.157181373704052,0.6970612739722375,57.159024465723476,1.0206549513722896,83.69370601252774,0.6192935193541099,50.78206858703702,0.37115433445384705,0.6823969905352605,5.38312286803117,441.4160751785559,1.1868838311516583,97.32447415443598
loveca01,PHI,SG,20.7,82,True,True,10.331589552084983,847.1903432709686,2.3666592812666702,194.06606106386695,2.4660516927223712,202.21623880323443,0.604585491252284,49.576010282687285,0.1278989095791183,10.487710585487699,1.8529905728555571,151.94522697415567,1.1911029256832937,97.67043990603008,0.41861548943901883,0.7841533983679329,9.1502948138769,750.3241747379059,1.561504947516015,128.04340569631322
lylestr01,MIN,PF,19.6,82,True,True,6.876824652190017,563.8996214795814,4.480010092094128,367.3608275517185,1.2471322384273116,102.26484355103955,0.4838861404791864,39.67866351929328,0.33221810073297875,27.241884260104257,1.2391513071329758,101.61040718490402,0.6868349201982229,56.32046345625428,0.4313210129471196,0.712573293768546,6.094312444895516,499.73362048143235,1.6379957292799208,134.3156498009535
maluakh01,PHO,C,8.9,82,True,True,3.096985930250289,253.9528462805237,2.6048550273963036,213.5981122464969,0.24840222596741635,20.36898252932814,0.1718454384956037,14.091325956639503,0.48112141946219283,39.45195639589981,0.1315351588825881,10.785883028372224,0.5175429825504635,42.438524569138,0.49737681380276755,0.6415225156593872,2.785091029634693,228.37746443004482,0.9249382812154954,75.84493905967062
mamuksa01,LAL,C,21.9,82,True,True,11.200794001871426,918.4651081534569,5.358076435218054,439.36226768788043,1.868671482593908,153.23106157270044,0.7359958732531815,60.351661606760885,0.5473830067416694,44.88540655281689,1.452835593453883,119.1325186632184,0.9339175783381509,76.58124142372837,0.5210296935583196,0.741145034691001,8.116177424808273,665.5265488342784,2.2166736782953436,181.76724162021816
mannte01,BRK,SG,24.3,82,True,True,7.798439827290464,639.472065837818,3.163665017679254,259.42053144969884,2.351040652774073,192.78533352747397,0.6239225764740607,51.16165127087297,0.22063077359582256,18.09172343485745,0.91507779374743,75.03637908728926,0.9250223179075067,75.85183006841555,0.4660966479698343,0.773484429184613,6.529856198101337,535.4482082443096,1.4305677110430797,117.30655230553253
manntr01,WAS,PG,12.6,82,True,True,5.889890006096132,482.97098049988284,1.8193248466910463,149.1846374286658,1.873405332725152,153.61923728346247,0.5205166993354565,42.68236934550743,0.09864858411297628,8.089183897264055,0.8688450306425234,71.24529251268692,1.0033573512127962,82.27530279944929,0.4203854379729757,0.8298726365932656,5.616735534654217,460.5723138416458,1.030237618830987,84.47948474414093
manonch01,LAL,SG,5.1,82,True,True,2.0120532477996576,164.98836631957192,0.7189609430487804,58.95479733,0.47251923956906394,38.74657764466324,0.19991580096459097,16.393095679096458,0.07282873513452914,5.97195628103139,0.24915560124143837,20.430759301797945,0.24891002993818678,20.410622454931318,0.44611305381727157,0.8091400717590406,1.9027443599999998,156.02503751999998,0.48773372852126795,39.99416573874397
markkla01,UTA,PF,34.4,82,True,True,24.31855410894328,1994.121436933349,7.173436880542286,588.2218242044675,2.0206486911223984,165.69319267203667,0.9305050445822356,76.30141365574332,0.5096610178241555,41.792203461580755,2.978516568178375,244.23835859062675,1.5320062601983995,125.62451333626876,0.4594209624542912,0.8604002167302268,17.377473524229348,1424.9528289868065,5.356984488787797,439.27272808059934
marshna01,DAL,SF,29.5,82,True,True,14.530158025669412,1191.4729581048919,5.001909185129127,410.1565531805884,3.237296214464983,265.4582895861286,1.1238268920879866,92.1538051512149,0.15830599604320278,12.981091675542627,0.9499937098234572,77.89948420552349,1.6699999427255572,136.9399953034957,0.498811670932182,0.7846292920011354,11.094829424723791,909.7760128273509,3.381491602105833,277.28231137267835
martial01,TOR,SG,6.3,82,True,True,2.5915601778201225,212.50793458125005,0.830268178179191,68.08199061069367,0.5726957991615854,46.961055531250004,0.23882798145510842,19.58389447931889,0.0953955203846154,7.822432671538463,0.28171698667682926,23.1007929075,0.3284363529160217,26.93178093911378,0.4318177838577291,0.8079774364129009,2.396104675247093,196.48058337026163,0.6274452198226227,51.45050802545506
martica02,DAL,SF,14.8,82,True,True,4.569781122651279,374.7220520574049,2.326659714483535,190.78609658764987,1.289203367948488,105.71467617177602,0.5096210938454058,41.788929695323276,0.2340005075814835,19.18804162168165,0.49294386965738757,40.42139731190578,0.6981757900704548,57.250414785777295,0.42505477281684667,0.6853863309938157,4.246569244318744,348.218678034137,1.210322635676331,99.24645612545915
mashaja01,MEM,SG,21.7,82,True,True,6.733352688141757,552.134920427624,2.603465411497934,213.4841637428306,2.19097917252228,179.66029214682698,0.9758589232197205,80.02043170401707,0.37077597404778,30.40362987191796,0.7129307602599372,58.46032234131485,1.3604498903405882,111.55689100792823,0.42030282736312446,0.6999510348293081,7.472146510526371,612.7160138631624,1.7529561404506853,143.7424035169562
matkoka01,NOP,PF,14.7,82,True,True,5.971783873696,489.686277643072,3.7129876187020616,304.46498473356905,0.8582025608875199,70.37260999277663,0.415531935077604,34.07361867636353,0.7462177575523476,61.18985611929251,0.5534420096127596,45.38224478824628,0.6969643852332593,57.151079589127264,0.5586596546282064,0.754111970304958,4.7257906487982755,387.5148332014586,1.2417323985576978,101.82205668173123
maxeyty01,PHI,PG,38.0,82,True,True,27.590973581336574,2262.459833669599,3.9539140690743633,324.2209536640978,6.5022995818321885,533.1885657102395,1.672955721691351,137.18236917869078,0.6144766532814535,50.38708556907919,3.1423660562207383,257.6740166101005,2.339772662392981,191.86135831622443,0.45449403120642334,0.8755469907337979,20.956297848150736,1718.4164235483604,5.703627524952265,467.69745704608573
mcbrimi01,NYK,SG,26.3,82,True,True,11.170387294224444,915.9717581264044,2.4712988687902784,202.64650724080283,2.714240629307097,222.56773160318195,0.9681608302436976,79.3891880799832,0.22735880577768477,18.64342207377015,2.289866595686556,187.7690608462976,0.7825769986470185,64.17131388905551,0.4284552616984174,0.8149849113850705,9.505756810503406,779.4720584612793,1.4269435421428003,117.00937045570963
mccaija01,OKC,SG,17.3,82,True,True,8.551009148898297,701.1827502096603,1.9191634349826636,157.37140166857841,1.3833573521153748,113.43530287346073,0.5062569126729712,41.513066839183644,0.07770239561578902,6.3715964404947,1.4190370116373032,116.36103495425887,0.8660957062518083,71.01984791264829,0.4275604893487222,0.807442813192962,6.99663093445567,573.723736625365,1.2672715880984673,103.91627022407432
mccolcj01,ATL,PG,29.8,82,True,True,16.660522226979214,1366.1628226122955,3.1249035310178646,256.2420895434649,3.714419626643071,304.5824093847318,0.5923794696764872,48.575116513471954,0.31132224692991506,25.528424248253035,2.4305351053213666,199.30387863635207,1.5612949565623093,128.02618643810936,0.3974680075519144,0.7275761338340841,13.470731164686597,1104.599955504301,2.8040471078585467,229.93186284440083
mccontj01,IND,PG,17.2,82,True,True,8.351731455088704,684.8419793172737,2.11536738570551,173.46012562785182,4.580763728101911,375.6226257043567,0.7207265208200629,59.09957470724516,0.1438443463189134,11.7952363981509,0.24124457508852182,19.78205515725879,1.1674288376502076,95.72916468731702,0.4701657777096869,0.769266867991368,7.098805068844322,582.1020156452344,1.0549443837712658,86.5054394692438
mcdanja02,MIN,PF,31.7,82,True,True,13.594424269910109,1114.742790132629,4.7351544048483465,388.28266119756444,2.315321655688659,189.85637576647002,1.1819827388949216,96.92258458938356,0.9118331394843356,74.77031743771552,1.3434727053903033,110.16476184200486,1.541084966522071,126.36896725480982,0.4963534903837139,0.8014497693914696,10.93397548318902,896.5859896214996,2.265611202448082,185.78011860074272
mcgowbr01,NOP,SG,20.9,82,True,True,7.8923098940403165,647.1694113113059,2.2081689391140977,181.06985300735602,1.4182292775700494,116.29480076074405,0.6219615821268986,51.00084973440568,0.19894373014214722,16.313385871656074,0.8952421859125798,73.40985924483154,0.6395229823106383,52.440884549472344,0.4541936672056443,0.7710963490747704,6.380223590394363,523.1783344123378,2.110347273236208,173.04847640536906
mclaujo01,SAS,PG,6.4,82,True,True,2.118046995761881,173.67985365247424,0.7162885413687367,58.735660392236404,1.0249295746021043,84.04422511737255,0.3299158392365339,27.053098817395778,0.05201603614115537,4.26531496357474,0.39800965254567505,32.636791508745354,0.34983880268490575,28.68678182016227,0.4407392621635851,0.7973290518344412,2.090276431410094,171.40266737562771,0.5257850660495735,43.11437541606503
mcneeli01,CHO,SF,11.9,82,True,True,4.495900194798269,368.66381597345804,2.106680871119529,172.74783143180136,0.8071369018924107,66.18522595517769,0.27679127865211256,22.69688484947323,0.1362431275462963,11.171936458796297,0.7194129854288613,58.99186480516663,0.5567928614692625,45.65701464047953,0.42348498685484987,0.7416989795918366,4.12644249634957,338.3682847006648,1.2326237707093255,101.0751491981647
meltode01,GSW,PG,23.0,82,True,True,11.684529373352648,958.1314086149172,3.2468997708157934,266.24578120689506,2.6896306214510854,220.549710958989,1.3989422929963324,114.71326802569926,0.38950683751027737,31.939560675842745,1.5893286598470897,130.32495010746135,1.656267594450997,135.81394274498174,0.4179968105312456,0.8216370663164797,10.223614348850672,838.3363766057552,2.4908197072545284,204.24721599487134
merrisa01,CLE,SG,26.5,82,True,True,11.451500388777504,939.0230318797553,2.7172590641025085,222.8152432564057,2.3417821732840065,192.02613820928855,0.7077987439055086,58.0394970002517,0.16416578928281436,13.461594721190778,2.8894132752400967,236.93188856968794,0.7784479758652345,63.83273402094923,0.427062222586056,0.8734176145098018,9.056613782161897,742.6423301372755,1.356120233479941,111.20185914535516
middlkh01,WAS,SF,22.8,82,True,True,9.805105473613802,804.0186488363317,3.297894192669298,270.42732379888247,3.2202515704935006,264.060628780467,0.5135056909031139,42.107466654055344,0.14366910549111242,11.780866650271218,1.0536736998657485,86.40124338899138,1.4762595931004094,121.05328663423357,0.3952730232208808,0.7929097414015724,8.028323174077007,658.3225002743146,2.1280786665758624,174.50245065922073
millebr02,CHO,SF,30.3,82,True,True,18.38383512779747,1507.4744804793927,4.4674858270402575,366.3338378173011,2.917506704706754,239.23554978595385,0.9453684648146746,77.52021411480332,0.6112678983842912,50.12396766751188,2.858811025108934,234.42250405893256,2.175586664769579,178.39810651110548,0.4275267841758779,0.828834555652636,14.728072357200048,1207.701933290404,2.9467162371810915,241.6307314488495
millejo02,LAC,SF,22.1,82,True,True,9.758868830109428,800.227244068973,3.094715686450374,253.76668628893069,2.184451902426433,179.1250559989675,0.7608439066483149,62.389200345161825,0.22091672137655452,18.11517115287747,0.6288749925503148,51.56774938912581,1.1496815712277186,94.27388884067292,0.5011671081691347,0.7916116535696057,7.478684190194878,613.25210359598,2.659550433909108,218.08313558054687
millele01,CHI,SF,15.6,82,True,True,7.838793243930526,642.7810460023031,3.6743311566787,301.2951548476534,0.9412613798779212,77.18343314998954,0.43131712527099825,35.36800427222185,0.3013506846102136,24.710756138037514,0.6958398709787621,57.05886942025849,0.8374827701934788,68.67358715586526,0.49521594340157665,0.7388273284408038,6.130729092596408,502.7197855929055,1.5474626356445669,126.89193612285449
minixri01,CLE,SF,6.4,82,True,True,3.6069337215081725,295.76856516367013,1.0173590667384884,83.42344347255604,0.6360390386570567,52.15520116987865,0.21637867474218608,17.74305132885926,0.10551193168066936,8.651978397814887,0.4071556731890669,33.386765201503486,0.38098300789530337,31.240606647414875,0.476542228410154,0.8154796981674451,2.7236759267533617,223.34142599377566,0.7355054461342581,60.31144658300916
minotjo01,BRK,PF,17.0,82,True,True,7.536955951638363,618.0303880343457,3.1905093220176233,261.6217644054451,1.0193973403776169,83.59058191096459,0.7687401742553905,63.03669428894202,0.49791440099437656,40.828980881538875,1.1883286519651723,97.44294946114414,0.872572180718033,71.5509188188787,0.48211825130677904,0.7599531393170544,5.877454196974823,481.9512441519355,1.6932314536939266,138.84497920290198
missiyv01,NOP,C,19.6,82,True,True,6.148687041040575,504.19233736532715,5.784378777620614,474.31905976489037,1.122053201688633,92.0083625384679,0.34556137534124054,28.336032777981725,1.159629097683578,95.0895860100534,0.018639628186879236,1.5284495113240975,0.8583124566879831,70.3816214484146,0.5283282244646837,0.596391246532385,5.136076160858792,421.158245190421,1.9410388585089846,159.16518639773673
mitchaj01,OKC,SG,25.8,82,True,True,12.751246817920782,1045.602239069504,3.203823139852277,262.7134974678867,3.362239071998775,275.70360390389953,1.1170323354842675,91.59665150970993,0.2853285956681988,23.3969448447923,1.0732422062729878,88.005860914385,1.3747347271365546,112.72824762519748,0.4739254173206539,0.8345027052261018,9.856769777743743,808.255121774987,2.515761062298679,206.2924071084917
mitchda01,MIA,PG,28.6,82,True,True,9.438781768903594,773.9801050500947,2.639378844068528,216.4290652136193,5.7851775445272,474.3845586512304,0.96115083950933,78.81436883976507,0.20091335800110954,16.474895356090983,1.3183561749615107,108.10520634684387,1.690043593818888,138.58357469314882,0.4762502428354757,0.6986730262645614,8.404468151533052,689.1663884257102,1.5792765945712084,129.5006807548391
mitchdo01,CLE,SG,33.5,82,True,True,26.072045664035794,2137.9077444509353,4.557324237881617,373.7005875062926,5.528839214627711,453.3648155994723,1.3788085550880218,113.06230151721779,0.30843902376602517,25.291999948814063,3.1951051328370355,261.9986208926369,2.5173414925763633,206.4220023912618,0.45458151194335195,0.8380463346304047,18.661019357687557,1530.2035873303796,5.382676846387901,441.37950140380786
mobleev01,CLE,PF,31.9,82,True,True,18.32035241741502,1502.2688982280315,9.31316697496307,763.6796919469717,3.473100821545358,284.79426736671934,0.8501059778730651,69.70869018559134,1.6200732834792895,132.84600924530173,0.9776836167035478,80.17005656969091,1.9542021572878103,160.24457689760044,0.5461943411095951,0.6799697792157379,13.09758204580526,1074.0017277560312,4.387271395031232,359.756254392561
mogbojo01,SAC,PF,6.2,82,True,True,1.8719718759695059,153.5016938294995,1.5019501468871914,123.1599120447497,0.6713694996477801,55.05229897111797,0.2502127028453395,20.517441633317837,0.17134257999241703,14.050091559378197,0.07341132946111342,6.019729015811301,0.3425624911995466,28.090124278362822,0.4735161711022739,0.722303017125791,1.900991661040454,155.88131620531723,0.5669331772735646,46.4885205364323
monkma01,SAC,SG,22.0,82,True,True,12.449932837391982,1020.8944926661425,2.3099741478589837,189.41788012443666,3.6189545399713747,296.7542722776527,0.6256141284542319,51.30035853324702,0.40750425670187906,33.41534904955408,1.752878703309376,143.73605367136884,1.585996029401378,130.051674410913,0.4418383273598727,0.8558082642162973,10.061553414850916,825.0473800177751,1.989223918500289,163.1163613170237
moodymo01,GSW,SG,25.7,82,True,True,11.743685798163295,962.9822354493901,3.334052317464048,273.39229003205196,1.5358128816112602,125.93665629212333,0.9171097183559594,75.20299690518867,0.5119944189238205,41.98354235175328,2.1751066910375894,178.35874866508232,0.9532351265324819,78.16528037566351,0.4391831477100117,0.7776750054463535,9.221418931217187,756.1563523598093,2.0688798079196085,169.6481442494079
moralal01,ORL,PG,6.0,82,True,True,3.3120327523413113,271.58668569198755,0.8282100230414747,67.91322188940093,1.173862825182102,96.25675166493235,0.2282716695395223,18.718276902240827,0.06383079732197201,5.234125380401705,0.34103147762747144,27.964581165452657,0.5130501846835754,42.07011514405318,0.4633250861259004,0.8296331435800127,2.7297300970873786,223.83786796116505,0.7671049335863378,62.9026045540797
moranja01,POR,PG,28.4,82,True,True,20.30381256628022,1664.9126304349782,3.6525827677623894,299.51178695651595,7.04080550930715,577.3460517631863,1.065954130507965,87.40823870165312,0.2842055456714843,23.304854745061714,1.3978347758825913,114.62245162237248,3.1855183356908583,261.2125035266504,0.4459058965717082,0.8413995682429452,15.322673080364886,1256.4591925899206,5.100902906671359,418.27403834705143
murphtr02,NOP,SF,35.5,82,True,True,21.02458479624487,1724.0159532920793,5.640033095390139,462.4827138219914,3.569529722645846,292.70143725695937,1.314467319138014,107.78632016931715,0.5128862753999818,42.05667458279851,3.248867914816426,266.40716901494693,1.748970754791554,143.41560189290743,0.46220940432892227,0.8629323668662454,15.572669028128757,1276.958860306558,3.903209107949539,320.0631468518622
murraco01,TOR,PF,21.9,82,True,True,8.29746173942822,680.3918626331141,4.718548039292478,386.9209392219832,1.7127560360237597,140.4459949539483,0.7819733289937439,64.121812977487,0.7971564166954855,65.36682616902982,0.35432661856040687,29.054782721953362,1.0546051900874527,86.47762558717112,0.5129554512870642,0.65107854267564,6.861711836438455,562.6603705879534,2.175628044505551,178.40149964945516
murrade01,NOP,PG,27.8,82,True,True,16.26694564416583,1333.889542821598,4.6394655637920055,380.43617623094445,5.591197455197872,458.47819132622544,1.265177946336457,103.74459159958947,0.2521512253352679,20.676400477491967,1.6997095191275597,139.3761805684599,2.456216434326377,201.40974761476292,0.4365864108128728,0.808313846261729,13.530537211091328,1109.504051309489,3.061420605351519,251.03648963882458
murraja01,DEN,PG,35.4,82,True,True,23.49850014368327,1926.8770117820281,4.223854352579595,346.3560569115268,6.722303635609693,551.2288981199948,1.022223176987869,83.82230051300525,0.44253946991169185,36.28823653275873,2.84947594194029,233.6570272391038,2.1994816240078054,180.35749316864005,0.4724004798441672,0.8680847760487235,17.292140375125758,1417.955510760312,4.440858558696452,364.15040181310906
murrake02,SAC,PF,34.5,82,True,True,13.966644933572207,1145.2648845529209,6.235336871341083,511.2976234499688,1.5953183547888348,130.81610509268444,0.9500288004710937,77.90236163862969,1.0262935623812124,84.15607211525942,2.0066774356465973,164.54754972302098,0.9820921832303843,80.53155902489151,0.4464560733204297,0.8101457357762497,12.387074125653735,1015.7400783036062,1.9527723869843248,160.12733573271464
murrakr01,MEM,SF,23.4,82,True,True,6.456186795812972,529.4073172566636,3.8901437767057736,318.9917896898734,1.5016509035547878,123.1353740914926,0.8673034735011231,71.1188848270921,0.39538200000000007,32.421324000000006,0.6913523831231576,56.690895416098925,0.9731205124879025,79.79588202400801,0.4448768170492475,0.6667708129724754,6.454287036232649,529.2515369710771,1.5074755429202216,123.61299451945817
mykhasv01,UTA,SF,23.1,82,True,True,9.672907765778708,793.1784367938541,2.6854377441692114,220.20589502187534,2.030592205012575,166.50856081103115,0.5857268698425884,48.029603327092246,0.127745785989464,10.47515445113605,2.017713072636161,165.45247195616523,1.0858750176648682,89.0417514485192,0.449139467235463,0.8286270958438974,8.353928773849182,685.022159455633,1.395087683191379,114.39719002169308
nancela02,IND,PF,12.8,82,True,True,3.9996517081668364,327.97144006968057,2.741631652428781,224.81379549916005,1.0675105132988236,87.53586209050354,0.45963226094693543,37.6898453976487,0.1962551388765771,16.092921387879322,0.5118990047288918,41.97571838776913,0.531426344859112,43.57696027844718,0.4604417238022913,0.6635743018298957,3.6358189159021266,298.13715110397436,0.907788195674757,74.43863204533007
nancepe01,MIL,PF,15.7,82,True,True,5.579435451909515,457.51370705658024,2.7417974429357796,224.82739032073394,1.0726153577139126,87.95445933254084,0.3573580278613589,29.30335828463143,0.31796848110189346,26.073415450355263,1.0191812094278785,83.57285917308603,0.6768049372896761,55.498004857753436,0.4939629033759521,0.5970409012555841,5.212413695733398,427.4179230501386,1.2694488331211105,104.09480431593106
nelsogr02,BRK,PF,8.8,82,True,True,4.642681266666666,380.69986386666665,1.791155920212766,146.87478545744682,0.9583957936213993,78.58845507695474,0.26703602193146425,21.896953798380068,0.30743763279693487,25.20988588934866,0.3254590777777778,26.687644377777783,0.5477585526168225,44.916201314579446,0.4821477844311377,0.7509898266375998,3.5352678900000005,289.89196698000006,1.1590457280026991,95.04174969622133
nembhan01,IND,PG,31.3,82,True,True,14.126652550204085,1158.385509116735,3.0806727577746758,252.6151661375234,6.483786015203397,531.6704532466786,1.1101896974650431,91.03555519213354,0.16661506425317035,13.66243526875997,1.4123611037025954,115.81361050361282,2.1658116982550535,177.5965592569144,0.4584799178990654,0.8140259786097397,11.64125036341074,954.5825297996806,3.1580385456239037,258.95916074116013
nembhry01,ATL,PG,19.5,82,True,True,6.893490505567753,565.2662214565557,2.2635568651122915,185.6116629392079,4.978639802276327,408.2484637866589,0.5123250487289498,42.010653995773886,0.08545547352561207,7.00734882910019,0.8165899841544314,66.96037870066337,1.439807218586755,118.06419192411391,0.42633175725438205,0.7890287089064548,7.407870755615802,607.4454019604957,1.4871800536948476,121.9487644029775
nesmiaa01,IND,SF,29.7,82,True,True,13.799377026718446,1131.5489161909127,4.325773507451636,354.71342761103415,1.7648090542849022,144.71434245136197,0.7853353637704193,64.3974998291744,0.551473629504071,45.22083761933382,2.2193157280719356,181.9838897018987,1.2283567565428308,100.72525403651213,0.4610747305351742,0.8291286194928535,10.870344127225977,891.36821843253,2.5423205777497007,208.47028737547546
newelas01,ATL,PF,11.4,82,True,True,5.114051592029915,419.35223054645303,2.170003697747253,177.94030321527475,0.6425917126068377,52.69252043376069,0.3415871397435898,28.010145458974364,0.30401833418803414,24.9295034034188,0.6095414848183761,49.98240175510684,0.586531623525641,48.09559312910257,0.4778482051282052,0.6441968325791855,4.278278413648915,350.81882991921105,1.1777620190893663,96.57648556532804
niangge01,GSW,PF,21.5,82,True,True,8.868577354083996,727.2233430348876,3.165222831944427,259.54827221944305,1.2678260245474828,103.96173401289359,0.3160755410014514,25.918194362119017,0.1872440097718651,15.354008801292938,1.7866552132618077,146.50572748746822,0.9156847814638895,75.08615208003894,0.4265720108690488,0.7797193613925998,7.325419269677354,600.684380113543,1.213863966981892,99.53684529251515
nnajize01,DEN,PF,12.0,82,True,True,3.835554850935922,314.5154977767456,2.3787299234445825,195.05585372245577,0.5860607488636451,48.0569814068189,0.3720150849723483,30.50523696773256,0.558851587543946,45.825830178603574,0.2758396707964635,22.618853005310005,0.510010419771843,41.82085442129113,0.47876148452687073,0.7305881003037821,3.5498378658871577,291.08670500274695,1.1879881868948012,97.4150313253737
nurkiju01,UTA,C,26.4,82,True,True,10.68787028044754,876.4053629966982,9.985150046518983,818.7823038145566,3.9528023546089504,324.1297930779339,0.9575786426154774,78.52144869446914,0.7077166696501013,58.03276691130831,0.5442366569148935,44.62740586702127,2.250330992172034,184.52714135810677,0.4803187499750413,0.6196728485366328,8.547857603890291,700.9243235190039,3.1646440323747327,259.50081065472807
okogijo01,UTA,SG,17.4,82,True,True,5.634013033226271,461.9890687245542,2.8330219605476614,232.30780076490822,1.0196542448615622,83.6116480786481,0.907499167445616,74.41493173054052,0.30223349529942706,24.78314661455302,0.8288147120625257,67.96280638912711,0.6799894824553868,55.75913756134172,0.4332967803726729,0.6991706435343581,4.955821038150914,406.37732512837493,1.4977471076908955,122.81526283065342
okongon01,ATL,C,31.0,82,True,True,14.726533784666536,1207.575770342656,8.448463523816581,692.7740089529597,2.7207450571219782,223.10109468400222,1.0173617889344428,83.42366669262431,1.0769676018255634,88.3113433496962,1.388754690350102,113.87788460870837,1.5382131472663159,126.1334780758379,0.5263741394428871,0.757249556468881,10.922359199881683,895.633454390298,3.122250080513129,256.02450660207654
okorois01,CHI,SG,26.9,82,True,True,9.389713767893886,769.9565289672986,2.994913663458588,245.58292040360422,1.7698027082184797,145.12382207391533,0.812321900880352,66.61039587218887,0.4502850577281571,36.92337473370888,1.2645101898219449,103.68983556539948,0.8072734159122066,66.19642010480094,0.4665806075398546,0.7660301924063478,7.777673181427787,637.7692008770784,1.941513178401436,159.20408062891775
onealro01,CHO,SF,28.4,82,True,True,9.134526807890534,749.0311982470238,4.6658888972517,382.60288957463945,2.626943038256039,215.4093291369952,0.8173135109281816,67.01970789611089,0.3794491744191524,31.114832302370495,2.409835167314553,197.60648371979335,1.131605350528607,92.79163874334577,0.3913604467544396,0.705430684347774,7.957095293204845,652.4818140427973,0.8938932798889435,73.29924895089337
oubreke01,IND,SF,31.5,82,True,True,14.315653549462972,1173.8835910559637,5.206373094434594,426.9225937436367,1.6673001090041046,136.7186089383366,1.2119083225200382,99.37648244664314,0.4718421924459497,38.691059780567876,1.4422987947927328,118.2685011730041,1.3423598676228736,110.07350914507563,0.44565264496587975,0.7518533907957838,11.678801958483804,957.6617605956719,3.1564826358776585,258.831576141968
paytoga02,GSW,SG,15.6,82,True,True,6.5056090332234096,533.4599407243196,2.9916635947727284,245.31641477136372,1.481056949921446,121.44666989355858,0.6685211770253902,54.81873651608199,0.23259944880579797,19.073154802075432,0.4884720320912817,40.0547066314851,0.7037995589120504,57.71156383078813,0.5092837747735542,0.6900794364221831,5.064088490467696,415.25525621835106,0.8377089294748488,68.6921322169376
pedulse01,HOU,PG,4.4,82,True,True,2.366828299375154,194.07992054876263,0.5630987087557604,46.17409411797235,0.8083799609086432,66.28715679450875,0.15690306178239474,12.866051066156368,0.0437382591123419,3.586537247212036,0.3247191248214726,26.626968235360753,0.3304378481137234,27.095903545325317,0.4548601711890066,0.812455376344086,1.934870446435018,158.65937660767148,0.5227229776473363,42.86328416708158
pendano01,ORL,SF,12.8,82,True,True,4.005113798203898,328.41933145271963,2.8111043981825925,230.5105606509726,1.1026676029214744,90.4187434395609,0.4456531526798079,36.543558519744245,0.2476663346201863,20.308639438855277,0.5127697625930246,42.04712053262802,0.7038803115330444,57.718185545709645,0.41412864781404285,0.6967031170158404,4.254497993059777,348.86883543090175,1.136215100210072,93.16963821722591
phillju01,HOU,SF,8.9,82,True,True,2.7185371133761724,222.92004329684613,1.122405431963568,92.03724542101257,0.28235870709473243,23.15341398176806,0.3054157465833959,25.04409121983846,0.14135853209476387,11.591399631770637,0.3736969063106303,30.643146317471682,0.26736241933348354,21.92371838534565,0.4312804816018927,0.7480728926852047,2.5686896924819984,210.63255478352386,0.6786725521002449,55.65114927222008
pippesc02,MEM,PG,21.2,82,True,True,10.243325278849236,839.9526728656373,3.005501619160675,246.45113277117534,4.326608241402998,354.78187579504583,1.2902089799678338,105.79713635736238,0.3531722735491351,28.960126431029078,1.1047357977661822,90.58833541682695,1.9081727703264053,156.47016716676524,0.47399367775544315,0.7605881509755322,8.349884647023165,684.6905410558995,2.360432848751374,193.55549359761267
plowdda01,SAC,SG,26.4,82,True,True,11.234156907413956,921.2008664079444,3.139919632104699,257.47340983258533,1.3897656776366236,113.96078556620314,0.7511951944866107,61.598005947902074,0.2353020973563341,19.294771983219395,2.013198154104476,165.08224863656702,1.0359392332313997,84.94701712497478,0.44822399457364714,0.8422337456735461,9.525325073185659,781.076656001224,2.121708322075771,173.9800824102132
podzibr01,GSW,SG,28.4,82,True,True,12.468056963717741,1022.3806710248548,5.2066696152005925,426.94690844644856,3.5870277364556777,294.13627438936555,1.0153725764831791,83.26055127162068,0.1931413211083272,15.83758833088283,1.7473473525309835,143.28248290754064,1.4136434951815717,115.91876660488889,0.443863779837504,0.7421666707123797,10.06786249188196,825.5647243343208,2.2634907854598647,185.6062444077089
poeltja01,TOR,C,25.0,82,True,True,10.791838967372126,884.9307953245143,7.309420043941978,599.3724436032422,2.156051635844099,176.7962341392161,0.7692839912533447,63.08128728277426,0.8752191379968606,71.76796931574256,0.01824244001968735,1.4958800816143627,1.3938088718097896,114.29232748840275,0.6199880955328415,0.6327536348804271,7.526754291834417,617.1938519304222,2.339811680119069,191.86455776976368
poolejo01,NOP,PG,23.9,82,True,True,14.661120240432227,1202.2118597154426,2.2129200743906727,181.45944610003517,3.3967064614362186,278.52992983776994,0.8289380271079863,67.97291822285487,0.3117152346836088,25.56064924405592,2.3882051553994805,195.8328227427574,2.0442893378252296,167.6317257016688,0.41539204292232595,0.8653010897364097,11.839930383380558,970.8742914372058,2.8705386359583946,235.38416814858837
portecr01,CLE,PG,17.9,82,True,True,5.638793992646463,462.38110739701,3.1271183750621465,256.423706755096,3.1201059184469533,255.84868531265016,0.78067748667906,64.01555390768291,0.5022632906019213,41.185589829357546,0.5634766474705611,46.20508509258601,1.1273690605698734,92.44426296672962,0.468854258071119,0.7045414427547928,5.494745823786705,450.5691575505098,1.3579429313652316,111.35132037194899
porteke02,MIL,PG,33.2,82,True,True,17.382703155448485,1425.3816587467759,5.541741338110163,454.42278972503334,6.655913978228532,545.7849462147396,1.9081325747732227,156.46687113140428,0.38579567500168477,31.635245350138153,1.252548684862651,102.70899215873739,2.9101336298936293,238.6309576512776,0.45973166780156544,0.8308853687178266,14.142734111578225,1159.7041971494145,4.0378690750275545,331.10526415225945
portemi01,BRK,SF,32.5,82,True,True,19.880445420097484,1630.1965244479936,6.8493490954806004,561.6466258294092,2.33236565815624,191.25398396881167,0.7783136206341273,63.82171689199844,0.434376155281254,35.61884473306283,2.8769926583696086,235.9133979863079,1.6903661766907276,138.61002648863968,0.4815308206654128,0.8181114587793162,15.058211736545964,1234.773362396769,3.030763506400398,248.52260752483264
portibo01,MIA,PF,24.2,82,True,True,13.685049282432963,1122.174041159503,6.998678683710271,573.8916520642422,1.6618286527596515,136.2699495262914,0.6408357681653484,52.548532989558566,0.3245033294033903,26.609273011078002,1.6443205576013982,134.83428572331465,1.0918197502429212,89.52921951991954,0.4690637929917432,0.7457604619378403,11.217090170560008,919.8013939859206,1.6732341836715934,137.20520306107065
porzikr01,GSW,C,24.0,82,True,True,15.872728972369918,1301.5637757343334,5.504958238357539,451.4065755453182,1.9749975802716973,161.94980158227918,0.5458891517676712,44.762910444949036,1.1727986817256808,96.16949190150582,1.7080109090934812,140.05689454566544,1.2024474283352058,98.60068912348687,0.4727459386062891,0.7956982792462205,10.743403083798597,880.959052871485,4.063344942532591,333.19428528767247
postqu01,MEM,PF,17.3,82,True,True,8.199285280808049,672.34139302626,4.030111130539533,330.4691127042417,1.4531810828833704,119.16084879643638,0.4354900017699962,35.71018014513969,0.5183244537877777,42.50260521059777,1.516732683854522,124.37208007607082,0.889540182651304,72.94229497740693,0.4549533447417661,0.7789168038783122,7.011857927996031,574.9723500956745,1.327548849092611,108.85900562559411
pottemi01,POR,C,19.3,82,True,True,8.047883317108733,659.926432002916,4.914309288694212,402.97336167292536,1.2738314226258638,104.45417665532084,0.48234408714208066,39.552215145650614,0.43524089903650187,35.68975372099315,1.23777118415075,101.49723710036149,1.014101016964783,83.15628339111221,0.5023439313938193,0.796435404295319,6.0422342784160135,495.4632108301131,2.016271000312593,165.33422202563264
poulajo01,DAL,SG,19.5,82,True,True,9.083349898625228,744.8346916872687,2.3611585509641606,193.61500117906118,1.1954508800460342,98.0269721637748,0.6117071118633309,50.15998317279313,0.24389457831839476,19.99935542210837,2.087545837056324,171.17875863861855,0.7754973373696391,63.590781664310406,0.44155178034746656,0.8034027677691861,7.533197462282135,617.7221919071351,1.6654086717023093,136.56351107958938
poweldr01,BRK,SG,20.9,82,True,True,6.389927659428103,523.9740680731045,1.7799533701062091,145.95617634870914,1.3664949399207744,112.05258507350351,0.5483357808823528,44.96353403235293,0.2013711426128591,16.512433694254447,0.8051391317156862,66.02140880068627,0.9156177030718956,75.08065165189544,0.40034438771735104,0.7906237161531279,6.217317435981007,509.8200297504426,1.467861099809368,120.36461018436817
powelno01,CHI,SG,29.6,82,True,True,18.635109803076872,1528.0790038523035,3.0180125366129573,247.4770280022625,2.005682293861966,164.46594809668122,0.811801315841118,66.56770789897168,0.1873463240339916,15.362398570787311,2.4922321601204835,204.36303712987964,1.5186118600830836,124.52617252681286,0.4397198961556016,0.7967868633319372,13.156495979227142,1078.8326702966256,4.088512020527885,335.25798568328656
princta02,DET,SF,23.5,82,True,True,7.469585702353247,612.5060275929662,2.8358450626666847,232.53929513866814,1.5847031951001962,129.94566199821608,0.62032727466457,50.866836522494744,0.2149255367840193,17.623894016289583,1.6677108633520796,136.75229079487053,0.9187485903220837,75.33738440641086,0.4307533117007287,0.8058374424998788,6.415144627708382,526.0418594720874,0.94755242299859,77.69929868588439
pritcpa01,BOS,PG,32.4,82,True,True,16.30372302554455,1336.905288094653,4.189888477714158,343.5708551725609,4.805205769277637,394.0268730807662,0.8113785468207051,66.53304083929781,0.15831724554314514,12.9820141345379,2.923092312275753,239.69356960661173,1.3703484489933424,112.36857281745408,0.4666920289734017,0.8598994387347455,13.062190494673787,1071.0996205632505,1.8421859691469344,151.05924947004863
proctty01,CLE,PG,10.9,82,True,True,5.451482578759273,447.0215714582604,1.2973165536674605,106.37995740073175,1.5084479179925188,123.69272927538654,0.4493605056706281,36.8475614649915,0.04993715842293907,4.094846990681003,0.8775341329156249,71.95779889908124,0.814343171302477,66.77614004680312,0.4302392601031299,0.8035399251317128,4.656171771434325,381.80608525761465,1.1857154709384725,97.22866861695475
prospol01,MEM,PF,18.6,82,True,True,8.888773277794796,728.8794087791732,3.746204905424831,307.18880224483615,1.1025067905314019,90.40555682357495,0.7033809091619382,57.67723455127893,0.27099423282071067,22.221527091298274,0.9187282247652773,75.33571443075273,0.8308814125646358,68.13227583030013,0.4895641124260355,0.7262310467882633,6.760392377184227,554.3521749291067,2.3146780919841508,189.80360354270036
pullizy01,MIN,SG,8.6,82,True,True,4.478630389646226,367.24769195099054,1.0034524044756368,82.28309716700221,1.1929599717669603,97.82271768489075,0.2854062478040094,23.403312319928773,0.08841541809548932,7.250064283830124,0.4944870133427943,40.547935094109135,0.46550096751962006,38.17107933660885,0.4686275627272185,0.8320838447738645,3.397314266760523,278.5797698743629,0.856556673990523,70.23764726722288
queende01,NOP,C,25.0,82,True,True,11.175366534801618,916.3800558537328,6.742142224553794,552.8556624134111,3.3100708509970165,271.42580978175533,0.9196349296072095,75.41006422779118,0.841925062922873,69.03785515967559,0.27233705934462377,22.331638866259148,2.0986268828169727,172.08740439099176,0.46617438959198787,0.7071862395283897,8.918371450698537,731.30645895728,3.11921412355746,255.77555813171173
quetane01,BOS,C,25.3,82,True,True,10.12878054798305,830.5600049346101,8.054308276018748,660.4532786335374,1.6035297304203886,131.48943789447188,0.743102140350978,60.93437550878019,1.2526036951824409,102.71350300496015,0.02442622723980964,2.0029506336643905,1.1074924350111377,90.8143796709133,0.6294249043565097,0.7188143391280667,7.086561897162163,581.0980755672973,2.482936757921896,203.60081414959546
quickim01,TOR,PG,31.9,82,True,True,17.41201526621409,1427.7852518295554,4.086490127913586,335.09219048891407,5.921465531793884,485.5601736070985,1.1240842544486325,92.17490886478787,0.10913390712365245,8.948980384139501,2.6468177473340084,217.0390552813887,1.6522953348570886,135.48821745828127,0.4410847819312987,0.8334926515745882,13.723005251397618,1125.2864306146046,3.5208096420248642,288.70639064603887
randlju01,BRK,PF,33.0,82,True,True,19.496199734151958,1598.6883782004606,6.7386903229469715,552.5726064816516,4.718778387684039,386.9398277900912,0.7968454027331527,65.34132302411852,0.2388700690671556,19.58734566350676,1.3976007988734003,114.60326550761883,2.6456281354293836,216.94150710520944,0.46318250047021253,0.780460902659275,14.154849125208269,1160.697628267078,5.425497562178023,444.8908000985979
raynama01,SAC,C,26.5,82,True,True,12.284738207689907,1007.3485330305724,7.416543254178921,608.1565468426716,1.3905209654151127,114.02271916403924,0.5364616454562877,43.98985492741559,0.6107339892196071,50.08018711600778,0.3474274021688542,28.489046977846044,1.3328635148910986,109.29480822107008,0.5512382028680437,0.7399356165957935,9.225029474744277,756.4524169290307,2.6596696349322078,218.09291006444104
reaveau01,LAL,SG,34.5,82,True,True,20.486727720820717,1679.9116731072988,4.572396739426004,374.93653263293237,5.605549060242898,459.6550229399176,1.067401499835005,87.52692298647041,0.3583899882513113,29.387979036607526,2.394949263197265,196.38583958217572,2.525086324063134,207.057078573177,0.4762855826057082,0.862401308387294,13.878008363873374,1137.9966858376167,5.231462677941927,428.979939591238
reedpa01,DET,C,13.9,82,True,True,6.667927918385378,546.770089307601,4.368331335842508,358.20316953908565,1.1753184146291629,96.37610999959135,0.7769457685463975,63.7095530208046,0.8013313432079813,65.70917014305446,0.2077642490738476,17.036668424055502,0.8012430785554994,65.70193244155095,0.5668338906261856,0.7073969816731388,4.922567284255424,403.65051730894476,1.472049398768806,120.70805069904209
reidna01,CHO,C,26.1,82,True,True,13.464872975880716,1104.1195840222188,5.8572444545957625,480.2940452768525,2.002388375954367,164.19584682825808,0.8357194571071318,68.52899548278481,0.9416177640087323,77.21265664871605,2.0725937299183803,169.95268585330717,1.4744194698781752,120.90239653001036,0.4710784099169774,0.7444334120097382,10.845429550867998,889.3252231711758,1.947195632353527,159.67004185298921
richaja02,ORL,SG,10.9,82,True,True,4.377997748429945,358.9958153712555,1.1667462553474348,95.67319293848965,0.9938215734372472,81.49336902185426,0.34185449871265283,28.032068894437533,0.07211266089092848,5.913238193056135,0.5319909237721074,43.62325574931281,0.48171565597825766,39.50068379021713,0.439245745225271,0.7241284357615457,3.765550232362035,308.77511905368686,0.9259769968120337,75.93011373858677
richani01,MIA,C,14.6,82,True,True,6.1415863778649555,503.61008298492635,5.217148858588931,427.80620640429237,0.5045277242083599,41.37127338508551,0.23750241821048412,19.475198293259698,0.6724367481131172,55.139813345275606,0.04281789057826743,3.5110670274179294,0.970291511287987,79.56390392561494,0.58795905471533,0.714749194077969,4.318432312261514,354.11144960544414,1.9453384458798122,159.5177525621446
richawi02,GSW,SG,20.0,82,True,True,6.528589100571507,535.3443062468635,2.4677280922544664,202.35370356486624,1.36893442197021,112.25262260155722,0.9996199533360495,81.96883617355606,0.14282171136085273,11.711380331589924,1.0388728760105939,85.1875758328687,0.8361065802673228,68.56073958192047,0.45481628144505387,0.811737597297359,5.959545294401361,488.6827141409116,1.2915761531021022,105.90924455437238
rileywi01,WAS,SF,22.1,82,True,True,9.687379518142098,794.365120487652,2.731938047089318,224.0189198613241,1.7596755749010715,144.29339714188785,0.6799332098399213,55.75452320687355,0.1685452272531016,13.82070863475433,1.0095048779319995,82.77939999042395,1.1865744313746003,97.29910337271723,0.41448823072483987,0.7087188867139449,8.099577237461135,664.1653334718131,2.2301665390377923,182.87365620109895
risacza01,DAL,SF,22.4,82,True,True,9.827804874300988,805.8799996926809,3.4118507744590074,279.7717635056386,1.0643645030608557,87.27788925099017,0.7282981966856689,59.72045212822485,0.4396538347662919,36.051614450835935,1.3673513273508209,112.12280884276731,0.9578629908314827,78.54476524818159,0.4342843168353947,0.6485689942973478,8.343905665314754,684.2002645558098,1.6870524603975672,138.3383017526005
robindu01,DET,SG,27.4,82,True,True,11.933762904976998,978.5685582081138,2.5350331002208515,207.87271421810982,2.3449050515244254,192.2822142250029,0.5348821332989402,43.8603349305131,0.19684898573854076,16.14161683056034,2.710519597058954,222.26260695883423,0.9884607995911882,81.05378556647743,0.42808453963108173,0.7986063780163268,9.290451290934117,761.8170058565976,1.464512623155946,120.09003509878757
robinmi01,BOS,C,19.6,82,True,True,5.569472523697154,456.69674694316666,7.868288140231286,645.1996274989655,0.832166028886014,68.23761436865314,0.8710829408913208,71.4288011530883,1.0565878419602348,86.64020304073925,0.026133810674252172,2.142972475288678,0.759552944936639,62.2833414848044,0.6501440317018952,0.5401716242036213,4.417365425653211,362.2239649035633,1.942929916143746,159.32025312378718
rolliry01,MIL,PG,32.1,82,True,True,16.541323243595503,1356.3885059748313,4.4547343124985535,365.2882136248814,5.2746803546414185,432.5237890805963,1.4893436982697492,122.12618325811944,0.42860614659937524,35.14570402114877,2.337808905929059,191.70033028618286,2.5886243187954694,212.2671941412285,0.4682213766120931,0.7909536721208658,13.36725687170209,1096.1150634795713,2.563052733400705,210.1703241388578
ruperra01,PHI,SG,16.8,82,True,True,5.07850483594519,416.4373965475056,2.638147388530996,216.32808585954166,1.0929250076568402,89.6198506278609,0.6566294033237702,53.84361107254915,0.1323906882787067,10.85603643885395,0.6913807206418611,56.69321909263261,0.8562534164765059,70.21278015107349,0.3933953793000156,0.7523432769907317,5.162887167854252,423.35674776404863,1.0892718664648922,89.32029305012115
ryanco01,MIL,SG,24.6,82,True,True,13.784556816037735,1130.3336589150942,2.7672249039278136,226.9124421220807,1.9497062641509437,159.8759136603774,0.8809606452658885,72.23877291180285,0.26407796013412826,21.654392730998516,2.264536948113208,185.69202974528307,1.365250531452659,111.95054357911805,0.4732267809084418,0.8435822369736474,9.478134468954249,777.2070264542484,2.3804557007138007,195.19736745853166
sabondo01,SAC,C,29.7,82,True,True,15.876500943756913,1301.8730773880668,11.317082633125837,928.0007759163186,5.523128459023469,452.8965336399244,0.6773633096547047,55.54379139168579,0.37592239181199866,30.82563612858389,0.5145714175138203,42.19485623613326,2.522712464397652,206.86242208060747,0.5637605502326513,0.7222720513984606,10.871788399746848,891.4866487792415,3.8680167177967766,317.17737085933567
salauti01,CHO,PF,15.5,82,True,True,4.9684005621511345,407.408846096393,3.46299411977908,283.9655178218846,0.7900496980903284,64.78407524340693,0.37785028082380767,30.98372302755223,0.21102896215185096,17.30437489645178,0.781185802919825,64.05723583942564,0.7106686647765278,58.274830511675276,0.40642844598137673,0.6575991921342664,4.648212264851775,381.15340571784554,1.3463261694087028,110.39874589151363
sandeko01,LAC,SG,19.9,82,True,True,7.394852553973932,606.3779094258624,2.244592324937422,184.0565706448686,1.6075109930172677,131.81590142741595,0.6926535499306152,56.79759109431045,0.17115639150364123,14.03482410329858,1.1655492293385394,95.57503680576023,1.1378689364155306,93.30525278607351,0.45816697514152105,0.8120700755566826,6.322020270118037,518.405662149679,1.4042501409461847,115.14851155758714
santogu01,GSW,PF,20.5,82,True,True,8.478855553270828,695.2661553682078,4.10608125896616,336.6986632352251,2.207893160111999,181.04723912918394,0.778802192642114,63.86177979665335,0.34210526385485324,28.052631636097967,1.076243095878529,88.25193386203938,1.33483507587997,109.45647622215755,0.48388910256434325,0.7266059942083369,6.801594422107429,557.7307426128092,1.960969332904478,160.79948529816718
sarafbe01,BRK,SG,20.8,82,True,True,7.217868909817043,591.8652506049975,2.0180633902944694,165.48119800414648,2.802329689173228,229.7910345122047,0.7372313670809794,60.45297210064031,0.16944073099628507,13.894139941695375,0.4842933259906851,39.71205273123618,1.676933709490418,137.50856417821427,0.39206255130490425,0.7309860817673005,6.853145846686473,561.9579594282908,1.7762732640868824,145.65440765512434
sarral01,WAS,C,27.2,82,True,True,14.066294755949981,1153.4361699878984,6.731755882572457,552.0039823709415,2.364830521232682,193.91610274107992,0.710107230564924,58.22879290632377,1.5557698139339584,127.5731247425846,1.2143580001520011,99.5773560124641,1.6460824459181482,134.97876056528816,0.4376586699410063,0.640561115954187,11.978152085415612,982.2084710040801,2.797512826979345,229.39605181230627
sassema01,DAL,PG,12.0,82,True,True,5.488549030693478,450.0610205168652,1.124237393435921,92.18746626174553,2.0709693755779477,169.8194887973917,0.49470536028381856,40.56583954327312,0.09204403736396874,7.547611063845436,0.9448140849256508,77.47475496390337,0.8498762637508952,69.68985362757341,0.4363336223049033,0.8446075742243937,4.8524677560182745,397.90235599349853,0.9204788195050136,75.47926319941112
scheiba01,BOS,SG,18.6,82,True,True,5.731551503953419,469.9872233241804,3.3254504864892134,272.6869398921155,1.5401571102632308,126.29288304158493,0.5903911362292881,48.41207317080162,0.10084147780655121,8.269001180137199,1.2531535542264995,102.75859144657296,0.6625414495562166,54.32839886360976,0.4449007542406063,0.859409655962749,5.256173657753468,431.0062399357844,0.9583030164786184,78.5808473512467
sengual01,HOU,C,33.3,82,True,True,20.02771733370976,1642.2728213642004,9.427573011696312,773.0609869590976,5.504942076853076,451.4052503019522,1.1488082805852673,94.20227900799192,0.9309765464437062,76.34007680838391,0.45525496186733644,37.330906873121585,2.786822788840794,228.5194686849451,0.5126628647083536,0.6860273884937205,15.091712208172057,1237.5204010701086,5.19618757918834,426.0873814934439
sensabr01,UTA,SF,23.5,82,True,True,13.482263061983321,1105.5455710826323,3.259258646624816,267.2592090232349,1.8411388621389841,150.9733866953967,0.688768499884333,56.479016990515305,0.17445981820005282,14.305705092404331,2.1587102817825157,177.01424310616628,1.642813554634906,134.7107114800623,0.4429200360584809,0.7983732885490737,10.414542517867698,853.9924864651513,2.2193364947699767,181.98559257113808
sextoco01,LAL,SG,23.7,82,True,True,15.506747529910012,1271.5532974526209,2.293469235675791,188.06447732541486,3.5572446301186003,291.6940596697252,0.8595297724797051,70.48144134333582,0.15079759462866577,12.365402759550593,1.5474646945676584,126.89210495454799,1.9535536753203506,160.19140137626874,0.4805625959258418,0.852948915774072,10.956908646008559,898.4665089727018,3.4490043336531575,282.8183553595589
shamela01,NYK,SG,23.0,82,True,True,9.203025370844996,754.6480804092896,1.8752503017069209,153.7705247399675,1.3281379850137867,108.9073147711305,0.6419920625386465,52.643349128169014,0.1720132628833734,14.105087556436619,1.8930360593058182,155.2289568630771,0.7292267897876724,59.79659676258914,0.4398447053446663,0.7469113302749402,7.534679461891375,617.8437158750927,1.5408875931116444,126.35278263515484
shannte01,MIN,SG,12.5,82,True,True,5.618608152800796,460.72586852966526,1.3611260700310517,111.61233774254623,1.0240039814336543,83.96832647755966,0.3462794377961803,28.394913899286784,0.09248144970654161,7.583478875936412,0.6753100226769448,55.37542185950948,0.5954639302503855,48.828042280531605,0.4581127750674203,0.815976159622875,4.521943480385884,370.7993653916425,1.314020366102283,107.7496700203872
sharpda01,BRK,C,18.7,82,True,True,8.485593771178436,695.8186892366318,6.7722590780220635,555.3252443978092,2.074573894838905,170.1150593767902,0.8609928044237198,70.60140996274502,0.6230852445505399,51.09299005314428,0.16997521489333187,13.937967621253213,1.4894318187150664,122.13340913463544,0.561990581519246,0.6879478178315152,6.176419399775533,506.4663907815937,2.255794780121301,184.9751719699467
sharpsh01,POR,SG,29.4,82,True,True,18.28949312952153,1499.7384366207657,4.241354938915253,347.79110499105076,2.579156422798198,211.49082666945225,1.044091203860629,85.61547871657157,0.18785346248230303,15.403983923548848,1.9312587670310695,158.3632188965477,2.3035340186824715,188.88978953196266,0.43867587449297557,0.7713489683076648,14.746603898896645,1209.221519709525,3.3222896036856597,272.4277475022241
sheadja01,TOR,PG,22.6,82,True,True,7.248280471213512,594.358998639508,1.81933866763324,149.18577074592568,5.120475039492846,419.8789532384134,0.8967005800879236,73.52944756720974,0.17673871829763324,14.492574900405925,1.0540021109145155,86.42817309499027,1.5075761221489838,123.62124201621667,0.39181505157028623,0.7782366540154202,7.267424043801939,595.928771591759,1.7000423121037682,139.403469592509
sheppbe01,IND,SG,21.4,82,True,True,6.770097478866213,555.1479932670295,2.9437458541845722,241.3871600431349,1.6481256262351598,135.1463013512831,0.6594036522867375,54.07109948751247,0.1373984049594426,11.266669206674294,1.2817682321065542,105.10499503273745,0.6099595414781295,50.016682401206616,0.430104650289777,0.8201318941714366,6.232351073794516,511.0527880511503,1.0550290250952155,86.51238005780766
sheppre01,HOU,SG,26.2,82,True,True,12.452154475765967,1021.0766670128094,2.842989302863433,233.12512283480152,3.1116241403060485,255.15317950509598,1.308392583063742,107.28819181122684,0.6075696961353988,49.8207150831027,2.537747740712976,208.09531473846403,1.4410644961734926,118.1672886862264,0.4137902051882981,0.7697681965250571,10.615327278374297,870.4568368266923,1.3687495399942056,112.23746227952486
siakapa01,IND,PF,33.2,82,True,True,21.26871523698029,1744.034649432384,6.5746557082263815,539.1217680745633,3.726616210493552,305.58252926047123,0.8291894710024701,67.99353662220254,0.3888222724648105,31.88342634211446,1.4590792085844784,119.64449510392723,1.7883729549466996,146.64658230562935,0.479823425693913,0.7051754822379139,15.908693468862214,1304.5128644467015,4.9389323473447835,404.99245248227226
simonan01,PHI,SG,24.9,82,True,True,15.099356622249205,1238.1472430244348,2.3967181262989965,196.53088635651773,3.2778991654919998,268.78773157034396,0.575262670516201,47.17153898232848,0.11580719032016233,9.496189606253312,2.534733897271661,207.8481795762762,1.510181632181726,123.83489383890154,0.43573315652741906,0.8879370042698025,12.149484903774882,996.2577621095403,2.0760070186651283,170.23257553054052
simpskj01,DEN,PG,12.8,82,True,True,4.633890147788108,379.9789921186249,1.7250714533510971,141.45585917478996,1.8884919801015627,154.85634236832814,0.5764257676651483,47.26691294854216,0.08767629647314029,7.189456310797504,0.5573414803641332,45.70200138985892,0.9971224527245712,81.76404112341484,0.3913217064824661,0.7764027596237855,5.1353371912127646,421.0976496794467,1.2147055639793287,99.60585624630495
simsje01,MIL,C,19.7,82,True,True,4.632701350423635,379.8815107347381,5.619821309165964,460.825347351609,1.4023472403108017,114.99247370548574,0.3345912815336931,27.436485085762836,0.4120530246492052,33.788348021234825,0.02390334066471163,1.9600739345063538,1.0778672858498464,88.3851174396874,0.6948974170085253,0.6591243928035709,3.747401528541307,307.2869253403872,1.445302957540523,118.51484251832288
slawsja01,IND,SF,23.9,82,True,True,8.638638204534336,708.3683327718156,4.310571064942866,353.46682732531497,2.703167034535618,221.65969683192068,1.1064188510689512,90.726345787654,0.6980409378409952,57.2393569029616,1.199644282696614,98.37083118112236,1.4056093702919525,115.2599683639401,0.46399814962919667,0.7831200375851539,9.003696491083861,738.3031122688766,2.501752131312753,205.14367476764573
smallja01,MEM,PG,20.2,82,True,True,9.739436855248004,798.6338221303363,3.004262579261405,246.3495314994352,3.597304885216017,294.9790005877134,0.791519085245102,64.90456499009836,0.21329505467989626,17.490194483751495,1.4209871553601572,116.52094673953289,1.451523382818336,119.02491739110356,0.45538968929348905,0.7997814132104455,8.026647888057258,658.1851268206952,2.3009179234383,188.67526972194062
smartma01,HOU,SG,28.5,82,True,True,9.664396204803598,792.480488793895,2.6017675114125316,213.34493593582758,3.1598658702443507,259.10900136003676,1.1708540429008447,96.01003151786927,0.27959435091301693,22.92673677486739,1.5772226876778568,129.33226038958426,1.5689953521866307,128.65761887930373,0.389933612366162,0.7922818403071429,8.372271947750512,686.526299715542,2.3140566831966405,189.75264802212453
smithdr01,MIA,SG,16.3,82,True,True,5.834595659523682,478.4368440809419,2.391592106499433,196.1105527329535,2.377070552157384,194.9197852769055,1.2141388103866095,99.55938245170198,0.29932739576076156,24.544846452382448,0.6441790278295512,52.82268028202319,0.8294719216130768,68.01669757227229,0.4377759164846918,0.8259781562175822,5.290650256481984,433.8333210315227,1.5071736337153425,123.58823796465809
smithja04,CHI,C,20.7,82,True,True,10.876407445888846,891.8654105628854,6.955261773606745,570.3314654357531,1.3171539598953745,108.00662471142071,0.4318553678563371,35.41214016421964,0.8235433916712303,67.53055811704088,1.4524709649668508,119.10261912728177,0.9968330734895229,81.74031202614087,0.5086329208423582,0.7452771391707715,8.069243165335003,661.6779395574703,2.1520870759712785,176.47114022964485
smithja05,HOU,PF,35.1,82,True,True,14.885664622230243,1220.62449902288,7.330392447759463,601.092180716276,1.6302091512133812,133.67715039949726,0.6671982810011245,54.71025904209221,0.8615928118364329,70.6506105705875,2.1215345768176257,173.9658352990453,1.3161711010072905,107.92603028259782,0.4429055910968223,0.7629115370780041,12.15437443134831,996.6587033705615,2.843483366253991,233.16563603282728
smithma02,TOR,SG,23.9,82,True,True,9.227051879221131,756.6182540961328,3.2764919912790695,268.6723432848837,3.1671737824074073,259.7082501574074,0.8138710438736902,66.7374255976426,0.28038561314229243,22.99162027766798,1.4492193924291938,118.8359901791939,1.1107431271100117,91.08093642302096,0.4659369131604324,0.8657963249443459,8.527943044434856,699.2913296436582,1.924916472538486,157.84315074815584
smithto05,DET,PF,9.1,82,True,True,4.373396538736639,358.6185161764044,2.540620387639678,208.33087178645357,0.8417580573874474,69.02416070577068,0.24752318832750897,20.296901442855734,0.2754771533813095,22.58912657726738,0.18134360923423423,14.870175957207207,0.5394820332468949,44.237526726245385,0.48908608195676534,0.7540436406860248,3.6186778891476004,296.7315869101032,1.2908724330675359,105.85153951153794
sochaje01,POR,PF,10.7,82,True,True,4.292109338085514,351.95296572301214,2.470057051496779,202.54467822273588,1.0359886928429465,84.95107281312161,0.3322126196777955,27.24143481357923,0.2028358850294064,16.632542572411324,0.2756986922454196,22.607292764124406,0.6234311461414346,51.121353983597636,0.47696956715600713,0.7165252380096861,3.668831579742104,300.84418953885256,0.9040133888253085,74.1290978836753
spencca01,MEM,SG,23.8,82,True,True,11.08339847804242,908.8386751994785,2.625811954391334,215.31658026008938,5.251239380668166,430.6016292147896,0.7371738724454133,60.44825754052389,0.16841263753399227,13.809836277787365,1.9796506221493038,162.3313510162429,1.2510327581433032,102.58468616775086,0.4651411249380917,0.8996774301335767,8.271306308284988,678.247117279369,2.0593770008351813,168.86891406848486
spencpa01,PHO,PG,18.6,82,True,True,7.121132655476637,583.9328777490842,2.3999521742321015,196.79607828703232,3.440470520855242,282.11858271012983,0.6884483173118078,56.45276201956824,0.10713627912795809,8.785174888492563,0.8458001768342988,69.3556145004125,1.2964667471262552,106.31027326435293,0.4278702491437388,0.7841711987340971,6.988802898914919,573.0818377110234,1.4892887577299234,122.12167813385372
stewais01,MEM,C,22.7,82,True,True,8.869978594975557,727.3382447879957,5.550017817879027,455.1014610660802,1.4399527464804969,118.07612521140075,0.37009914296474633,30.3481297231092,1.3750926034396822,112.75759348205393,0.6655988404695901,54.57910491850639,1.181065369104138,96.84736026653931,0.540057282704204,0.750847306578141,6.720996575584945,551.1217191979655,2.1184632082250032,173.71398307445025
strawju01,DEN,SG,15.1,82,True,True,6.700890491666873,549.4730203166836,1.7507676341625462,143.56294600132878,1.0329098640277325,84.69860885027407,0.4408854289044983,36.15260517016886,0.14494245285257268,11.88528113391096,1.0261062455375403,84.1407121340783,0.6398817925297664,52.47030698744084,0.4398884076269286,0.7981056961638966,5.542689530307433,454.5005414852095,1.1747110874516427,96.3263091710347
suggsja01,ORL,PG,27.6,82,True,True,14.19469630394748,1163.9650969236932,3.717086861039996,304.80112260527966,4.421606047068057,362.57169585958064,1.6081557044350754,131.86876776367617,0.6871710419094321,56.34802543657344,2.1324445304148645,174.8604514940189,2.459073113964636,201.64399534510017,0.44338030361701347,0.832054821674835,11.675493954868458,957.3905042992135,2.5738873458717784,211.05876236148583
tateja01,HOU,SF,8.8,82,True,True,2.6124485783080367,214.220783421259,1.585633933823916,130.0219825735611,0.5929084231167862,48.61849069557646,0.2884240637117159,23.650773224360705,0.09947623400962556,8.157051188789296,0.220340513555858,18.067922111580355,0.35252856850307807,28.9073426172524,0.46977322814570244,0.7058859733749799,2.5014888066519583,205.12208214546058,0.6201903304719899,50.855607098703175
tatumja01,BOS,PF,32.6,82,True,True,23.39392738445579,1918.3020455253748,7.867306674563402,645.1191473141989,4.953777891062988,406.20978706716505,1.007803875807866,82.63991781624502,0.45602174815008895,37.393783348307295,2.9425497573193864,241.2890801001897,2.405222752001727,197.2282656641416,0.45552198409338845,0.8122007361600987,17.175439047279532,1408.3860018769217,5.295605264694183,434.239631704923
terryda01,GSW,SG,11.5,82,True,True,3.5933669084147333,294.65608649000814,1.6154243070099117,132.46479317481277,1.231172262411913,100.95612551777687,0.4975387297195095,40.79817583699978,0.22761985578868404,18.664828174672092,0.43111651785809973,35.35155446436418,0.5587258893480546,45.815522926540474,0.4421720787022295,0.6782690994022071,3.3822324918252193,277.343064329668,0.8434833013813053,69.16563071326703
thierad01,LAL,SF,6.0,82,True,True,2.3948590257362787,196.37844011037487,1.0347403801814707,84.8487111748806,0.48317478974230244,39.6203327588688,0.21029723451463792,17.24437323020031,0.09110161530054646,7.47033245464481,0.16705416450803215,13.698441489658636,0.34818182943631226,28.550910013777607,0.46218708177667084,0.747426632522407,2.2624046707674745,185.5171830029329,0.6839059366197184,56.080286802816914
thompam01,HOU,PG,37.4,82,True,True,17.02077660183127,1395.703681350164,8.247118666445548,676.263730648535,4.800366192835842,393.630027812539,1.5271046888662296,125.22258448703083,0.8203438172320571,67.26819301302868,0.33821741140967315,27.7338277355932,2.3415011796419947,192.00309673064356,0.5216458435267304,0.7297848555698238,12.737393126585795,1044.4662363800353,4.446733046574434,364.6321098191036
thompau01,DET,SF,26.0,82,True,True,10.02362671707402,821.9373908000696,5.767732736836681,472.95408442060784,2.686907887066668,220.32644673946677,1.6669730895482313,136.69179334295498,0.8553940867849285,70.14231511636413,0.19995315684011375,16.396158860889326,1.4749159230920557,120.94310569354856,0.5019815554135567,0.6140489161497547,8.398554900811476,688.681501866541,2.546191074630245,208.7876681196801
thompkl01,MIA,SF,21.7,82,True,True,10.401317602113304,852.9080433732909,2.1292340486277253,174.59719198747348,1.462855735663774,119.95417032442946,0.3447521179922479,28.26967367536433,0.2147314441415148,17.607978419604212,2.310143274990898,189.43174854925365,0.895049491190029,73.39405827758237,0.35401966177065275,0.7748158690706374,8.940243982067544,733.1000065295386,1.1160128467633206,91.5130534345923
thybuma01,LAL,SG,16.0,82,True,True,4.900455788335739,401.8373746435306,1.8143278672321392,148.77488511303542,1.0363609043614348,84.98159415763766,1.3465826917550472,110.41978072391387,0.4486808242600016,36.791827589320135,1.029552857468151,84.42333431238838,0.6706804101552699,54.99579363273213,0.4262121912485979,0.7691533163419411,4.486552671702586,367.89731907961203,0.9118487101976944,74.77159423621094
tomlina01,CLE,PF,15.7,82,True,True,6.211124289054525,509.31219170247107,3.05873436370491,250.81621782380262,0.8733309050113117,71.61313421092756,0.5882083808814762,48.23308723228105,0.48761694297316815,39.98458932379979,0.46025866494285217,37.741210525313875,0.6176192831878572,50.64478122140429,0.4790779686552558,0.7669243895227341,5.719893101189961,469.0312342975768,1.5850157540621674,129.97129183309772
tonjejo01,POR,SG,7.0,82,True,True,3.369358718240818,276.2874148957471,0.9249650877086372,75.84713719210825,0.6462284771126761,52.99073512323944,0.2480834443509876,20.34284243678098,0.07259565477774821,5.952843691775353,0.5196870935169843,42.61434166839271,0.3421599151653282,28.05711304355691,0.4488335894928042,0.83154305200341,2.7854644114445066,228.40808173844954,0.7000997335890878,57.408178154305205
topicni01,OKC,PG,16.0,82,True,True,6.523780380700303,534.9499912174248,1.96026160350458,160.74145148737554,3.616927362834298,296.58804375241243,0.5603392114695339,45.94781534050178,0.11949075268817205,9.798241720430108,0.7546891500413564,61.884510303391224,1.507259458064516,123.59527556129031,0.4343265949820788,0.7114081277672359,6.56976042962963,538.7203552296297,1.7085796963946867,140.1035351043643
toppiob01,IND,PF,17.7,82,True,True,9.710109799028741,796.2290035203567,3.701416310696759,303.51613747713424,1.603040146963089,131.4492920509733,0.5093402751201775,41.76590255985456,0.32755525465133056,26.859530881409107,1.2365329177362927,101.395699254376,0.8649126581422653,70.92283796766576,0.5288151953493336,0.795093562064859,6.992468697558709,573.3824331998142,1.5923164654306077,130.56995016530982
townska01,NYK,C,31.0,82,True,True,20.121229457511834,1649.9408155159704,10.68263473788981,875.9760485069644,2.868718948616713,235.23495378657046,0.7802930106299704,63.98402687165757,0.5838732871381679,47.87760954532977,1.6292161885774874,133.59572746335397,2.399321141194071,196.74433357791384,0.500164308959562,0.8234231045685412,13.688006181254924,1122.4165068629038,4.980640985854742,408.4125608400889
traorno01,BRK,PG,22.2,82,True,True,8.523796220837776,698.9512901086975,1.7764425773028671,145.6682913388351,3.4042751818714523,279.1505649134591,0.7455524099405918,61.13529761512853,0.3305517821286788,27.105246134551663,1.0243874244507964,83.99976880496531,1.972259350726763,161.72526675959458,0.38136598508413205,0.7122031265542542,8.396683619029613,688.5280567604283,1.9499800646332623,159.89836529992752
trentga02,MIL,SG,21.2,82,True,True,8.978394519727614,736.2283506176643,1.5837919502223612,129.87093991823363,1.1495471956647114,94.26287004450634,0.68074480143434,55.82107371761588,0.06635522518714064,5.441128465345533,1.9080710407366737,156.46182534040724,0.5930030888648808,48.62625328692023,0.41754699721324684,0.8019816641199665,7.720621670086791,633.0909769471168,1.1307571391990754,92.72208541432418
tshieos01,HOU,C,16.6,82,True,True,7.43141645289627,609.3761491374942,6.2274068230313375,510.6473594885697,1.0642891025965002,87.27170641291302,0.5654539161565478,46.367221124836924,0.3115922318349145,25.55056301046299,0.061888912049488994,5.074890788058098,0.8383958963931156,68.74846350423549,0.5803333164754053,0.6827496833633296,5.636711583327549,462.21034983285904,2.025174737792173,166.0643284989582
turnemy01,MIL,C,26.9,82,True,True,13.031665593037077,1068.5965786290403,5.630493154528102,461.70043867130437,1.3764249299655889,112.86684425717829,0.6142522432768737,50.36868394870364,1.5560986737259581,127.60009124552856,1.8102917347450993,148.44392224909814,1.2995591668346713,106.56385168044305,0.4666610541613243,0.7441983864625622,9.584026737930268,785.890192510282,2.9987803268818887,245.89998680431486
tysonja01,CLE,SG,26.9,82,True,True,12.565900902581342,1030.40387401167,4.929757392789578,404.24010620874543,2.241014431648037,183.76318339513904,0.824364054688301,67.59785248444068,0.3841757529441138,31.502411741417333,1.8680602991676494,153.18094453174726,1.469594658833397,120.50676202433856,0.46789600437918927,0.7475438367358992,9.94924846207889,815.8383738904689,1.9047618905087988,156.1904750217215
vandeja01,LAL,PF,17.4,82,True,True,4.653936614734561,381.622802408234,4.554858715240907,373.49841464975435,1.2620623902381618,103.48911599952926,0.8547740123597672,70.09146901350091,0.29403821066392616,24.111133274441944,0.4180951837253476,34.283805065478504,0.8904588898300334,73.01762896606274,0.48167219044048165,0.6522571435977998,4.5756396421262435,375.202450654352,1.3902384128452447,113.99954985331007
vanvlfr01,HOU,PG,35.2,82,True,True,14.216206886337773,1165.7289646796974,3.429882390360983,281.25035600960064,6.224487896830849,510.4080075401296,1.2028755053780598,98.6357914410009,0.4838129056375424,39.67265826227848,2.594553871038353,212.75341742514493,1.5447830834089433,126.67221283953336,0.38502341956648406,0.8116363393119489,12.399890124050756,1016.7909901721621,2.840906537480042,232.95433607336346
vassede01,SAS,SG,30.5,82,True,True,15.374960231409256,1260.746738975559,3.870046928328118,317.3438481229057,2.854728271184187,234.08771823710333,0.9846484757144653,80.74117500858615,0.4001494868105919,32.81225791846854,2.4170087980262718,198.1947214381543,1.1749686394676013,96.34742843634331,0.4475904465143418,0.8085940204890139,12.545788461937866,1028.754653878905,2.2347635405860062,183.25061032805252
vucevni01,ORL,C,28.4,82,True,True,13.561123831143307,1112.0121541537512,7.592907785418429,622.6184384043112,2.925681928489335,239.90591813612548,0.45068844720926626,36.95645267115983,0.47271256259499017,38.76243013278919,1.2359960586057306,101.35167680566991,1.2164569816188322,99.74947249274425,0.44351829937092524,0.7534596620983992,11.005282049560012,902.433128063921,1.7902386436848663,146.79956878215904
vukcetr01,WAS,C,13.7,82,True,True,8.6065329907943,705.7357052451325,3.2483530911852316,266.364953477189,1.0922406436385366,89.56373277835999,0.399309082467029,32.74334476229638,0.6036126016479,49.4962333351278,0.9479666518853681,77.73326545460019,1.1084238660335684,90.89075701475261,0.49380786677961713,0.7324714772339078,5.954443925421979,488.2644018846023,1.9340384430148538,158.59115232721803
wadede01,PHI,PF,22.3,82,True,True,5.892801519202177,483.2097245745785,4.271480584870735,350.2614079594003,1.3476995225491415,110.5113608490296,0.7247019365296534,59.425558795431584,0.39980956998647466,32.78438473889092,1.3217932781996544,108.38704881237166,0.44624547974688056,36.5921293392442,0.4315690511916633,0.6878596555469354,5.4946168422282105,450.55858106271324,1.1761098959500857,96.44101146790703
wagnefr01,ORL,SF,30.0,82,True,True,20.646612481213403,1693.022223459499,5.168949859601858,423.8538884873523,3.7812058346986817,310.0588784452919,1.0476940344376562,85.9109108238878,0.3422347512048852,28.06324959880059,1.4604623301323902,119.757911070856,1.8846178804399512,154.538666196076,0.4737145064900075,0.8413582853604674,15.542834607724036,1274.512437833371,4.70579793251615,385.8754304663243
wagnemo01,BRK,C,11.9,82,True,True,7.210401098064516,591.2528900412902,3.0364711588230486,248.99063502349,0.8167851229482752,66.97638008175856,0.3790405364043155,31.081323985153873,0.18939673760937714,15.530532483968926,0.4626952302554562,37.94100888094741,0.7620814034562959,62.490675083416264,0.5299086430784571,0.7668126132133918,4.831547225351105,396.18687247879063,1.8081361162898315,148.26716153576618
walkeja01,PHI,PF,11.9,82,True,True,4.585224872845803,375.98843957335583,3.249448784306617,266.4548003131426,0.5559236797281911,45.58574173771167,0.3731745198615887,30.600310628650277,0.1715410436191858,14.066365576773235,0.412458983387384,33.82163663776549,0.49565248399020295,40.64350368719664,0.46889951380531286,0.7281658280627346,3.787420534008084,310.5684837886629,1.2386492353648004,101.56923729991364
walkeja02,IND,PF,25.7,82,True,True,10.992835174632122,901.412484319834,5.018040433343383,411.47931553415737,2.456655072810401,201.44571597045288,0.8869624871780053,72.73092394859644,0.4216401978653601,34.57449622495953,1.6569057776286746,135.8662737655513,1.7247191373909379,141.42696926605691,0.4328769843765222,0.7180420469089842,9.289559164062675,761.7438514531393,2.3785201746070097,195.03865431777479
wallaca01,OKC,SG,26.6,82,True,True,8.267282868602567,677.9171952254105,3.0143226096589184,247.17445399203132,2.297717511627609,188.41283595346394,1.5993393692764066,131.14582828066534,0.4276122765271109,35.0642066752231,1.2507259959623498,102.55953166891268,0.8797709008803544,72.14121387218906,0.4413499301469912,0.7683517185457538,7.437158038950473,609.8469591939388,1.001742355247635,82.14287313030607
walshjo01,BOS,PF,17.8,82,True,True,5.111395783888837,419.1344542788847,3.7239912634246117,305.36728360081815,0.8279955673146271,67.89563651979942,0.6244968097565025,51.2087384000332,0.4385638607196753,35.96223657901337,0.6814330623782854,55.8775111150194,0.6509181472002447,53.37528807042006,0.46849110580138625,0.7103861453047503,4.7671083316584735,390.90288319599483,1.3243657336788293,108.597990161664
walteja01,TOR,SG,20.5,82,True,True,7.614350021030215,624.3767017244776,2.593507890938561,212.66764705696198,1.2381414728382405,101.52760077273572,0.8658467445039839,70.99943304932668,0.1935085920684419,15.867704549612236,1.3694460405004643,112.29457532103807,0.683226868233672,56.0246031951611,0.42583171028773875,0.7618161256480865,6.381646188827445,523.2949874838505,1.473763620749993,120.84861690149941
wareke01,MIL,C,22.1,82,True,True,9.830382896743634,806.091397532978,7.818367714386115,641.1061525796614,0.7705791104565152,63.18748705743425,0.6547307651916955,53.68792274571903,0.995940922420565,81.66715563848634,0.8938014731441613,73.29172079782123,0.8685992519241001,71.22513865777621,0.5225755659718443,0.6887047590755343,7.65444241708849,627.6642782012563,1.554632018902491,127.47982555000425
washipj01,DAL,PF,31.0,82,True,True,14.146101433786027,1159.9803175704542,6.955135407647608,570.3211034271039,2.0129275905426804,165.0600624244998,1.0372866372368672,85.0575042534231,0.9938576495887163,81.49632726627473,1.5646074051038967,128.29780721851952,1.7427427708023635,142.90490720579382,0.45197180546455945,0.7082641623127397,11.87835080407155,974.0247659338671,3.2173848869682433,263.82556073139597
watfotr01,NOP,PF,16.3,82,True,True,7.572364401674503,620.9338809373093,3.33275298064578,273.28574441295393,2.2044990429066793,180.7689215183477,0.41693506817422177,34.18867559028619,0.36069209626650156,29.576751893853128,0.39463043623194405,32.35969577101941,1.2706194067760486,104.19079135563598,0.4985550718390714,0.7731621080453606,6.027482341047952,494.25355196593205,1.9250450626807847,157.85369513982434
watkija01,WAS,SG,20.6,82,True,True,7.663083076391773,628.3728122641254,3.6748921727384136,301.34115816454994,1.430989031581272,117.34110058966431,0.9642312876766242,79.06696558948319,0.4112755855652317,33.724598016349,1.0076552849589482,82.62773336663375,0.8864748482695952,72.69093755810681,0.4509704597996404,0.7652403542061986,6.9612437113622745,570.8219843317065,1.8805091309561461,154.20174873840398
watsope01,CLE,SF,29.6,82,True,True,12.508971671071711,1025.7356770278802,4.760736197413595,390.3803681879148,1.8989994590271608,155.7179556402272,0.8915379714581488,73.10611365956821,1.3468488861025452,110.4416086604087,1.214700172036542,99.60541410699645,1.4155429999661606,116.07452599722517,0.47515227087131384,0.7149766315931688,9.914074292925438,812.9540920198859,3.020734453623737,247.7002251971464
wellsja01,MEM,SG,26.4,82,True,True,11.515350654978617,944.2587537082466,3.209618416397913,263.1887101446289,1.6373413635180385,134.26199180847917,0.7543658169153409,61.85799698705795,0.126213613367178,10.349516296108597,1.7952624839096827,147.21152368059398,1.0192414974969768,83.5778027947521,0.4248548800114639,0.7786833048308481,9.520102179374765,780.6483787087308,2.2042187348248485,180.7459362556376
wembavi01,SAS,C,29.2,82,True,True,22.335505005924055,1831.5114104857726,10.38921152367424,851.9153449412877,3.1173845832891596,255.62553582971108,1.0018933114612674,82.15525153982392,2.9911862435747087,245.27727197312612,1.988924276550403,163.09179067713305,2.6523614921446437,217.49364235586077,0.483329685579269,0.7656080740346386,15.492796878234973,1270.4093440152678,5.137629933667364,421.28565456072386
whiteco01,CHO,SG,25.0,82,True,True,14.779803095501904,1211.943853831156,2.9859121719525707,244.8447981001108,3.479732389828415,285.33805596593004,0.5660503538191743,46.416129013172295,0.14303984448451987,11.729267247730629,2.0366516429161567,167.00543471912485,1.839993553650808,150.87947139936625,0.44986908991772395,0.8509176072503247,10.943810015764228,897.3924212926668,3.1467422954818907,258.03286822951503
whitede01,BOS,SG,34.1,82,True,True,15.455728764146846,1267.3697586600413,4.16581578678134,341.5968945160699,5.022614081716095,411.8543547007198,0.9035553680663111,74.09154018143751,0.9910017079582968,81.26214005258034,2.799573907657358,229.56506042790335,1.6296088537870437,133.62792601053758,0.40319144219657654,0.8540035712710226,12.66868874263184,1038.832476895811,2.434825630781574,199.65570172408908
wiggiaa01,ATL,SG,21.8,82,True,True,10.405879550109594,853.2821231089868,3.367164398060853,276.10748064098993,1.7022295596004455,139.58282388723654,0.8958751805897959,73.46176480836326,0.3482043236041598,28.552754535541105,1.5067434721020683,123.5529647123696,1.1066939705889993,90.74890558829794,0.47059790484013286,0.7886278894065597,8.517022467498768,698.3958423348989,1.3854200983316205,113.60444806319288
wiggian01,MIA,SF,30.3,82,True,True,15.732374931935226,1290.0547444186886,4.718055803338827,386.8805758737838,2.5251632652471003,207.06338775026222,0.9171556113066349,75.20676012714407,0.799286233814576,65.54147117279523,1.9204707193590493,157.47859898744204,1.5141307327960372,124.15872008927505,0.446456015349702,0.7634480631741105,12.506518120830346,1025.5344859080883,3.1399362667991344,257.474773877529
william01,BOS,PF,6.6,82,True,True,2.2270643569699806,182.6192772715384,1.5401048336071586,126.288596355787,0.5231408367078381,42.89754861004272,0.18171532580773198,14.900656716234021,0.24176220876303178,19.824501118568605,0.1311364316369606,10.75318739423077,0.4041528647868539,33.14053491252202,0.48160465116279066,0.7473160246885359,2.3680103577504465,194.17684933553662,0.8019821315783707,65.7625347894264
willibr03,GSW,PG,22.2,82,True,True,12.634668451257783,1036.0428130031382,2.8258725591667977,231.72154985167742,3.7631967272482845,308.5821316343593,0.917657957596833,75.24795252294031,0.26233676148212637,21.511614441534363,0.6821021255660731,55.93237429641799,1.8098987293444122,148.4116958062418,0.47374892005803393,0.8070061299965453,9.3566138040485,767.242331931977,3.710688080457836,304.2764225975426
willico04,MIN,SG,24.3,82,True,True,7.439138819689417,610.0093832145321,2.68606837353986,220.25760663026853,1.691411982520029,138.69578256664238,0.6664984420335084,54.65287224674769,0.3232624824909129,26.507523564254857,0.5369199531951862,44.027436162005266,1.033291309313137,84.72988736367724,0.41105179277245374,0.6843706015485992,7.2226364669734355,592.2561902918217,1.6397825016060124,134.462165131693
willija06,OKC,SG,28.4,82,True,True,17.780348306766122,1457.988561154822,4.314325663824706,353.77470443362586,4.645989154004705,380.9711106283858,1.2016193274264226,98.53278484896666,0.48794731444556905,40.01167978453666,1.2574157203647827,103.10808906991218,1.7856427370089367,146.42270443473282,0.4942545606830644,0.813012614837814,13.446690668069886,1102.6286347817306,3.4102801539200223,279.6429726214418
willija07,OKC,PF,19.6,82,True,True,6.99531438437733,573.615779518941,5.506367212653466,451.5221114375843,2.481568694029933,203.4886329104545,0.5239267955366028,42.96199723400143,0.628308050813544,51.52126016671061,1.4087836221578651,115.52025701694494,0.9561592855742752,78.40506141709056,0.433613893071415,0.7693688259269543,5.896420801448177,483.50650571875053,1.558771764890427,127.81928472101501
willike04,OKC,PF,15.3,82,True,True,5.769795114453934,473.12319938522256,3.136036999543211,257.1550339625433,1.3470206561626334,110.45569380533594,0.5014495020444999,41.11885916764899,0.1322964450792779,10.848308496500788,0.8368975463616326,68.62559880165388,0.6400330327371793,52.4827086844487,0.4593328772712198,0.6603586855288462,4.9941792877308675,409.5227015939311,1.0146131676587515,83.19827974801763
willima07,PHO,C,23.6,82,True,True,12.066740327496479,989.4727068547113,8.15329141570676,668.5698960879544,1.3476879707505036,110.5104136015413,0.7803189041952903,63.9861501440138,0.9443360245932483,77.43555401664636,0.023291607276995304,1.909911796713615,1.2124177507503728,99.41825556153057,0.6075585391795197,0.7512366055256365,7.963861647371291,653.0366550844459,2.9983048201867595,245.86099525531426
willipa01,CHI,PF,20.5,82,True,True,7.385396362055453,605.6025016885471,3.091538203088646,253.50613265326896,1.482772746044236,121.58736517562734,0.6782137818250896,55.61353010965735,0.4208103201326098,34.506446250874006,1.245921077567765,102.16552836055672,1.08845299876829,89.25314589899979,0.4064161811481547,0.7394552613818632,7.031760288888078,576.6043436888224,1.4730374645945896,120.78907209675634
williro04,POR,C,17.1,82,True,True,6.650540004276376,545.3442803506629,6.545801281822661,536.7557051094582,1.0455339168545783,85.73378118207542,0.5803632246698918,47.589784422931125,1.2647994765133634,103.7135570740958,0.1462673221305333,11.993920414703732,0.9044159297597286,74.16210624029775,0.6329996063681304,0.6827676874171463,5.00415265744306,410.34051791033096,1.570306988003526,128.76517301628914
willizi01,NOP,PF,29.7,82,True,True,21.96280693070056,1800.9501683174458,5.993791918988574,491.49093735706305,4.022978060296963,329.884200944351,1.0493822803351287,86.04934698748055,0.6470545078410553,53.058469642966536,0.0668704530992645,5.4833771541396885,2.342037178372274,192.04704862652648,0.5721957861806471,0.7150229232363884,14.11791745215228,1157.669231076487,6.786685366245517,556.5082000321324
willizi02,LAL,SF,22.9,82,True,True,9.975926611924073,818.025982177774,3.3860355106092106,277.65491186995524,1.2658262051184734,103.79774881971483,1.080204664132971,88.57678245890362,0.3629828811026549,29.764596250417704,1.5000746507965412,123.00612136531637,1.1496906225305397,94.27463104750426,0.4251011267880902,0.828858735549694,8.224062307832712,674.3731092422825,2.279473023395875,186.91678791846175
wilsoja03,ATL,PF,15.9,82,True,True,6.346211013917737,520.3893031412543,2.408306588606758,197.48114026575416,1.133277349288141,92.92874264162755,0.3846813138097797,31.543867732401935,0.08091637292619573,6.63514257994805,0.9733463931347712,79.81440423705124,0.6985754918881073,57.2831903348248,0.41527669768505376,0.7783136056155238,5.466945443156926,448.289526338868,1.6737855670135213,137.25041649510874
wolfda01,BRK,PF,20.8,82,True,True,8.832237712592592,724.2434924325926,4.6970348105311235,385.1568544635521,2.1040109902356905,172.5289011993266,0.5236749839478364,42.94134868372259,0.5229034493257719,42.8780828447133,1.1317660443097644,92.80481563340068,1.2145534905749853,99.5933862271488,0.4237025415198792,0.7298600093454932,7.805718316956888,640.0689019904648,2.180208517595308,178.77709844281526
youngch01,POR,SG,5.4,82,True,True,2.3282202686726006,190.91406203115324,0.7488965056197479,61.409513460819326,0.4287366003289474,35.156401226973685,0.16312672477458134,13.376391431515671,0.06998522654600302,5.738788576772247,0.4799978775348296,39.359825957856025,0.22188347237279946,18.194444734569554,0.4326560137354434,0.8216523678063283,2.084811157183114,170.95451488901534,0.4986820115603101,40.89192494794543
youngtr01,WAS,PG,25.6,82,True,True,17.497424007195793,1434.788768590055,2.153195046910599,176.56199384666914,7.950320269436125,651.9262620937623,0.9074625840658608,74.41193189340058,0.1355122807606232,11.1120070223711,2.055765694402738,168.57278694102453,3.0630420703735983,251.16944977063505,0.42838122197824574,0.8556432779141593,12.671677278692444,1039.0775368527804,5.033931673646727,412.7823972390316
zikarro01,MIN,C,7.2,82,True,True,3.3955738078074864,278.43705224021386,2.158535756733436,176.99993205214176,0.5945592397727272,48.753857661363625,0.1815421234735414,14.886454124830395,0.3078489557297748,25.24361436984153,0.1610927199197861,13.20960303342246,0.42799379559701484,35.09549123895522,0.5033853487023343,0.6533392174168874,2.5775897346759464,211.3623582434276,0.865704177537511,70.98774255807591
zubaciv01,IND,C,30.1,82,True,True,14.884394671496858,1220.5203630627425,11.217258637396773,919.8152082665354,2.2678589815784433,185.96443648943236,0.5020135639872745,41.16511224695651,1.046638651019543,85.82436938360252,0.016494627672521876,1.352559469146794,1.6298618338939608,133.64867037930478,0.603325260195717,0.6947731298574712,10.543609215149688,864.5759556422745,3.11948334236087,255.79763407359135
